task_id,asset_id,department,section_from,section_to,km_start,km_end,line,description,machine_required,power_block_required,disconnection_required,estimated_duration_min,failure_probability,failure_percentage,priority_tier,predicted_rul_days,predicted_duration_min,composite_criticality_score,rail_type,rail_age_years,cumulative_gmt,tgi_unevenness,tgi_twist,tgi_gauge,tgi_alignment,tgi_composite,tgi_category,usfd_status,usfd_defect_count,rail_temperature_c,ambient_temperature_c,destressing_temp_c,thermal_buckling_risk,maintenance_permitted_temp,rainfall_mm_7day,ballast_condition,max_speed_kmph,route_class,days_since_last_maintenance,speed_restriction_active,tsr_speed_kmph,ground_truth_failure,ground_truth_rul_days,mast_start,mast_end,contact_wire_diameter_mm,wire_wear_percentage,wire_status,catenary_wire_condition,atd_position_mm,atd_status,wire_height_at_support_mm,stagger_mm,insulator_condition,pantograph_spark_count_30d,mast_foundation_status,tower_wagon_required,asset_type,station,km_location,point_throw_time_sec,motor_peak_current_amps,insulation_resistance_megohm,total_stroke_cycles,track_circuit_voltage,track_circuit_ballast_resistance,relay_age_years,ei_error_count_30d,battery_health_percentage,last_failure_days_ago,health_index
EMERGENCY-TSK-001,EMG-TRA-35.0,TRACTION_DISTRIBUTION_OHE,GZB,DER,35.0,35.5,UP,EMERGENCY: Immediate safety hazard reported at KM 35.0 (TRACTION_DISTRIBUTION_OHE),TOWER_WAGON,True,False,90.0,0.99,99.0,CRITICAL,1,90,100.0,,,,,,,,,,,,,,,,,,,,,,,,,,,,,,,,,,,,,,,,,,,,,,,,,,,,,
TSK-TRK-0051,TRK-0051,ENGINEERING_TRACK,ALJN,TDL,164.56,165.1,DN,"Track maintenance (POOR TGI 48.3, USFD: IMR)",CSM,True,False,,0.9994,99.9,CRITICAL,1,207,94.9,60kg 90UTS,22.0,628.8,34.9,37.9,64.3,51.9,48.34,POOR,IMR,4.0,53.5,36.8,40.0,SAFE_RANGE,True,165.5,SATURATED,160.0,A,323.0,True,30.0,1.0,1.0,,,,,,,,,,,,,,,,,,,,,,,,,,,,
TSK-TRK-0693,TRK-0693,ENGINEERING_TRACK,ETW,PHD,317.65,319.37,DN,"Track maintenance (POOR TGI 29.7, USFD: OBS)",TAMPING,True,False,,0.9983,99.8,CRITICAL,1,211,94.9,60kg 90UTS,23.0,654.9,50.2,37.8,38.9,20.0,29.71,POOR,OBS,4.0,49.6,38.9,40.0,SAFE_RANGE,True,24.3,FOULED,160.0,A,102.0,True,30.0,1.0,17.0,,,,,,,,,,,,,,,,,,,,,,,,,,,,
TSK-TRK-0530,TRK-0530,ENGINEERING_TRACK,TDL,FZD,214.0,215.73,UP,"Track maintenance (POOR TGI 37.7, USFD: OBS)",TAMPING,True,False,,0.9991,99.9,CRITICAL,1,213,94.9,60kg 90UTS,25.0,757.2,33.2,52.6,75.6,30.4,37.7,POOR,OBS,5.0,37.9,21.4,40.0,SAFE_RANGE,True,165.5,FOULED,160.0,A,244.0,True,30.0,1.0,13.0,,,,,,,,,,,,,,,,,,,,,,,,,,,,
TSK-TRK-0046,TRK-0046,ENGINEERING_TRACK,PHD,CNB,438.01,439.4,DN,"Track maintenance (POOR TGI 43.1, USFD: CLEAR)",CSM,True,False,,0.9981,99.8,CRITICAL,1,203,94.9,60kg 90UTS,20.0,626.0,40.1,52.1,62.1,39.4,43.08,POOR,CLEAR,0.0,54.6,41.2,40.0,SAFE_RANGE,True,163.2,SATURATED,130.0,A,233.0,True,45.0,1.0,14.0,,,,,,,,,,,,,,,,,,,,,,,,,,,,
TSK-TRK-0212,TRK-0212,ENGINEERING_TRACK,PHD,CNB,429.39,430.59,DN,"Track maintenance (POOR TGI 40.5, USFD: IMR)",CSM,True,False,,0.9985,99.9,CRITICAL,1,214,94.9,60kg 90UTS,25.0,794.9,40.5,45.6,57.3,36.9,40.53,POOR,IMR,2.0,40.9,27.6,40.0,SAFE_RANGE,True,101.3,FOULED,130.0,A,118.0,True,45.0,1.0,2.0,,,,,,,,,,,,,,,,,,,,,,,,,,,,
TSK-TRK-0382,TRK-0382,ENGINEERING_TRACK,NDLS,GZB,2.75,3.77,UP,"Track maintenance (POOR TGI 42.1, USFD: IMR)",BCM,True,False,,0.9981,99.8,CRITICAL,1,227,94.9,60kg 90UTS,21.0,572.8,45.4,45.8,50.7,38.9,42.07,POOR,IMR,5.0,34.6,24.3,40.0,SAFE_RANGE,True,159.4,SATURATED,130.0,A,200.0,True,30.0,1.0,1.0,,,,,,,,,,,,,,,,,,,,,,,,,,,,
TSK-TRK-0400,TRK-0400,ENGINEERING_TRACK,KRJ,ALJN,122.86,124.57,UP,"Track maintenance (POOR TGI 47.5, USFD: IMR)",CSM,True,False,,0.9983,99.8,CRITICAL,1,203,94.9,60kg 90UTS,25.0,632.1,29.7,56.2,63.4,49.4,47.54,POOR,IMR,4.0,36.6,22.1,40.0,SAFE_RANGE,True,101.8,SATURATED,130.0,A,79.0,True,75.0,1.0,1.0,,,,,,,,,,,,,,,,,,,,,,,,,,,,
TSK-TRK-0131,TRK-0131,ENGINEERING_TRACK,FZD,ETW,283.31,284.83,UP,"Track maintenance (POOR TGI 38.3, USFD: IMR)",CSM,True,False,,0.9989,99.9,CRITICAL,1,200,94.9,60kg 90UTS,21.0,586.9,40.9,49.1,52.8,33.2,38.29,POOR,IMR,1.0,41.1,26.6,40.0,SAFE_RANGE,True,69.6,FOULED,160.0,A,134.0,True,45.0,1.0,1.0,,,,,,,,,,,,,,,,,,,,,,,,,,,,
TSK-TRK-0462,TRK-0462,ENGINEERING_TRACK,KRJ,ALJN,109.63,110.95,DN,"Track maintenance (POOR TGI 46.9, USFD: CLEAR)",BCM,True,False,,0.998,99.8,CRITICAL,1,236,94.9,60kg 90UTS,24.0,584.8,43.7,62.6,61.7,42.9,46.91,POOR,CLEAR,0.0,55.4,40.6,40.0,MODERATE_HEAT_EXPANSION,True,154.9,SATURATED,130.0,A,87.0,True,30.0,1.0,17.0,,,,,,,,,,,,,,,,,,,,,,,,,,,,
TSK-TRK-0072,TRK-0072,ENGINEERING_TRACK,ETW,PHD,317.02,317.87,DN,"Track maintenance (POOR TGI 40.5, USFD: CLEAR)",BCM,True,False,,0.9992,99.9,CRITICAL,3,222,94.8,60kg 90UTS,23.0,740.4,40.5,45.2,48.5,38.4,40.51,POOR,CLEAR,0.0,31.8,19.9,40.0,SAFE_RANGE,True,47.6,GOOD,160.0,A,325.0,True,45.0,1.0,19.0,,,,,,,,,,,,,,,,,,,,,,,,,,,,
TSK-TRK-0811,TRK-0811,ENGINEERING_TRACK,ETW,PHD,302.09,303.16,UP,"Track maintenance (POOR TGI 39.1, USFD: OBS)",BCM,True,False,,0.9982,99.8,CRITICAL,2,222,94.8,60kg 90UTS,25.0,828.2,26.1,53.1,45.5,40.0,39.08,POOR,OBS,3.0,44.7,33.5,40.0,SAFE_RANGE,True,130.8,SATURATED,160.0,A,136.0,True,75.0,1.0,9.0,,,,,,,,,,,,,,,,,,,,,,,,,,,,
TSK-TRK-0047,TRK-0047,ENGINEERING_TRACK,ETW,PHD,325.75,327.38,DN,"Track maintenance (AVERAGE TGI 53.0, USFD: IMR)",CSM,True,False,,0.9951,99.5,CRITICAL,1,202,94.8,60kg 90UTS,25.0,763.8,54.5,64.5,57.9,49.8,53.02,AVERAGE,IMR,4.0,46.5,34.3,40.0,SAFE_RANGE,True,13.9,GOOD,160.0,A,151.0,True,45.0,1.0,9.0,,,,,,,,,,,,,,,,,,,,,,,,,,,,
TSK-TRK-0033,TRK-0033,ENGINEERING_TRACK,KRJ,ALJN,114.35,115.38,DN,"Track maintenance (POOR TGI 42.5, USFD: IMR)",TAMPING,True,False,,0.9961,99.6,CRITICAL,1,203,94.8,60kg 90UTS,20.0,599.8,35.4,63.8,62.3,38.0,42.49,POOR,IMR,2.0,58.3,40.5,40.0,MODERATE_HEAT_EXPANSION,True,145.9,SATURATED,130.0,A,216.0,True,30.0,1.0,1.0,,,,,,,,,,,,,,,,,,,,,,,,,,,,
TSK-TRK-0778,TRK-0778,ENGINEERING_TRACK,KRJ,ALJN,105.3,106.57,DN,"Track maintenance (POOR TGI 45.0, USFD: CLEAR)",BCM,True,False,,0.9977,99.8,CRITICAL,3,224,94.7,60kg 90UTS,24.0,750.9,35.8,67.3,49.9,43.6,45.04,POOR,CLEAR,0.0,37.6,26.9,40.0,SAFE_RANGE,True,152.2,SATURATED,130.0,A,224.0,True,75.0,1.0,14.0,,,,,,,,,,,,,,,,,,,,,,,,,,,,
TSK-TRK-0715,TRK-0715,ENGINEERING_TRACK,GZB,DER,30.63,31.6,DN,"Track maintenance (POOR TGI 38.9, USFD: IMR)",CSM,True,False,,0.9988,99.9,CRITICAL,4,203,94.7,60kg 90UTS,25.0,692.8,24.1,48.3,52.9,40.0,38.94,POOR,IMR,1.0,35.1,18.7,40.0,SAFE_RANGE,True,106.7,FOULED,130.0,A,128.0,True,60.0,1.0,1.0,,,,,,,,,,,,,,,,,,,,,,,,,,,,
TSK-TRK-0747,TRK-0747,ENGINEERING_TRACK,KRJ,ALJN,122.84,123.37,DN,"Track maintenance (POOR TGI 47.0, USFD: CLEAR)",BCM,True,False,,0.9989,99.9,CRITICAL,4,222,94.7,60kg 90UTS,22.0,576.5,45.4,57.2,51.1,45.2,47.03000000000001,POOR,CLEAR,0.0,47.3,29.8,40.0,SAFE_RANGE,True,115.4,SATURATED,130.0,A,337.0,True,30.0,1.0,11.0,,,,,,,,,,,,,,,,,,,,,,,,,,,,
TSK-TRK-0827,TRK-0827,ENGINEERING_TRACK,DER,KRJ,38.16,38.84,DN,"Track maintenance (POOR TGI 49.8, USFD: OBS)",CSM,True,False,,0.9945,99.5,CRITICAL,1,204,94.7,60kg 90UTS,23.0,690.7,42.7,48.6,56.1,51.3,49.79,POOR,OBS,2.0,42.5,27.6,40.0,SAFE_RANGE,True,118.6,SATURATED,130.0,A,248.0,True,75.0,1.0,6.0,,,,,,,,,,,,,,,,,,,,,,,,,,,,
TSK-TRK-0201,TRK-0201,ENGINEERING_TRACK,FZD,ETW,231.94,233.89,UP,"Track maintenance (POOR TGI 45.0, USFD: IMR)",CSM,True,False,,0.9988,99.9,CRITICAL,4,203,94.7,60kg 90UTS,21.0,676.3,42.9,64.9,56.2,40.6,45.05,POOR,IMR,1.0,36.9,22.6,40.0,SAFE_RANGE,True,95.2,GOOD,160.0,A,119.0,True,30.0,1.0,2.0,,,,,,,,,,,,,,,,,,,,,,,,,,,,
TSK-TRK-0770,TRK-0770,ENGINEERING_TRACK,ETW,PHD,310.84,312.41,DN,"Track maintenance (POOR TGI 47.5, USFD: IMR)",CSM,True,False,,0.9988,99.9,CRITICAL,4,204,94.7,60kg 90UTS,23.0,784.6,29.2,50.5,58.8,51.3,47.55,POOR,IMR,4.0,38.2,25.0,40.0,SAFE_RANGE,True,165.8,FOULED,160.0,A,303.0,True,30.0,1.0,1.0,,,,,,,,,,,,,,,,,,,,,,,,,,,,
TSK-TRK-0006,TRK-0006,ENGINEERING_TRACK,KRJ,ALJN,123.72,124.79,DN,"Track maintenance (POOR TGI 34.7, USFD: OBS)",TAMPING,True,False,,0.9994,99.9,CRITICAL,6,200,94.6,52kg 72UTS,21.0,665.3,53.2,37.8,56.7,24.4,34.73,POOR,OBS,2.0,39.3,27.6,40.0,SAFE_RANGE,True,48.1,GOOD,130.0,A,354.0,True,30.0,1.0,11.0,,,,,,,,,,,,,,,,,,,,,,,,,,,,
TSK-TRK-0303,TRK-0303,ENGINEERING_TRACK,PHD,CNB,427.57,429.51,DN,"Track maintenance (POOR TGI 40.1, USFD: IMR)",TAMPING,True,False,,0.999,99.9,CRITICAL,6,208,94.6,60kg 90UTS,23.0,778.3,35.0,42.4,62.0,37.7,40.06,POOR,IMR,4.0,45.9,33.2,40.0,SAFE_RANGE,True,58.1,FOULED,130.0,A,85.0,True,75.0,1.0,2.0,,,,,,,,,,,,,,,,,,,,,,,,,,,,
TSK-TRK-0535,TRK-0535,ENGINEERING_TRACK,KRJ,ALJN,121.25,122.64,DN,"Track maintenance (AVERAGE TGI 52.4, USFD: OBS)",TAMPING,True,False,,0.9917,99.2,CRITICAL,2,197,94.6,52kg 72UTS,19.0,584.2,55.4,52.8,65.9,49.0,52.35,AVERAGE,OBS,5.0,47.4,36.0,40.0,SAFE_RANGE,True,120.5,SATURATED,130.0,A,298.0,True,75.0,1.0,13.0,,,,,,,,,,,,,,,,,,,,,,,,,,,,
TSK-TRK-0097,TRK-0097,ENGINEERING_TRACK,ALJN,TDL,188.49,189.5,UP,"Track maintenance (AVERAGE TGI 55.0, USFD: IMR)",BCM,True,False,,0.9919,99.2,CRITICAL,1,212,94.6,60kg 90UTS,15.0,513.9,69.6,68.9,72.8,44.9,55.03,AVERAGE,IMR,2.0,49.4,37.6,40.0,SAFE_RANGE,True,121.7,SATURATED,160.0,A,350.0,True,75.0,1.0,7.0,,,,,,,,,,,,,,,,,,,,,,,,,,,,
TSK-TRK-0559,TRK-0559,ENGINEERING_TRACK,NDLS,GZB,0.57,1.21,UP,"Track maintenance (POOR TGI 49.1, USFD: IMR)",CSM,True,False,,0.9987,99.9,CRITICAL,5,195,94.6,60kg 90UTS,20.0,555.2,57.0,36.1,57.6,47.3,49.14999999999999,POOR,IMR,1.0,35.0,20.2,40.0,SAFE_RANGE,True,67.7,GOOD,130.0,A,336.0,True,45.0,1.0,1.0,,,,,,,,,,,,,,,,,,,,,,,,,,,,
TSK-TRK-0262,TRK-0262,ENGINEERING_TRACK,GZB,DER,32.2,33.08,DN,"Track maintenance (POOR TGI 48.4, USFD: IMR)",BCM,True,False,,0.9983,99.8,CRITICAL,6,221,94.5,60kg 90UTS,22.0,727.7,54.5,67.1,54.2,42.3,48.41,POOR,IMR,2.0,34.3,19.3,40.0,SAFE_RANGE,True,130.7,GOOD,130.0,A,124.0,True,75.0,1.0,1.0,,,,,,,,,,,,,,,,,,,,,,,,,,,,
TSK-TRK-0760,TRK-0760,ENGINEERING_TRACK,TDL,FZD,212.03,213.24,DN,"Track maintenance (POOR TGI 47.9, USFD: IMR)",TAMPING,True,False,,0.9985,99.8,CRITICAL,6,199,94.5,60kg 90UTS,20.0,577.0,52.6,35.9,57.9,46.6,47.86,POOR,IMR,5.0,45.4,32.7,40.0,SAFE_RANGE,True,53.9,FOULED,160.0,A,173.0,True,45.0,1.0,1.0,,,,,,,,,,,,,,,,,,,,,,,,,,,,
TSK-TRK-0358,TRK-0358,ENGINEERING_TRACK,TDL,FZD,209.2,211.0,UP,"Track maintenance (POOR TGI 41.5, USFD: IMR)",TAMPING,True,False,,0.9995,99.9,CRITICAL,7,204,94.5,60kg 90UTS,22.0,714.2,33.8,62.4,53.8,38.5,41.48,POOR,IMR,5.0,47.2,31.6,40.0,SAFE_RANGE,True,17.1,FOULED,160.0,A,343.0,True,45.0,1.0,1.0,,,,,,,,,,,,,,,,,,,,,,,,,,,,
TSK-TRK-0056,TRK-0056,ENGINEERING_TRACK,ALJN,TDL,139.32,139.86,DN,"Track maintenance (POOR TGI 44.6, USFD: IMR)",TAMPING,True,False,,0.9988,99.9,CRITICAL,6,198,94.5,60kg 90UTS,19.0,542.4,53.8,54.5,46.8,39.6,44.65,POOR,IMR,4.0,44.0,28.3,40.0,SAFE_RANGE,True,13.7,GOOD,160.0,A,358.0,True,45.0,1.0,1.0,,,,,,,,,,,,,,,,,,,,,,,,,,,,
TSK-TRK-0028,TRK-0028,ENGINEERING_TRACK,KRJ,ALJN,100.37,101.11,DN,"Track maintenance (POOR TGI 45.3, USFD: IMR)",TAMPING,True,False,,0.9995,99.9,CRITICAL,7,194,94.5,60kg 90UTS,20.0,693.5,36.1,41.8,54.4,47.4,45.28,POOR,IMR,5.0,34.7,18.2,40.0,SAFE_RANGE,True,53.9,FOULED,130.0,A,344.0,True,30.0,1.0,1.0,,,,,,,,,,,,,,,,,,,,,,,,,,,,
TSK-TRK-0223,TRK-0223,ENGINEERING_TRACK,ALJN,TDL,143.51,144.37,DN,"Track maintenance (POOR TGI 40.1, USFD: CLEAR)",TAMPING,True,False,,0.9993,99.9,CRITICAL,7,199,94.5,60kg 90UTS,22.0,724.5,47.8,64.5,43.4,32.9,40.09,POOR,CLEAR,0.0,42.6,26.6,40.0,SAFE_RANGE,True,25.2,GOOD,160.0,A,357.0,True,30.0,1.0,18.0,,,,,,,,,,,,,,,,,,,,,,,,,,,,
TSK-TRK-0331,TRK-0331,ENGINEERING_TRACK,NDLS,GZB,11.38,12.08,UP,"Track maintenance (POOR TGI 36.6, USFD: CLEAR)",TAMPING,True,False,,0.9985,99.8,CRITICAL,7,198,94.5,52kg 72UTS,20.0,620.3,29.0,54.6,71.2,30.4,36.62,POOR,CLEAR,0.0,38.7,23.8,40.0,SAFE_RANGE,True,169.7,SATURATED,130.0,A,334.0,True,60.0,1.0,11.0,,,,,,,,,,,,,,,,,,,,,,,,,,,,
TSK-TRK-0372,TRK-0372,ENGINEERING_TRACK,GZB,DER,33.37,34.71,DN,"Track maintenance (POOR TGI 43.4, USFD: IMR)",TAMPING,True,False,,0.9989,99.9,CRITICAL,8,205,94.4,60kg 90UTS,22.0,659.1,38.9,67.2,70.9,36.3,43.37,POOR,IMR,5.0,42.2,25.4,40.0,SAFE_RANGE,True,145.5,GOOD,130.0,A,272.0,True,30.0,1.0,1.0,,,,,,,,,,,,,,,,,,,,,,,,,,,,
TSK-TRK-0128,TRK-0128,ENGINEERING_TRACK,NDLS,GZB,8.85,9.78,UP,"Track maintenance (POOR TGI 48.7, USFD: OBS)",CSM,True,False,,0.9958,99.6,CRITICAL,6,205,94.4,60kg 90UTS,20.0,537.6,39.1,46.3,58.4,50.7,48.71,POOR,OBS,4.0,44.4,30.0,40.0,SAFE_RANGE,True,142.5,SATURATED,130.0,A,26.0,True,75.0,1.0,11.0,,,,,,,,,,,,,,,,,,,,,,,,,,,,
TSK-TRK-0337,TRK-0337,ENGINEERING_TRACK,GZB,DER,30.18,31.79,UP,"Track maintenance (POOR TGI 38.8, USFD: CLEAR)",TAMPING,True,False,,0.9985,99.9,CRITICAL,8,204,94.4,60kg 90UTS,22.0,725.8,49.1,34.2,66.0,31.6,38.8,POOR,CLEAR,0.0,46.8,35.0,40.0,SAFE_RANGE,True,40.2,GOOD,130.0,A,162.0,True,75.0,1.0,23.0,,,,,,,,,,,,,,,,,,,,,,,,,,,,
TSK-TRK-0850,TRK-0850,ENGINEERING_TRACK,PHD,CNB,415.53,417.22,UP,"Track maintenance (POOR TGI 35.4, USFD: IMR)",CSM,True,False,,0.9988,99.9,CRITICAL,8,208,94.4,60kg 90UTS,25.0,751.5,45.1,35.2,51.1,29.6,35.410000000000004,POOR,IMR,1.0,37.5,22.7,40.0,SAFE_RANGE,True,32.4,FOULED,130.0,A,289.0,True,75.0,1.0,1.0,,,,,,,,,,,,,,,,,,,,,,,,,,,,
TSK-TRK-0248,TRK-0248,ENGINEERING_TRACK,DER,KRJ,62.87,64.0,DN,"Track maintenance (POOR TGI 46.3, USFD: IMR)",CSM,True,False,,0.9979,99.8,CRITICAL,7,206,94.4,52kg 72UTS,21.0,540.7,46.3,58.6,54.1,43.0,46.33,POOR,IMR,2.0,46.3,32.4,40.0,SAFE_RANGE,True,25.3,FOULED,130.0,A,166.0,True,75.0,1.0,1.0,,,,,,,,,,,,,,,,,,,,,,,,,,,,
TSK-TRK-0269,TRK-0269,ENGINEERING_TRACK,KRJ,ALJN,106.26,106.93,DN,"Track maintenance (POOR TGI 42.3, USFD: IMR)",BCM,True,False,,0.9957,99.6,CRITICAL,6,215,94.4,60kg 90UTS,21.0,564.5,48.2,37.7,54.6,39.0,42.27,POOR,IMR,5.0,51.2,41.1,40.0,SAFE_RANGE,True,65.0,FOULED,130.0,A,167.0,True,45.0,1.0,1.0,,,,,,,,,,,,,,,,,,,,,,,,,,,,
TSK-TRK-0605,TRK-0605,ENGINEERING_TRACK,ETW,PHD,352.03,352.76,DN,"Track maintenance (POOR TGI 44.3, USFD: CLEAR)",TAMPING,True,False,,0.9987,99.9,CRITICAL,8,196,94.4,60kg 90UTS,21.0,611.3,36.9,59.6,59.1,41.8,44.33,POOR,CLEAR,0.0,42.6,30.3,40.0,SAFE_RANGE,True,169.9,FOULED,160.0,A,298.0,True,45.0,1.0,20.0,,,,,,,,,,,,,,,,,,,,,,,,,,,,
TSK-TRK-0500,TRK-0500,ENGINEERING_TRACK,ETW,PHD,349.82,350.96,UP,"Track maintenance (POOR TGI 45.6, USFD: IMR)",TAMPING,True,False,,0.9993,99.9,CRITICAL,8,195,94.4,60kg 90UTS,20.0,594.1,37.0,39.6,62.0,46.8,45.64,POOR,IMR,4.0,49.9,36.7,40.0,SAFE_RANGE,True,169.0,SATURATED,160.0,A,297.0,True,30.0,1.0,1.0,,,,,,,,,,,,,,,,,,,,,,,,,,,,
TSK-TRK-0667,TRK-0667,ENGINEERING_TRACK,DER,KRJ,79.63,80.31,DN,"Track maintenance (POOR TGI 39.3, USFD: IMR)",TAMPING,True,False,,0.9974,99.7,CRITICAL,8,214,94.4,60kg 90UTS,25.0,835.0,36.3,46.6,58.1,36.0,39.33,POOR,IMR,4.0,53.5,39.5,40.0,SAFE_RANGE,True,40.4,FOULED,130.0,A,109.0,True,45.0,1.0,2.0,,,,,,,,,,,,,,,,,,,,,,,,,,,,
TSK-TRK-0126,TRK-0126,ENGINEERING_TRACK,ETW,PHD,342.49,344.13,DN,"Track maintenance (POOR TGI 44.3, USFD: OBS)",TAMPING,True,False,,0.9991,99.9,CRITICAL,9,202,94.4,52kg 72UTS,22.0,736.6,52.1,50.5,64.8,37.2,44.27,POOR,OBS,5.0,52.6,34.7,40.0,SAFE_RANGE,True,58.2,FOULED,160.0,A,326.0,True,60.0,1.0,11.0,,,,,,,,,,,,,,,,,,,,,,,,,,,,
TSK-TRK-0541,TRK-0541,ENGINEERING_TRACK,KRJ,ALJN,103.29,104.68,DN,"Track maintenance (POOR TGI 49.1, USFD: IMR)",TAMPING,True,False,,0.9958,99.6,CRITICAL,8,202,94.3,60kg 90UTS,23.0,521.1,55.9,56.9,67.6,42.5,49.13,POOR,IMR,4.0,41.0,29.3,40.0,SAFE_RANGE,True,31.2,FOULED,130.0,A,76.0,True,45.0,1.0,13.0,,,,,,,,,,,,,,,,,,,,,,,,,,,,
TSK-TRK-0059,TRK-0059,ENGINEERING_TRACK,FZD,ETW,239.03,240.31,DN,"Track maintenance (POOR TGI 34.2, USFD: CLEAR)",TAMPING,True,False,,0.999,99.9,CRITICAL,10,215,94.3,60kg 90UTS,20.0,623.3,43.4,36.4,63.3,25.9,34.19,POOR,CLEAR,0.0,45.9,32.0,40.0,SAFE_RANGE,True,78.4,FOULED,160.0,A,308.0,True,60.0,1.0,19.0,,,,,,,,,,,,,,,,,,,,,,,,,,,,
TSK-TRK-0756,TRK-0756,ENGINEERING_TRACK,KRJ,ALJN,88.08,88.6,UP,"Track maintenance (POOR TGI 42.5, USFD: OBS)",CSM,True,False,,0.9968,99.7,CRITICAL,9,199,94.3,60kg 90UTS,19.0,585.0,25.3,50.7,64.8,43.2,42.53000000000001,POOR,OBS,2.0,52.5,41.5,40.0,SAFE_RANGE,True,91.6,FOULED,130.0,A,186.0,True,75.0,1.0,15.0,,,,,,,,,,,,,,,,,,,,,,,,,,,,
TSK-TRK-0790,TRK-0790,ENGINEERING_TRACK,ALJN,TDL,198.96,200.27,UP,"Track maintenance (POOR TGI 38.2, USFD: OBS)",CSM,True,False,,0.9978,99.8,CRITICAL,9,210,94.3,60kg 90UTS,23.0,679.2,48.6,59.7,57.9,27.9,38.22,POOR,OBS,2.0,54.9,41.6,40.0,SAFE_RANGE,True,137.1,SATURATED,160.0,A,67.0,True,60.0,1.0,10.0,,,,,,,,,,,,,,,,,,,,,,,,,,,,
TSK-TRK-0776,TRK-0776,ENGINEERING_TRACK,ALJN,TDL,145.68,147.09,UP,"Track maintenance (POOR TGI 41.5, USFD: CLEAR)",CSM,True,False,,0.9985,99.9,CRITICAL,9,207,94.3,60kg 90UTS,25.0,733.1,32.0,31.5,54.0,44.2,41.470000000000006,POOR,CLEAR,0.0,44.2,32.1,40.0,SAFE_RANGE,True,138.6,SATURATED,160.0,A,149.0,True,60.0,1.0,16.0,,,,,,,,,,,,,,,,,,,,,,,,,,,,
TSK-TRK-0305,TRK-0305,ENGINEERING_TRACK,DER,KRJ,45.0,45.5,DN,"Track maintenance (POOR TGI 40.9, USFD: OBS)",TAMPING,True,False,,0.9987,99.9,CRITICAL,9,206,94.3,60kg 90UTS,25.0,857.6,45.1,60.0,72.5,31.1,40.93,POOR,OBS,1.0,35.2,22.7,40.0,SAFE_RANGE,True,145.6,GOOD,130.0,A,318.0,True,45.0,1.0,12.0,,,,,,,,,,,,,,,,,,,,,,,,,,,,
TSK-TRK-0578,TRK-0578,ENGINEERING_TRACK,ALJN,TDL,171.28,172.4,UP,"Track maintenance (POOR TGI 43.5, USFD: CLEAR)",CSM,True,False,,0.9948,99.5,CRITICAL,8,202,94.3,60kg 90UTS,20.0,576.7,32.6,57.4,50.6,43.7,43.540000000000006,POOR,CLEAR,0.0,49.2,33.5,40.0,SAFE_RANGE,True,110.2,FOULED,160.0,A,50.0,True,60.0,1.0,26.0,,,,,,,,,,,,,,,,,,,,,,,,,,,,
TSK-TRK-0607,TRK-0607,ENGINEERING_TRACK,ETW,PHD,320.66,321.65,UP,"Track maintenance (AVERAGE TGI 54.4, USFD: OBS)",BCM,True,False,,0.995,99.5,CRITICAL,9,228,94.2,60kg 90UTS,19.0,485.0,51.6,61.2,55.8,53.9,54.35999999999999,AVERAGE,OBS,3.0,33.8,23.1,40.0,SAFE_RANGE,True,152.9,SATURATED,160.0,A,351.0,True,30.0,1.0,22.0,,,,,,,,,,,,,,,,,,,,,,,,,,,,
TSK-TRK-0653,TRK-0653,ENGINEERING_TRACK,ALJN,TDL,181.72,182.48,UP,"Track maintenance (POOR TGI 40.6, USFD: OBS)",TAMPING,True,False,,0.998,99.8,CRITICAL,10,199,94.2,60kg 90UTS,24.0,593.2,38.7,52.7,41.5,39.0,40.56,POOR,OBS,1.0,36.6,19.4,40.0,SAFE_RANGE,True,56.5,GOOD,160.0,A,157.0,True,30.0,1.0,16.0,,,,,,,,,,,,,,,,,,,,,,,,,,,,
TSK-TRK-0013,TRK-0013,ENGINEERING_TRACK,PHD,CNB,431.84,433.65,DN,"Track maintenance (POOR TGI 49.5, USFD: IMR)",TAMPING,True,False,,0.9957,99.6,CRITICAL,9,204,94.2,60kg 90UTS,21.0,528.2,64.6,49.4,52.7,44.0,49.53,POOR,IMR,2.0,38.1,22.0,40.0,SAFE_RANGE,True,97.1,FOULED,130.0,A,276.0,True,30.0,1.0,1.0,,,,,,,,,,,,,,,,,,,,,,,,,,,,
TSK-TRK-0379,TRK-0379,ENGINEERING_TRACK,NDLS,GZB,3.69,4.67,UP,"Track maintenance (POOR TGI 42.2, USFD: CLEAR)",CSM,True,False,,0.9993,99.9,CRITICAL,12,201,94.2,60kg 90UTS,25.0,841.2,49.2,56.1,71.5,32.7,42.220000000000006,POOR,CLEAR,0.0,49.3,34.0,40.0,SAFE_RANGE,True,88.3,FOULED,130.0,A,298.0,True,60.0,1.0,20.0,,,,,,,,,,,,,,,,,,,,,,,,,,,,
TSK-TRK-0670,TRK-0670,ENGINEERING_TRACK,GZB,DER,25.11,25.81,DN,"Track maintenance (POOR TGI 40.0, USFD: IMR)",CSM,True,False,,0.9896,99.0,CRITICAL,7,213,94.2,60kg 90UTS,23.0,527.9,41.4,60.1,58.9,33.1,40.040000000000006,POOR,IMR,2.0,52.2,36.5,40.0,SAFE_RANGE,True,132.5,FOULED,130.0,A,136.0,True,30.0,1.0,1.0,,,,,,,,,,,,,,,,,,,,,,,,,,,,
TSK-TRK-0369,TRK-0369,ENGINEERING_TRACK,DER,KRJ,69.87,70.56,DN,"Track maintenance (POOR TGI 48.6, USFD: IMR)",CSM,True,False,,0.9984,99.8,CRITICAL,11,211,94.2,60kg 90UTS,22.0,594.2,39.6,52.8,59.3,49.1,48.59,POOR,IMR,3.0,44.2,31.1,40.0,SAFE_RANGE,True,176.3,SATURATED,130.0,A,359.0,True,45.0,1.0,1.0,,,,,,,,,,,,,,,,,,,,,,,,,,,,
TSK-TRK-0843,TRK-0843,ENGINEERING_TRACK,ALJN,TDL,200.09,200.9,UP,"Track maintenance (POOR TGI 36.5, USFD: IMR)",BCM,True,False,,0.9956,99.6,CRITICAL,11,223,94.1,60kg 90UTS,24.0,672.6,37.2,49.7,47.5,32.2,36.48,POOR,IMR,3.0,51.5,36.9,40.0,SAFE_RANGE,True,122.1,FOULED,160.0,A,80.0,True,75.0,1.0,3.0,,,,,,,,,,,,,,,,,,,,,,,,,,,,
TSK-TRK-0420,TRK-0420,ENGINEERING_TRACK,PHD,CNB,380.49,382.44,UP,"Track maintenance (POOR TGI 39.0, USFD: OBS)",TAMPING,True,False,,0.998,99.8,CRITICAL,12,207,94.1,60kg 90UTS,25.0,785.1,40.9,40.7,54.7,35.5,39.02,POOR,OBS,4.0,41.0,29.4,40.0,SAFE_RANGE,True,118.2,SATURATED,130.0,A,270.0,True,60.0,1.0,5.0,,,,,,,,,,,,,,,,,,,,,,,,,,,,
TSK-TRK-0204,TRK-0204,ENGINEERING_TRACK,NDLS,GZB,9.65,10.5,UP,"Track maintenance (POOR TGI 42.8, USFD: OBS)",CSM,True,False,,0.9984,99.8,CRITICAL,13,198,94.1,60kg 90UTS,25.0,806.9,39.9,38.3,64.7,40.8,42.760000000000005,POOR,OBS,1.0,39.5,21.6,40.0,SAFE_RANGE,True,42.1,FOULED,130.0,A,299.0,True,60.0,1.0,12.0,,,,,,,,,,,,,,,,,,,,,,,,,,,,
TSK-TRK-0477,TRK-0477,ENGINEERING_TRACK,TDL,FZD,221.69,222.45,UP,"Track maintenance (POOR TGI 40.2, USFD: IMR)",TAMPING,True,False,,0.9908,99.1,CRITICAL,9,202,94.1,60kg 90UTS,20.0,556.9,43.2,38.4,63.6,35.6,40.2,POOR,IMR,1.0,51.6,37.0,40.0,SAFE_RANGE,True,14.1,FOULED,160.0,A,33.0,True,60.0,1.0,4.0,,,,,,,,,,,,,,,,,,,,,,,,,,,,
TSK-TRK-0314,TRK-0314,ENGINEERING_TRACK,GZB,DER,28.39,29.49,DN,"Track maintenance (POOR TGI 41.9, USFD: CLEAR)",BCM,True,False,,0.9869,98.7,CRITICAL,7,216,94.1,60kg 90UTS,22.0,446.6,55.2,65.7,52.4,31.8,41.93000000000001,POOR,CLEAR,0.0,47.8,34.7,40.0,SAFE_RANGE,True,66.8,GOOD,130.0,A,200.0,True,60.0,0.0,207.0,,,,,,,,,,,,,,,,,,,,,,,,,,,,
TSK-TRK-0092,TRK-0092,ENGINEERING_TRACK,DER,KRJ,40.32,42.24,DN,"Track maintenance (POOR TGI 39.6, USFD: CLEAR)",TAMPING,True,False,,0.9954,99.5,CRITICAL,11,205,94.1,60kg 90UTS,21.0,719.1,40.4,41.5,61.6,35.4,39.63,POOR,CLEAR,0.0,49.6,35.9,40.0,SAFE_RANGE,True,54.4,FOULED,130.0,A,201.0,True,75.0,1.0,22.0,,,,,,,,,,,,,,,,,,,,,,,,,,,,
TSK-TRK-0610,TRK-0610,ENGINEERING_TRACK,ALJN,TDL,143.61,145.2,DN,"Track maintenance (POOR TGI 43.0, USFD: OBS)",CSM,True,False,,0.9969,99.7,CRITICAL,13,206,94.0,60kg 90UTS,24.0,790.3,29.6,48.6,51.4,45.1,42.98,POOR,OBS,2.0,54.5,39.7,40.0,SAFE_RANGE,True,25.9,FOULED,160.0,A,160.0,True,75.0,1.0,16.0,,,,,,,,,,,,,,,,,,,,,,,,,,,,
TSK-TRK-0003,TRK-0003,ENGINEERING_TRACK,ALJN,TDL,193.33,193.84,UP,"Track maintenance (POOR TGI 39.1, USFD: OBS)",CSM,True,False,,0.9984,99.8,CRITICAL,14,202,94.0,60kg 90UTS,23.0,539.4,38.9,57.0,51.3,34.1,39.07000000000001,POOR,OBS,3.0,39.7,22.0,40.0,SAFE_RANGE,True,60.6,FOULED,160.0,A,52.0,True,75.0,1.0,18.0,,,,,,,,,,,,,,,,,,,,,,,,,,,,
TSK-TRK-0726,TRK-0726,ENGINEERING_TRACK,ETW,PHD,346.9,348.65,UP,"Track maintenance (POOR TGI 49.0, USFD: IMR)",CSM,True,False,,0.9889,98.9,CRITICAL,10,208,93.9,60kg 90UTS,25.0,444.3,41.7,52.8,43.5,51.8,49.05,POOR,IMR,4.0,53.1,37.8,40.0,SAFE_RANGE,True,26.8,GOOD,160.0,A,171.0,True,30.0,1.0,10.0,,,,,,,,,,,,,,,,,,,,,,,,,,,,
TSK-TRK-0258,TRK-0258,ENGINEERING_TRACK,ETW,PHD,353.26,354.25,UP,"Track maintenance (POOR TGI 29.1, USFD: IMR)",BCM,True,False,,0.9923,99.2,CRITICAL,12,235,93.9,60kg 90UTS,25.0,798.6,35.3,51.5,41.4,21.2,29.07,POOR,IMR,1.0,50.7,37.0,40.0,SAFE_RANGE,True,119.5,SATURATED,160.0,A,188.0,True,30.0,1.0,1.0,,,,,,,,,,,,,,,,,,,,,,,,,,,,
TSK-TRK-0719,TRK-0719,ENGINEERING_TRACK,PHD,CNB,417.48,418.14,UP,"Track maintenance (AVERAGE TGI 55.3, USFD: IMR)",CSM,True,False,,0.9931,99.3,CRITICAL,13,176,93.9,60kg 90UTS,25.0,555.6,44.5,61.5,50.1,58.7,55.28000000000001,AVERAGE,IMR,1.0,35.2,21.8,40.0,SAFE_RANGE,True,74.2,GOOD,130.0,A,52.0,True,30.0,1.0,12.0,,,,,,,,,,,,,,,,,,,,,,,,,,,,
TSK-TRK-0053,TRK-0053,ENGINEERING_TRACK,TDL,FZD,214.4,216.22,DN,"Track maintenance (POOR TGI 41.6, USFD: CLEAR)",TAMPING,True,False,,0.999,99.9,CRITICAL,15,205,93.9,60kg 90UTS,25.0,850.6,36.8,52.4,57.0,38.9,41.64,POOR,CLEAR,0.0,45.7,29.0,40.0,SAFE_RANGE,True,84.7,FOULED,160.0,A,281.0,True,30.0,1.0,20.0,,,,,,,,,,,,,,,,,,,,,,,,,,,,
TSK-TRK-0451,TRK-0451,ENGINEERING_TRACK,DER,KRJ,43.15,43.82,DN,"Track maintenance (POOR TGI 44.8, USFD: OBS)",TAMPING,True,False,,0.992,99.2,CRITICAL,14,197,93.8,60kg 90UTS,20.0,481.1,58.5,44.2,65.8,36.8,44.78,POOR,OBS,5.0,43.4,30.8,40.0,SAFE_RANGE,True,27.4,FOULED,130.0,A,278.0,True,30.0,1.0,23.0,,,,,,,,,,,,,,,,,,,,,,,,,,,,
TSK-TRK-0817,TRK-0817,ENGINEERING_TRACK,ETW,PHD,352.93,353.65,UP,"Track maintenance (AVERAGE TGI 53.4, USFD: OBS)",CSM,True,False,,0.969,96.9,CRITICAL,1,196,93.8,60kg 90UTS,20.0,531.3,45.4,43.1,60.7,56.5,53.36,AVERAGE,OBS,2.0,34.5,18.3,40.0,SAFE_RANGE,True,116.0,SATURATED,160.0,A,201.0,True,75.0,1.0,15.0,,,,,,,,,,,,,,,,,,,,,,,,,,,,
TSK-TRK-0191,TRK-0191,ENGINEERING_TRACK,ETW,PHD,336.66,338.24,UP,"Track maintenance (POOR TGI 43.0, USFD: CLEAR)",TAMPING,True,False,,0.9942,99.4,CRITICAL,15,198,93.8,52kg 72UTS,24.0,521.8,55.6,45.7,60.9,35.3,42.96,POOR,CLEAR,0.0,41.1,25.7,40.0,SAFE_RANGE,True,34.8,FOULED,160.0,A,317.0,True,75.0,1.0,29.0,,,,,,,,,,,,,,,,,,,,,,,,,,,,
TSK-TRK-0544,TRK-0544,ENGINEERING_TRACK,FZD,ETW,272.12,273.3,DN,"Track maintenance (POOR TGI 46.5, USFD: OBS)",TAMPING,True,False,,0.997,99.7,CRITICAL,16,198,93.8,60kg 90UTS,18.0,565.2,39.0,45.8,57.9,47.2,46.49,POOR,OBS,4.0,38.7,27.2,40.0,SAFE_RANGE,True,108.8,SATURATED,160.0,A,300.0,True,75.0,1.0,5.0,,,,,,,,,,,,,,,,,,,,,,,,,,,,
TSK-TRK-0534,TRK-0534,ENGINEERING_TRACK,GZB,DER,33.72,35.02,DN,"Track maintenance (POOR TGI 45.8, USFD: IMR)",CSM,True,False,,0.9856,98.6,CRITICAL,12,199,93.7,60kg 90UTS,19.0,442.1,64.1,81.2,68.8,29.9,45.76,POOR,IMR,5.0,35.6,24.3,40.0,SAFE_RANGE,True,86.8,GOOD,130.0,A,38.0,True,60.0,1.0,14.0,,,,,,,,,,,,,,,,,,,,,,,,,,,,
TSK-TRK-0832,TRK-0832,ENGINEERING_TRACK,NDLS,GZB,3.85,5.74,DN,"Track maintenance (AVERAGE TGI 55.0, USFD: OBS)",TAMPING,True,False,,0.981,98.1,CRITICAL,9,202,93.7,60kg 90UTS,25.0,515.2,37.3,76.7,55.9,57.2,55.040000000000006,AVERAGE,OBS,3.0,52.9,35.3,40.0,SAFE_RANGE,True,120.7,SATURATED,130.0,A,345.0,True,45.0,1.0,22.0,,,,,,,,,,,,,,,,,,,,,,,,,,,,
TSK-TRK-0502,TRK-0502,ENGINEERING_TRACK,NDLS,GZB,4.56,5.72,DN,"Track maintenance (AVERAGE TGI 51.7, USFD: OBS)",BCM,True,False,,0.9955,99.5,CRITICAL,17,209,93.7,60kg 90UTS,25.0,788.8,41.3,48.4,61.1,54.1,51.67,AVERAGE,OBS,4.0,34.7,22.3,40.0,SAFE_RANGE,True,165.4,SATURATED,130.0,A,358.0,True,45.0,1.0,12.0,,,,,,,,,,,,,,,,,,,,,,,,,,,,
TSK-TRK-0602,TRK-0602,ENGINEERING_TRACK,DER,KRJ,52.89,54.07,UP,"Track maintenance (POOR TGI 38.1, USFD: CLEAR)",BCM,True,False,,0.9988,99.9,CRITICAL,20,234,93.6,60kg 90UTS,20.0,669.7,56.8,47.9,50.8,28.2,38.15,POOR,CLEAR,0.0,48.8,36.5,40.0,SAFE_RANGE,True,175.2,FOULED,130.0,A,359.0,True,45.0,1.0,18.0,,,,,,,,,,,,,,,,,,,,,,,,,,,,
TSK-TRK-0649,TRK-0649,ENGINEERING_TRACK,PHD,CNB,427.74,429.11,UP,"Track maintenance (AVERAGE TGI 51.7, USFD: OBS)",CSM,True,False,,0.9754,97.5,CRITICAL,9,215,93.5,60kg 90UTS,22.0,753.3,53.6,32.0,56.4,53.6,51.720000000000006,AVERAGE,OBS,4.0,40.1,25.0,40.0,SAFE_RANGE,True,145.6,SATURATED,130.0,A,227.0,True,30.0,1.0,15.0,,,,,,,,,,,,,,,,,,,,,,,,,,,,
TSK-TRK-0100,TRK-0100,ENGINEERING_TRACK,KRJ,ALJN,113.44,114.89,DN,"Track maintenance (POOR TGI 43.4, USFD: OBS)",BCM,True,False,,0.9932,99.3,CRITICAL,19,229,93.5,60kg 90UTS,23.0,484.0,41.5,55.9,61.7,38.9,43.4,POOR,OBS,4.0,31.4,21.0,40.0,SAFE_RANGE,True,6.7,FOULED,130.0,A,257.0,True,30.0,1.0,23.0,,,,,,,,,,,,,,,,,,,,,,,,,,,,
TSK-TRK-0508,TRK-0508,ENGINEERING_TRACK,ALJN,TDL,131.94,133.19,DN,"Track maintenance (AVERAGE TGI 54.8, USFD: IMR)",CSM,True,False,,0.9814,98.1,CRITICAL,14,195,93.4,60kg 90UTS,18.0,560.7,57.6,55.0,42.5,55.9,54.80999999999999,AVERAGE,IMR,5.0,52.9,41.0,40.0,SAFE_RANGE,True,106.0,SATURATED,160.0,A,248.0,True,75.0,1.0,1.0,,,,,,,,,,,,,,,,,,,,,,,,,,,,
TSK-TRK-0112,TRK-0112,ENGINEERING_TRACK,FZD,ETW,249.13,250.01,UP,"Track maintenance (POOR TGI 41.2, USFD: CLEAR)",CSM,True,False,,0.9984,99.8,CRITICAL,22,200,93.4,60kg 90UTS,22.0,736.1,45.2,53.5,50.7,36.2,41.18000000000001,POOR,CLEAR,0.0,36.4,19.7,40.0,SAFE_RANGE,True,16.8,FOULED,160.0,A,54.0,True,60.0,1.0,26.0,,,,,,,,,,,,,,,,,,,,,,,,,,,,
TSK-TRK-0079,TRK-0079,ENGINEERING_TRACK,FZD,ETW,230.01,231.29,DN,"Track maintenance (POOR TGI 49.0, USFD: OBS)",BCM,True,False,,0.9896,99.0,CRITICAL,18,222,93.4,60kg 90UTS,21.0,500.7,47.2,72.1,57.7,44.3,48.99999999999999,POOR,OBS,1.0,37.7,23.3,40.0,SAFE_RANGE,True,167.0,SATURATED,160.0,A,229.0,True,75.0,1.0,16.0,,,,,,,,,,,,,,,,,,,,,,,,,,,,
TSK-TRK-0422,TRK-0422,ENGINEERING_TRACK,GZB,DER,35.96,37.63,DN,"Track maintenance (POOR TGI 33.3, USFD: OBS)",TAMPING,True,False,,0.9929,99.3,CRITICAL,21,213,93.3,60kg 90UTS,22.0,503.9,32.5,52.1,51.1,27.5,33.32,POOR,OBS,5.0,33.3,23.2,40.0,SAFE_RANGE,True,126.7,SATURATED,130.0,A,51.0,True,60.0,1.0,21.0,,,,,,,,,,,,,,,,,,,,,,,,,,,,
TSK-TRK-0593,TRK-0593,ENGINEERING_TRACK,GZB,DER,31.83,32.83,UP,"Track maintenance (POOR TGI 34.9, USFD: IMR)",BCM,True,False,,0.9982,99.8,CRITICAL,25,234,93.2,60kg 90UTS,17.0,576.4,34.9,56.7,61.4,26.9,34.92999999999999,POOR,IMR,3.0,52.0,41.1,40.0,SAFE_RANGE,True,65.8,FOULED,130.0,A,321.0,True,30.0,1.0,1.0,,,,,,,,,,,,,,,,,,,,,,,,,,,,
TSK-TRK-0336,TRK-0336,ENGINEERING_TRACK,KRJ,ALJN,99.13,100.7,DN,"Track maintenance (AVERAGE TGI 50.3, USFD: IMR)",BCM,True,False,,0.9764,97.6,CRITICAL,15,242,93.1,60kg 90UTS,22.0,487.7,39.0,41.1,63.5,53.4,50.3,AVERAGE,IMR,3.0,56.7,40.0,40.0,MODERATE_HEAT_EXPANSION,True,157.8,SATURATED,130.0,A,97.0,True,60.0,1.0,13.0,,,,,,,,,,,,,,,,,,,,,,,,,,,,
TSK-TRK-0265,TRK-0265,ENGINEERING_TRACK,TDL,FZD,223.1,223.81,UP,"Track maintenance (AVERAGE TGI 51.4, USFD: IMR)",TAMPING,True,False,,0.9831,98.3,CRITICAL,20,202,93.0,60kg 90UTS,21.0,732.0,38.5,31.7,59.1,57.7,51.4,AVERAGE,IMR,2.0,34.3,19.8,40.0,SAFE_RANGE,True,109.9,FOULED,160.0,A,89.0,True,75.0,1.0,11.0,,,,,,,,,,,,,,,,,,,,,,,,,,,,
TSK-TRK-0615,TRK-0615,ENGINEERING_TRACK,ETW,PHD,332.11,333.91,DN,"Track maintenance (AVERAGE TGI 50.9, USFD: IMR)",TAMPING,True,False,,0.9844,98.4,CRITICAL,22,210,92.9,60kg 90UTS,23.0,721.4,58.5,58.9,54.5,46.4,50.88,AVERAGE,IMR,3.0,45.9,31.3,40.0,SAFE_RANGE,True,152.2,FOULED,160.0,A,88.0,True,30.0,1.0,11.0,,,,,,,,,,,,,,,,,,,,,,,,,,,,
TSK-TRK-0552,TRK-0552,ENGINEERING_TRACK,NDLS,GZB,8.23,8.86,UP,"Track maintenance (AVERAGE TGI 53.8, USFD: CLEAR)",TAMPING,True,False,,0.9731,97.3,CRITICAL,18,192,92.8,60kg 90UTS,20.0,673.6,57.8,48.5,59.3,52.4,53.78,AVERAGE,CLEAR,0.0,36.0,22.0,40.0,SAFE_RANGE,True,178.8,SATURATED,130.0,A,201.0,True,45.0,1.0,23.0,,,,,,,,,,,,,,,,,,,,,,,,,,,,
TSK-TRK-0371,TRK-0371,ENGINEERING_TRACK,PHD,CNB,408.87,409.67,DN,"Track maintenance (AVERAGE TGI 55.5, USFD: IMR)",TAMPING,True,False,,0.9509,95.1,CRITICAL,10,181,92.6,60kg 90UTS,22.0,481.9,45.0,43.7,64.3,59.5,55.5,AVERAGE,IMR,2.0,58.7,43.5,40.0,MODERATE_HEAT_EXPANSION,True,172.5,FOULED,130.0,A,262.0,True,60.0,1.0,16.0,,,,,,,,,,,,,,,,,,,,,,,,,,,,
TSK-TRK-0511,TRK-0511,ENGINEERING_TRACK,NDLS,GZB,2.61,4.6,UP,"Track maintenance (POOR TGI 41.1, USFD: OBS)",TAMPING,True,False,,0.9845,98.4,CRITICAL,30,212,92.4,60kg 90UTS,22.0,455.1,56.6,58.2,66.9,28.8,41.11,POOR,OBS,5.0,47.4,32.9,40.0,SAFE_RANGE,True,173.9,SATURATED,130.0,A,301.0,True,60.0,1.0,14.0,,,,,,,,,,,,,,,,,,,,,,,,,,,,
TSK-TRK-0640,TRK-0640,ENGINEERING_TRACK,PHD,CNB,413.2,414.56,DN,"Track maintenance (POOR TGI 41.4, USFD: CLEAR)",TAMPING,True,False,,0.996,99.6,CRITICAL,37,198,92.3,60kg 90UTS,18.0,577.6,32.9,40.6,40.1,44.6,41.41,POOR,CLEAR,0.0,44.3,31.2,40.0,SAFE_RANGE,True,89.0,GOOD,130.0,A,198.0,True,60.0,1.0,22.0,,,,,,,,,,,,,,,,,,,,,,,,,,,,
TSK-TRK-0096,TRK-0096,ENGINEERING_TRACK,TDL,FZD,220.96,221.72,UP,"Track maintenance (AVERAGE TGI 56.4, USFD: OBS)",MANUAL,True,False,,0.9681,96.8,CRITICAL,24,173,92.2,60kg 90UTS,18.0,585.5,70.4,52.2,56.7,52.3,56.35,AVERAGE,OBS,3.0,49.1,31.8,40.0,SAFE_RANGE,True,149.5,SATURATED,160.0,A,136.0,True,75.0,1.0,17.0,,,,,,,,,,,,,,,,,,,,,,,,,,,,
TSK-TRK-0085,TRK-0085,ENGINEERING_TRACK,FZD,ETW,299.14,300.83,UP,"Track maintenance (AVERAGE TGI 52.7, USFD: OBS)",BCM,True,False,,0.967,96.7,CRITICAL,29,211,91.9,60kg 90UTS,16.0,548.7,46.9,49.2,53.2,55.2,52.74000000000001,AVERAGE,OBS,2.0,45.8,31.1,40.0,SAFE_RANGE,True,156.5,SATURATED,160.0,A,230.0,True,30.0,1.0,15.0,,,,,,,,,,,,,,,,,,,,,,,,,,,,
TSK-TRK-0678,TRK-0678,ENGINEERING_TRACK,KRJ,ALJN,123.8,124.57,UP,"Track maintenance (POOR TGI 45.1, USFD: IMR)",TAMPING,True,False,,0.9929,99.3,CRITICAL,41,222,91.9,60kg 90UTS,24.0,604.2,52.4,43.6,56.7,41.0,45.11,POOR,IMR,3.0,47.9,32.6,40.0,SAFE_RANGE,True,38.2,GOOD,130.0,A,7.0,True,45.0,1.0,4.0,,,,,,,,,,,,,,,,,,,,,,,,,,,,
TSK-TRK-0777,TRK-0777,ENGINEERING_TRACK,FZD,ETW,295.99,297.72,UP,"Track maintenance (POOR TGI 45.1, USFD: OBS)",TAMPING,True,False,,0.9627,96.3,CRITICAL,28,210,91.8,60kg 90UTS,16.0,449.3,53.0,63.2,72.1,35.0,45.13,POOR,OBS,1.0,61.3,43.7,40.0,HIGH_BUCKLING_RISK,False,155.8,SATURATED,160.0,A,121.0,True,45.0,1.0,19.0,,,,,,,,,,,,,,,,,,,,,,,,,,,,
TSK-TRK-0081,TRK-0081,ENGINEERING_TRACK,ETW,PHD,353.09,354.56,UP,"Track maintenance (POOR TGI 50.0, USFD: IMR)",BCM,True,False,,0.9778,97.8,CRITICAL,37,228,91.7,60kg 90UTS,16.0,538.4,40.8,48.4,38.6,55.2,49.98,POOR,IMR,3.0,43.4,31.2,40.0,SAFE_RANGE,True,150.3,GOOD,160.0,A,246.0,True,45.0,1.0,1.0,,,,,,,,,,,,,,,,,,,,,,,,,,,,
TSK-TRK-0448,TRK-0448,ENGINEERING_TRACK,ETW,PHD,330.43,331.96,DN,"Track maintenance (POOR TGI 43.9, USFD: IMR)",CSM,True,False,,0.9892,98.9,CRITICAL,44,218,91.6,60kg 90UTS,25.0,613.5,46.8,40.9,46.8,43.0,43.93,POOR,IMR,1.0,54.3,37.9,40.0,SAFE_RANGE,True,107.5,FOULED,160.0,A,8.0,True,60.0,1.0,4.0,,,,,,,,,,,,,,,,,,,,,,,,,,,,
TSK-TRK-0194,TRK-0194,ENGINEERING_TRACK,NDLS,GZB,16.03,17.23,UP,"Track maintenance (AVERAGE TGI 54.9, USFD: CLEAR)",BCM,True,False,,0.9562,95.6,CRITICAL,29,238,91.5,60kg 90UTS,13.0,373.4,67.2,73.9,61.9,46.5,54.92,AVERAGE,CLEAR,0.0,59.1,42.0,40.0,MODERATE_HEAT_EXPANSION,True,138.6,SATURATED,130.0,A,358.0,True,30.0,1.0,29.0,,,,,,,,,,,,,,,,,,,,,,,,,,,,
TSK-TRK-0838,TRK-0838,ENGINEERING_TRACK,DER,KRJ,64.07,64.79,UP,"Track maintenance (POOR TGI 42.1, USFD: OBS)",TAMPING,True,False,,0.9779,97.8,CRITICAL,40,195,91.5,60kg 90UTS,20.0,428.1,68.1,53.6,59.9,28.6,42.13,POOR,OBS,5.0,54.7,43.7,40.0,SAFE_RANGE,True,179.4,GOOD,130.0,A,298.0,True,75.0,1.0,22.0,,,,,,,,,,,,,,,,,,,,,,,,,,,,
TSK-TRK-0519,TRK-0519,ENGINEERING_TRACK,NDLS,GZB,15.5,16.72,DN,"Track maintenance (AVERAGE TGI 58.0, USFD: IMR)",CSM,True,False,,0.9432,94.3,CRITICAL,24,185,91.4,60kg 90UTS,18.0,592.5,62.5,69.4,56.7,54.8,57.99,AVERAGE,IMR,4.0,51.7,38.4,40.0,SAFE_RANGE,True,133.7,GOOD,130.0,A,271.0,True,60.0,1.0,6.0,,,,,,,,,,,,,,,,,,,,,,,,,,,,
TSK-TRK-0780,TRK-0780,ENGINEERING_TRACK,TDL,FZD,214.44,215.57,DN,"Track maintenance (AVERAGE TGI 56.4, USFD: IMR)",CSM,True,False,,0.9309,93.1,CRITICAL,20,186,91.2,52kg 72UTS,25.0,764.3,55.0,74.4,41.3,56.3,56.35,AVERAGE,IMR,5.0,40.5,25.8,40.0,SAFE_RANGE,True,102.2,SATURATED,160.0,A,21.0,True,45.0,1.0,5.0,,,,,,,,,,,,,,,,,,,,,,,,,,,,
TSK-TRK-0722,TRK-0722,ENGINEERING_TRACK,DER,KRJ,58.81,60.0,UP,"Track maintenance (AVERAGE TGI 53.2, USFD: IMR)",TAMPING,True,False,,0.943,94.3,CRITICAL,28,204,91.1,60kg 90UTS,23.0,442.8,58.0,76.0,62.6,46.2,53.18000000000001,AVERAGE,IMR,4.0,30.1,18.8,40.0,SAFE_RANGE,True,100.6,SATURATED,130.0,A,65.0,True,75.0,1.0,14.0,,,,,,,,,,,,,,,,,,,,,,,,,,,,
TSK-TRK-0499,TRK-0499,ENGINEERING_TRACK,FZD,ETW,242.47,243.98,UP,"Track maintenance (AVERAGE TGI 51.7, USFD: IMR)",BCM,True,False,,0.9284,92.8,CRITICAL,21,241,91.1,60kg 90UTS,25.0,477.3,65.0,80.6,67.4,39.9,51.74,AVERAGE,IMR,2.0,60.0,42.1,40.0,MODERATE_HEAT_EXPANSION,True,156.1,GOOD,160.0,A,255.0,True,60.0,1.0,17.0,,,,,,,,,,,,,,,,,,,,,,,,,,,,
TSK-TRK-0655,TRK-0655,ENGINEERING_TRACK,GZB,DER,30.74,32.48,DN,"Track maintenance (POOR TGI 40.4, USFD: IMR)",TAMPING,True,False,,0.9914,99.1,CRITICAL,54,202,91.0,60kg 90UTS,16.0,523.1,44.1,50.8,54.0,35.1,40.36,POOR,IMR,2.0,49.8,33.6,40.0,SAFE_RANGE,True,56.4,FOULED,130.0,A,304.0,True,75.0,1.0,7.0,,,,,,,,,,,,,,,,,,,,,,,,,,,,
TSK-TRK-0034,TRK-0034,ENGINEERING_TRACK,DER,KRJ,70.15,71.15,DN,"Track maintenance (AVERAGE TGI 55.8, USFD: IMR)",CSM,True,False,,0.9743,97.4,CRITICAL,45,184,91.0,60kg 90UTS,22.0,710.2,59.4,50.1,65.6,53.9,55.79,AVERAGE,IMR,2.0,41.2,24.9,40.0,SAFE_RANGE,True,19.5,FOULED,130.0,A,24.0,True,75.0,1.0,12.0,,,,,,,,,,,,,,,,,,,,,,,,,,,,
TSK-TRK-0333,TRK-0333,ENGINEERING_TRACK,NDLS,GZB,12.28,13.77,DN,"Track maintenance (POOR TGI 49.4, USFD: IMR)",CSM,True,False,,0.9829,98.3,CRITICAL,56,203,90.6,60kg 90UTS,18.0,503.0,65.4,67.9,62.5,38.8,49.4,POOR,IMR,5.0,40.8,25.3,40.0,SAFE_RANGE,True,86.7,FOULED,130.0,A,177.0,True,60.0,1.0,10.0,,,,,,,,,,,,,,,,,,,,,,,,,,,,
TSK-TRK-0093,TRK-0093,ENGINEERING_TRACK,GZB,DER,27.61,28.97,DN,"Track maintenance (POOR TGI 49.4, USFD: IMR)",CSM,True,False,,0.9679,96.8,CRITICAL,50,221,90.5,52kg 72UTS,23.0,480.8,63.3,52.4,59.8,42.6,49.440000000000005,POOR,IMR,4.0,39.6,25.1,40.0,SAFE_RANGE,True,123.4,GOOD,130.0,A,30.0,True,75.0,1.0,14.0,,,,,,,,,,,,,,,,,,,,,,,,,,,,
TSK-TRK-0404,TRK-0404,ENGINEERING_TRACK,KRJ,ALJN,107.27,108.3,DN,"Track maintenance (AVERAGE TGI 56.8, USFD: IMR)",CSM,True,False,,0.9473,94.7,CRITICAL,40,183,90.4,52kg 72UTS,16.0,493.7,63.7,48.6,64.1,54.6,56.77,AVERAGE,IMR,5.0,35.3,18.2,40.0,SAFE_RANGE,True,79.2,GOOD,130.0,A,122.0,True,30.0,1.0,20.0,,,,,,,,,,,,,,,,,,,,,,,,,,,,
TSK-TRK-0764,TRK-0764,ENGINEERING_TRACK,KRJ,ALJN,92.3,93.06,DN,"Track maintenance (AVERAGE TGI 56.9, USFD: IMR)",TAMPING,True,False,,0.913,91.3,CRITICAL,24,186,90.3,60kg 90UTS,24.0,443.7,64.3,48.7,58.0,55.6,56.89000000000001,AVERAGE,IMR,5.0,36.0,24.4,40.0,SAFE_RANGE,True,31.7,FOULED,130.0,A,139.0,True,30.0,1.0,20.0,,,,,,,,,,,,,,,,,,,,,,,,,,,,
TSK-TRK-0296,TRK-0296,ENGINEERING_TRACK,KRJ,ALJN,112.65,114.35,UP,"Track maintenance (POOR TGI 43.1, USFD: OBS)",TAMPING,True,False,,0.9607,96.1,CRITICAL,49,202,90.3,60kg 90UTS,13.0,398.3,56.5,74.1,71.5,28.7,43.08,POOR,OBS,3.0,46.8,30.5,40.0,SAFE_RANGE,True,61.9,GOOD,130.0,A,294.0,True,60.0,1.0,22.0,,,,,,,,,,,,,,,,,,,,,,,,,,,,
TSK-TRK-0741,TRK-0741,ENGINEERING_TRACK,TDL,FZD,209.25,210.79,UP,"Track maintenance (AVERAGE TGI 60.0, USFD: OBS)",TAMPING,True,False,,0.9321,93.2,CRITICAL,35,188,90.2,60kg 90UTS,20.0,490.6,67.6,60.6,54.0,58.4,60.02,AVERAGE,OBS,1.0,48.8,35.5,40.0,SAFE_RANGE,True,161.1,SATURATED,160.0,A,255.0,True,75.0,1.0,24.0,,,,,,,,,,,,,,,,,,,,,,,,,,,,
TSK-TRK-0555,TRK-0555,ENGINEERING_TRACK,NDLS,GZB,6.93,8.63,DN,"Track maintenance (AVERAGE TGI 50.8, USFD: IMR)",BCM,True,False,,0.9286,92.9,CRITICAL,34,231,90.2,60kg 90UTS,22.0,468.9,43.5,55.3,62.8,50.5,50.81,AVERAGE,IMR,5.0,46.1,35.8,40.0,SAFE_RANGE,True,165.2,FOULED,130.0,A,331.0,True,60.0,1.0,15.0,,,,,,,,,,,,,,,,,,,,,,,,,,,,
TSK-TRK-0754,TRK-0754,ENGINEERING_TRACK,GZB,DER,32.45,33.79,DN,"Track maintenance (AVERAGE TGI 55.4, USFD: CLEAR)",MANUAL,True,False,,0.9413,94.1,CRITICAL,40,175,90.2,60kg 90UTS,13.0,299.4,60.3,69.3,70.5,48.9,55.38,AVERAGE,CLEAR,0.0,47.3,34.0,40.0,SAFE_RANGE,True,155.6,SATURATED,130.0,A,342.0,True,30.0,1.0,29.0,,,,,,,,,,,,,,,,,,,,,,,,,,,,
TSK-TRK-0253,TRK-0253,ENGINEERING_TRACK,NDLS,GZB,10.79,11.81,UP,"Track maintenance (AVERAGE TGI 52.4, USFD: OBS)",CSM,True,False,,0.9302,93.0,CRITICAL,42,199,89.7,60kg 90UTS,15.0,484.6,65.7,57.1,53.7,47.0,52.42,AVERAGE,OBS,1.0,50.1,38.2,40.0,SAFE_RANGE,True,145.9,SATURATED,130.0,A,306.0,True,60.0,1.0,23.0,,,,,,,,,,,,,,,,,,,,,,,,,,,,
TSK-TRK-0529,TRK-0529,ENGINEERING_TRACK,TDL,FZD,217.65,218.23,UP,"Track maintenance (POOR TGI 42.5, USFD: OBS)",BCM,True,False,,0.9869,98.7,CRITICAL,76,204,89.3,60kg 90UTS,16.0,529.1,39.7,51.7,70.1,37.3,42.5,POOR,OBS,1.0,31.2,20.8,40.0,SAFE_RANGE,True,76.8,FOULED,160.0,A,96.0,True,75.0,1.0,17.0,,,,,,,,,,,,,,,,,,,,,,,,,,,,
TSK-TRK-0196,TRK-0196,ENGINEERING_TRACK,ETW,PHD,342.65,344.35,UP,"Track maintenance (AVERAGE TGI 51.8, USFD: IMR)",TAMPING,True,False,,0.8647,86.5,CRITICAL,14,205,89.3,60kg 90UTS,25.0,498.7,52.6,55.4,68.3,48.2,51.81,AVERAGE,IMR,5.0,51.4,40.7,40.0,SAFE_RANGE,True,80.4,FOULED,160.0,A,190.0,True,30.0,1.0,18.0,,,,,,,,,,,,,,,,,,,,,,,,,,,,
TSK-TRK-0766,TRK-0766,ENGINEERING_TRACK,DER,KRJ,79.35,81.32,DN,"Track maintenance (AVERAGE TGI 54.2, USFD: IMR)",BCM,True,False,,0.9234,92.3,CRITICAL,45,236,89.2,60kg 90UTS,23.0,375.1,55.2,89.6,67.8,45.7,54.2,AVERAGE,IMR,2.0,52.0,41.0,40.0,SAFE_RANGE,True,34.1,GOOD,130.0,A,277.0,True,75.0,1.0,16.0,,,,,,,,,,,,,,,,,,,,,,,,,,,,
TSK-TRK-0432,TRK-0432,ENGINEERING_TRACK,PHD,CNB,394.73,396.26,UP,"Track maintenance (AVERAGE TGI 51.9, USFD: OBS)",TAMPING,True,False,,0.9366,93.7,CRITICAL,57,212,88.9,60kg 90UTS,22.0,422.7,50.8,65.8,43.4,51.4,51.92,AVERAGE,OBS,5.0,33.5,20.6,40.0,SAFE_RANGE,True,155.1,SATURATED,130.0,A,100.0,True,60.0,1.0,28.0,,,,,,,,,,,,,,,,,,,,,,,,,,,,
TSK-TRK-0713,TRK-0713,ENGINEERING_TRACK,DER,KRJ,68.51,69.68,UP,"Track maintenance (AVERAGE TGI 57.2, USFD: IMR)",BCM,True,False,,0.8802,88.0,CRITICAL,28,217,88.9,52kg 72UTS,18.0,494.8,58.5,56.9,42.6,59.2,57.17,AVERAGE,IMR,5.0,50.6,35.0,40.0,SAFE_RANGE,True,159.8,FOULED,130.0,A,337.0,True,75.0,1.0,15.0,,,,,,,,,,,,,,,,,,,,,,,,,,,,
TSK-TRK-0054,TRK-0054,ENGINEERING_TRACK,TDL,FZD,212.59,213.19,UP,"Track maintenance (AVERAGE TGI 53.9, USFD: IMR)",BCM,True,False,,0.9392,93.9,CRITICAL,60,219,88.8,60kg 90UTS,25.0,390.5,44.5,49.2,61.5,56.5,53.870000000000005,AVERAGE,IMR,2.0,33.4,23.2,40.0,SAFE_RANGE,True,27.4,GOOD,160.0,A,69.0,True,75.0,1.0,21.0,,,,,,,,,,,,,,,,,,,,,,,,,,,,
TSK-TRK-0177,TRK-0177,ENGINEERING_TRACK,PHD,CNB,424.92,426.22,DN,"Track maintenance (AVERAGE TGI 56.7, USFD: IMR)",TAMPING,True,False,,0.8949,89.5,CRITICAL,38,182,88.7,60kg 90UTS,16.0,501.0,58.4,62.0,58.8,54.9,56.7,AVERAGE,IMR,3.0,37.5,26.6,40.0,SAFE_RANGE,True,75.0,GOOD,130.0,A,162.0,True,30.0,1.0,19.0,,,,,,,,,,,,,,,,,,,,,,,,,,,,
TSK-TRK-0624,TRK-0624,ENGINEERING_TRACK,ALJN,TDL,134.33,135.28,UP,"Track maintenance (AVERAGE TGI 55.6, USFD: OBS)",TAMPING,True,False,,0.8893,88.9,CRITICAL,49,183,87.8,60kg 90UTS,25.0,423.3,55.3,76.3,60.5,51.5,55.64,AVERAGE,OBS,1.0,53.5,41.9,40.0,SAFE_RANGE,True,162.2,SATURATED,160.0,A,99.0,True,60.0,1.0,28.0,,,,,,,,,,,,,,,,,,,,,,,,,,,,
TSK-TRK-0246,TRK-0246,ENGINEERING_TRACK,PHD,CNB,436.21,437.18,DN,"Track maintenance (AVERAGE TGI 60.6, USFD: OBS)",TAMPING,True,False,,0.8398,84.0,CRITICAL,24,188,87.7,60kg 90UTS,20.0,457.0,36.2,61.1,66.2,67.7,60.59000000000001,AVERAGE,OBS,1.0,43.8,27.0,40.0,SAFE_RANGE,True,111.1,SATURATED,130.0,A,349.0,True,60.0,1.0,22.0,,,,,,,,,,,,,,,,,,,,,,,,,,,,
TSK-TRK-0661,TRK-0661,ENGINEERING_TRACK,NDLS,GZB,6.58,7.2,DN,"Track maintenance (AVERAGE TGI 52.8, USFD: OBS)",TAMPING,True,False,,0.8862,88.6,CRITICAL,53,199,87.4,60kg 90UTS,16.0,475.8,45.7,54.1,59.7,53.8,52.8,AVERAGE,OBS,3.0,53.7,36.7,40.0,SAFE_RANGE,True,147.6,SATURATED,130.0,A,87.0,True,60.0,1.0,28.0,,,,,,,,,,,,,,,,,,,,,,,,,,,,
TSK-TRK-0736,TRK-0736,ENGINEERING_TRACK,DER,KRJ,50.71,51.82,UP,"Track maintenance (AVERAGE TGI 58.1, USFD: IMR)",CSM,True,False,,0.8243,82.4,CRITICAL,64,181,84.5,60kg 90UTS,21.0,525.2,63.5,67.7,72.7,52.3,58.11999999999999,AVERAGE,IMR,2.0,45.6,27.7,40.0,SAFE_RANGE,True,140.8,SATURATED,130.0,A,280.0,True,75.0,1.0,1.0,,,,,,,,,,,,,,,,,,,,,,,,,,,,
TSK-TRK-0370,TRK-0370,ENGINEERING_TRACK,ALJN,TDL,161.64,162.65,DN,"Track maintenance (AVERAGE TGI 57.1, USFD: OBS)",TAMPING,True,False,,0.8002,80.0,CRITICAL,61,185,83.8,60kg 90UTS,15.0,466.4,62.6,67.3,56.7,53.7,57.14000000000001,AVERAGE,OBS,2.0,44.3,28.7,40.0,SAFE_RANGE,True,134.7,SATURATED,160.0,A,158.0,True,60.0,1.0,27.0,,,,,,,,,,,,,,,,,,,,,,,,,,,,
TSK-TRK-0494,TRK-0494,ENGINEERING_TRACK,KRJ,ALJN,123.54,124.5,UP,"Track maintenance (AVERAGE TGI 55.0, USFD: IMR)",TAMPING,True,False,,0.8253,82.5,CRITICAL,75,203,83.7,60kg 90UTS,14.0,488.8,52.1,59.8,70.0,52.7,55.02,AVERAGE,IMR,2.0,49.6,35.1,40.0,SAFE_RANGE,True,28.4,FOULED,130.0,A,39.0,True,30.0,1.0,22.0,,,,,,,,,,,,,,,,,,,,,,,,,,,,
TSK-TRK-0728,TRK-0728,ENGINEERING_TRACK,DER,KRJ,68.82,70.18,DN,"Track maintenance (AVERAGE TGI 51.8, USFD: CLEAR)",CSM,True,False,,0.7931,79.3,CRITICAL,67,201,83.2,60kg 90UTS,18.0,502.3,45.4,46.0,50.0,55.2,51.8,AVERAGE,CLEAR,0.0,45.4,34.7,40.0,SAFE_RANGE,True,171.9,SATURATED,130.0,A,282.0,True,30.0,0.0,200.0,,,,,,,,,,,,,,,,,,,,,,,,,,,,
TSK-TRK-0145,TRK-0145,ENGINEERING_TRACK,PHD,CNB,358.35,359.62,UP,"Track maintenance (AVERAGE TGI 56.4, USFD: IMR)",CSM,True,False,,0.8239,82.4,CRITICAL,91,184,82.6,60kg 90UTS,23.0,411.0,42.3,55.1,65.7,59.7,56.36,AVERAGE,IMR,4.0,30.8,18.0,40.0,SAFE_RANGE,True,102.7,FOULED,130.0,A,100.0,True,30.0,1.0,21.0,,,,,,,,,,,,,,,,,,,,,,,,,,,,
TSK-TRK-0625,TRK-0625,ENGINEERING_TRACK,NDLS,GZB,2.18,3.95,DN,"Track maintenance (AVERAGE TGI 61.3, USFD: OBS)",TAMPING,True,False,,0.791,79.1,CRITICAL,78,184,82.3,52kg 72UTS,19.0,417.2,43.9,61.0,64.9,66.6,61.33,AVERAGE,OBS,2.0,56.4,40.2,40.0,MODERATE_HEAT_EXPANSION,True,110.3,SATURATED,130.0,A,263.0,True,30.0,1.0,24.0,,,,,,,,,,,,,,,,,,,,,,,,,,,,
TSK-TRK-0825,TRK-0825,ENGINEERING_TRACK,PHD,CNB,437.93,439.57,DN,"Track maintenance (AVERAGE TGI 60.8, USFD: OBS)",MANUAL,True,False,,0.752,75.2,CRITICAL,69,178,81.6,60kg 90UTS,16.0,482.2,51.6,50.9,44.3,68.2,60.760000000000005,AVERAGE,OBS,5.0,42.2,29.2,40.0,SAFE_RANGE,True,160.2,SATURATED,130.0,A,166.0,True,45.0,1.0,26.0,,,,,,,,,,,,,,,,,,,,,,,,,,,,
TSK-TRK-0181,TRK-0181,ENGINEERING_TRACK,TDL,FZD,224.31,225.5,DN,"Track maintenance (AVERAGE TGI 59.7, USFD: CLEAR)",MANUAL,True,False,,0.7297,73.0,HIGH,57,172,81.6,60kg 90UTS,18.0,397.5,52.7,63.5,70.6,59.6,59.71,AVERAGE,CLEAR,0.0,53.9,38.1,40.0,SAFE_RANGE,True,115.8,SATURATED,160.0,A,359.0,True,60.0,1.0,29.0,,,,,,,,,,,,,,,,,,,,,,,,,,,,
TSK-TRK-0698,TRK-0698,ENGINEERING_TRACK,KRJ,ALJN,116.57,117.86,DN,"Track maintenance (AVERAGE TGI 60.8, USFD: OBS)",TAMPING,True,False,,0.7561,75.6,CRITICAL,73,188,81.5,60kg 90UTS,19.0,405.0,48.8,64.4,56.3,65.0,60.83,AVERAGE,OBS,1.0,40.2,25.0,40.0,SAFE_RANGE,True,160.0,SATURATED,130.0,A,64.0,True,75.0,1.0,29.0,,,,,,,,,,,,,,,,,,,,,,,,,,,,
TSK-TRK-0588,TRK-0588,ENGINEERING_TRACK,KRJ,ALJN,98.38,99.75,UP,"Track maintenance (POOR TGI 46.7, USFD: OBS)",CSM,True,False,,0.9985,99.8,CRITICAL,1,199,79.9,60kg 90UTS,19.0,626.3,44.1,55.5,62.6,43.4,46.67,POOR,OBS,4.0,53.8,43.5,40.0,SAFE_RANGE,True,84.7,FOULED,130.0,A,263.0,False,0.0,1.0,13.0,,,,,,,,,,,,,,,,,,,,,,,,,,,,
TSK-TRK-0057,TRK-0057,ENGINEERING_TRACK,GZB,DER,32.67,33.62,UP,"Track maintenance (POOR TGI 48.9, USFD: OBS)",TAMPING,True,False,,0.9983,99.8,CRITICAL,2,196,79.8,60kg 90UTS,19.0,582.4,46.9,60.9,59.8,45.8,48.92999999999999,POOR,OBS,3.0,47.2,31.9,40.0,SAFE_RANGE,True,12.4,FOULED,130.0,A,336.0,False,0.0,1.0,11.0,,,,,,,,,,,,,,,,,,,,,,,,,,,,
TSK-TRK-0600,TRK-0600,ENGINEERING_TRACK,PHD,CNB,409.86,410.98,DN,"Track maintenance (POOR TGI 47.9, USFD: OBS)",BCM,True,False,,0.9985,99.9,CRITICAL,9,216,79.3,60kg 90UTS,21.0,586.3,37.3,50.6,55.9,49.7,47.93000000000001,POOR,OBS,3.0,45.9,30.6,40.0,SAFE_RANGE,True,95.4,GOOD,130.0,A,285.0,False,0.0,1.0,12.0,,,,,,,,,,,,,,,,,,,,,,,,,,,,
TSK-TRK-0712,TRK-0712,ENGINEERING_TRACK,FZD,ETW,255.75,257.27,DN,"Track maintenance (POOR TGI 48.9, USFD: CLEAR)",TAMPING,True,False,,0.9976,99.8,CRITICAL,14,202,79.0,60kg 90UTS,24.0,716.5,33.2,47.5,63.2,52.0,48.91,POOR,CLEAR,0.0,51.7,41.6,40.0,SAFE_RANGE,True,50.4,FOULED,160.0,A,275.0,False,0.0,1.0,20.0,,,,,,,,,,,,,,,,,,,,,,,,,,,,
TSK-TRK-0117,TRK-0117,ENGINEERING_TRACK,FZD,ETW,259.57,260.31,DN,"Track maintenance (POOR TGI 47.3, USFD: OBS)",TAMPING,True,False,,0.9814,98.1,CRITICAL,7,197,78.9,60kg 90UTS,24.0,515.7,56.7,40.1,59.9,43.3,47.31999999999999,POOR,OBS,5.0,50.6,33.5,40.0,SAFE_RANGE,True,28.0,GOOD,160.0,A,321.0,False,0.0,1.0,21.0,,,,,,,,,,,,,,,,,,,,,,,,,,,,
TSK-TRK-0106,TRK-0106,ENGINEERING_TRACK,DER,KRJ,61.31,63.01,UP,"Track maintenance (POOR TGI 48.6, USFD: CLEAR)",TAMPING,True,False,,0.9984,99.8,CRITICAL,15,204,78.9,60kg 90UTS,22.0,711.2,39.8,54.9,45.2,51.1,48.63,POOR,CLEAR,0.0,34.3,21.4,40.0,SAFE_RANGE,True,141.9,FOULED,130.0,A,306.0,False,0.0,1.0,19.0,,,,,,,,,,,,,,,,,,,,,,,,,,,,
TSK-TRK-0108,TRK-0108,ENGINEERING_TRACK,PHD,CNB,405.68,406.86,UP,"Track maintenance (AVERAGE TGI 64.0, USFD: IMR)",CSM,True,False,,0.6487,64.9,HIGH,58,184,78.7,60kg 90UTS,20.0,317.3,67.1,55.4,78.9,61.9,63.99,AVERAGE,IMR,5.0,40.9,25.8,40.0,SAFE_RANGE,True,5.6,GOOD,130.0,A,250.0,True,75.0,1.0,17.0,,,,,,,,,,,,,,,,,,,,,,,,,,,,
TSK-TRK-0375,TRK-0375,ENGINEERING_TRACK,PHD,CNB,388.89,390.16,DN,"Track maintenance (AVERAGE TGI 54.1, USFD: CLEAR)",CSM,True,False,,0.9936,99.4,CRITICAL,16,202,78.7,60kg 90UTS,23.0,650.7,52.9,53.4,59.6,53.7,54.1,AVERAGE,CLEAR,0.0,55.2,42.1,40.0,MODERATE_HEAT_EXPANSION,True,172.2,FOULED,130.0,A,355.0,False,0.0,1.0,27.0,,,,,,,,,,,,,,,,,,,,,,,,,,,,
TSK-TRK-0684,TRK-0684,ENGINEERING_TRACK,DER,KRJ,42.43,43.67,DN,"Track maintenance (POOR TGI 49.9, USFD: CLEAR)",CSM,True,False,,0.9974,99.7,CRITICAL,19,199,78.6,60kg 90UTS,24.0,747.0,33.2,68.2,50.5,52.3,49.89,POOR,CLEAR,0.0,41.6,26.1,40.0,SAFE_RANGE,True,23.6,GOOD,130.0,A,345.0,False,0.0,1.0,18.0,,,,,,,,,,,,,,,,,,,,,,,,,,,,
TSK-TRK-0178,TRK-0178,ENGINEERING_TRACK,ETW,PHD,315.6,317.08,UP,"Track maintenance (AVERAGE TGI 52.8, USFD: OBS)",BCM,True,False,,0.7032,70.3,HIGH,89,224,78.5,60kg 90UTS,24.0,384.7,59.0,54.1,60.6,49.2,52.790000000000006,AVERAGE,OBS,4.0,37.4,22.4,40.0,SAFE_RANGE,True,111.6,SATURATED,160.0,A,199.0,True,45.0,1.0,26.0,,,,,,,,,,,,,,,,,,,,,,,,,,,,
TSK-TRK-0849,TRK-0849,ENGINEERING_TRACK,DER,KRJ,55.24,56.79,DN,"Track maintenance (POOR TGI 47.4, USFD: CLEAR)",TAMPING,True,False,,0.9927,99.3,CRITICAL,20,198,78.4,60kg 90UTS,18.0,564.3,57.5,51.8,68.1,39.8,47.37,POOR,CLEAR,0.0,52.6,38.4,40.0,SAFE_RANGE,True,11.5,FOULED,130.0,A,304.0,False,0.0,1.0,19.0,,,,,,,,,,,,,,,,,,,,,,,,,,,,
TSK-TRK-0025,TRK-0025,ENGINEERING_TRACK,FZD,ETW,234.87,236.71,UP,"Track maintenance (POOR TGI 46.7, USFD: CLEAR)",BCM,True,False,,0.9726,97.3,CRITICAL,11,205,78.3,60kg 90UTS,19.0,510.9,44.1,58.0,62.5,43.1,46.73,POOR,CLEAR,0.0,47.5,34.1,40.0,SAFE_RANGE,True,105.1,FOULED,160.0,A,272.0,False,0.0,0.0,194.0,,,,,,,,,,,,,,,,,,,,,,,,,,,,
TSK-TRK-0671,TRK-0671,ENGINEERING_TRACK,GZB,DER,31.13,31.71,UP,"Track maintenance (POOR TGI 46.9, USFD: CLEAR)",TAMPING,True,False,,0.9924,99.2,CRITICAL,23,194,78.2,60kg 90UTS,16.0,530.6,58.4,54.4,62.2,39.3,46.92,POOR,CLEAR,0.0,61.4,43.9,40.0,HIGH_BUCKLING_RISK,False,174.1,FOULED,130.0,A,311.0,False,0.0,1.0,19.0,,,,,,,,,,,,,,,,,,,,,,,,,,,,
TSK-TRK-0675,TRK-0675,ENGINEERING_TRACK,PHD,CNB,382.67,384.51,DN,"Track maintenance (AVERAGE TGI 50.6, USFD: CLEAR)",TAMPING,True,False,,0.9927,99.3,CRITICAL,22,204,78.2,60kg 90UTS,24.0,837.4,58.6,46.5,45.9,49.4,50.6,AVERAGE,CLEAR,0.0,49.1,37.9,40.0,SAFE_RANGE,True,153.5,FOULED,130.0,A,341.0,False,0.0,1.0,27.0,,,,,,,,,,,,,,,,,,,,,,,,,,,,
TSK-TRK-0793,TRK-0793,ENGINEERING_TRACK,ETW,PHD,327.66,328.26,UP,"Track maintenance (POOR TGI 49.6, USFD: OBS)",BCM,True,False,,0.9853,98.5,CRITICAL,20,230,78.1,60kg 90UTS,23.0,782.0,38.9,59.1,67.6,48.6,49.61,POOR,OBS,2.0,42.4,30.2,40.0,SAFE_RANGE,True,29.0,GOOD,160.0,A,14.0,False,0.0,1.0,19.0,,,,,,,,,,,,,,,,,,,,,,,,,,,,
TSK-TRK-0347,TRK-0347,ENGINEERING_TRACK,NDLS,GZB,9.0,10.46,UP,"Track maintenance (AVERAGE TGI 53.4, USFD: CLEAR)",TAMPING,True,False,,0.991,99.1,CRITICAL,23,202,78.1,52kg 72UTS,20.0,697.9,39.0,64.2,68.9,53.8,53.39,AVERAGE,CLEAR,0.0,50.4,35.2,40.0,SAFE_RANGE,True,3.6,FOULED,130.0,A,358.0,False,0.0,1.0,27.0,,,,,,,,,,,,,,,,,,,,,,,,,,,,
TSK-TRK-0070,TRK-0070,ENGINEERING_TRACK,PHD,CNB,388.19,390.05,DN,"Track maintenance (POOR TGI 46.1, USFD: CLEAR)",CSM,True,False,,0.9942,99.4,CRITICAL,29,199,77.8,60kg 90UTS,19.0,661.2,56.2,35.6,54.0,43.2,46.120000000000005,POOR,CLEAR,0.0,40.9,25.9,40.0,SAFE_RANGE,True,109.7,GOOD,130.0,A,55.0,False,0.0,1.0,26.0,,,,,,,,,,,,,,,,,,,,,,,,,,,,
TSK-TRK-0710,TRK-0710,ENGINEERING_TRACK,TDL,FZD,224.1,225.26,UP,"Track maintenance (POOR TGI 46.3, USFD: OBS)",TAMPING,True,False,,0.9912,99.1,CRITICAL,29,202,77.7,52kg 72UTS,23.0,715.9,42.6,45.9,50.7,46.9,46.32,POOR,OBS,1.0,32.7,20.2,40.0,SAFE_RANGE,True,176.8,FOULED,160.0,A,89.0,False,0.0,1.0,17.0,,,,,,,,,,,,,,,,,,,,,,,,,,,,
TSK-TRK-0516,TRK-0516,ENGINEERING_TRACK,NDLS,GZB,11.16,12.86,UP,"Track maintenance (POOR TGI 48.8, USFD: OBS)",BCM,True,False,,0.9955,99.6,CRITICAL,34,230,77.5,60kg 90UTS,20.0,699.6,59.0,55.5,42.6,45.3,48.79,POOR,OBS,4.0,32.0,19.2,40.0,SAFE_RANGE,True,145.1,GOOD,130.0,A,113.0,False,0.0,1.0,17.0,,,,,,,,,,,,,,,,,,,,,,,,,,,,
TSK-TRK-0455,TRK-0455,ENGINEERING_TRACK,KRJ,ALJN,101.09,103.05,UP,"Track maintenance (AVERAGE TGI 50.6, USFD: CLEAR)",CSM,True,False,,0.9877,98.8,CRITICAL,30,198,77.5,60kg 90UTS,24.0,837.4,46.6,50.5,68.8,49.0,50.65,AVERAGE,CLEAR,0.0,39.1,23.2,40.0,SAFE_RANGE,True,16.9,FOULED,130.0,A,345.0,False,0.0,1.0,27.0,,,,,,,,,,,,,,,,,,,,,,,,,,,,
TSK-TRK-0352,TRK-0352,ENGINEERING_TRACK,ETW,PHD,309.2,309.84,UP,"Track maintenance (POOR TGI 49.0, USFD: OBS)",TAMPING,True,False,,0.9885,98.9,CRITICAL,33,202,77.3,60kg 90UTS,24.0,707.3,34.1,46.1,60.6,52.5,48.99,POOR,OBS,3.0,48.5,34.8,40.0,SAFE_RANGE,True,175.9,GOOD,160.0,A,140.0,False,0.0,1.0,16.0,,,,,,,,,,,,,,,,,,,,,,,,,,,,
TSK-TRK-0789,TRK-0789,ENGINEERING_TRACK,FZD,ETW,259.88,261.75,UP,"Track maintenance (POOR TGI 47.8, USFD: CLEAR)",TAMPING,True,False,,0.9937,99.4,CRITICAL,38,201,77.2,52kg 72UTS,23.0,606.6,37.3,61.7,49.7,48.6,47.760000000000005,POOR,CLEAR,0.0,45.8,28.2,40.0,SAFE_RANGE,True,43.1,GOOD,160.0,A,85.0,False,0.0,1.0,25.0,,,,,,,,,,,,,,,,,,,,,,,,,,,,
TSK-TRK-0200,TRK-0200,ENGINEERING_TRACK,NDLS,GZB,6.89,7.66,UP,"Track maintenance (POOR TGI 46.5, USFD: OBS)",CSM,True,False,,0.9882,98.8,CRITICAL,38,197,77.0,60kg 90UTS,25.0,695.8,35.6,48.6,45.3,50.0,46.510000000000005,POOR,OBS,4.0,44.8,27.7,40.0,SAFE_RANGE,True,80.7,FOULED,130.0,A,198.0,False,0.0,1.0,15.0,,,,,,,,,,,,,,,,,,,,,,,,,,,,
TSK-TRK-0441,TRK-0441,ENGINEERING_TRACK,FZD,ETW,246.07,247.24,DN,"Track maintenance (POOR TGI 46.8, USFD: OBS)",BCM,True,False,,0.9903,99.0,CRITICAL,39,205,77.0,60kg 90UTS,24.0,641.7,34.0,53.0,54.6,48.8,46.84,POOR,OBS,4.0,40.3,28.8,40.0,SAFE_RANGE,True,4.2,GOOD,160.0,A,125.0,False,0.0,1.0,16.0,,,,,,,,,,,,,,,,,,,,,,,,,,,,
TSK-TRK-0721,TRK-0721,ENGINEERING_TRACK,ALJN,TDL,175.99,177.44,DN,"Track maintenance (AVERAGE TGI 54.3, USFD: OBS)",CSM,True,False,,0.9743,97.4,CRITICAL,32,201,76.9,60kg 90UTS,23.0,773.3,41.2,51.5,55.4,58.9,54.27,AVERAGE,OBS,4.0,50.3,37.0,40.0,SAFE_RANGE,True,29.3,GOOD,160.0,A,263.0,False,0.0,1.0,21.0,,,,,,,,,,,,,,,,,,,,,,,,,,,,
TSK-TRK-0153,TRK-0153,ENGINEERING_TRACK,ETW,PHD,320.34,320.9,DN,"Track maintenance (POOR TGI 49.8, USFD: CLEAR)",CSM,True,False,,0.9707,97.1,CRITICAL,30,199,76.9,60kg 90UTS,20.0,699.3,47.0,39.4,62.9,50.2,49.75000000000001,POOR,CLEAR,0.0,42.9,25.1,40.0,SAFE_RANGE,True,170.6,FOULED,160.0,A,43.0,False,0.0,1.0,26.0,,,,,,,,,,,,,,,,,,,,,,,,,,,,
TSK-TRK-0377,TRK-0377,ENGINEERING_TRACK,PHD,CNB,417.55,418.34,UP,"Track maintenance (AVERAGE TGI 57.0, USFD: OBS)",TAMPING,True,False,,0.6011,60.1,HIGH,61,180,76.9,52kg 72UTS,10.0,239.8,67.8,76.1,76.7,47.0,57.04,AVERAGE,OBS,1.0,54.2,43.6,40.0,SAFE_RANGE,True,173.2,SATURATED,130.0,A,268.0,True,30.0,1.0,24.0,,,,,,,,,,,,,,,,,,,,,,,,,,,,
TSK-TRK-0367,TRK-0367,ENGINEERING_TRACK,NDLS,GZB,22.24,24.0,UP,"Track maintenance (AVERAGE TGI 53.9, USFD: OBS)",CSM,True,False,,0.9715,97.1,CRITICAL,30,201,76.9,60kg 90UTS,25.0,820.9,62.5,63.8,44.7,50.9,53.89,AVERAGE,OBS,4.0,52.7,35.1,40.0,SAFE_RANGE,True,24.2,GOOD,130.0,A,260.0,False,0.0,1.0,22.0,,,,,,,,,,,,,,,,,,,,,,,,,,,,
TSK-TRK-0173,TRK-0173,ENGINEERING_TRACK,GZB,DER,29.74,31.56,DN,"Track maintenance (AVERAGE TGI 54.5, USFD: OBS)",CSM,True,False,,0.964,96.4,CRITICAL,29,200,76.8,60kg 90UTS,25.0,576.6,57.0,57.2,62.1,52.0,54.53,AVERAGE,OBS,1.0,43.0,28.4,40.0,SAFE_RANGE,True,35.0,FOULED,130.0,A,288.0,False,0.0,1.0,21.0,,,,,,,,,,,,,,,,,,,,,,,,,,,,
TSK-TRK-0329,TRK-0329,ENGINEERING_TRACK,PHD,CNB,385.68,386.43,DN,"Track maintenance (AVERAGE TGI 53.2, USFD: OBS)",CSM,True,False,,0.9723,97.2,CRITICAL,34,197,76.7,60kg 90UTS,24.0,758.8,43.1,46.4,53.6,57.7,53.24000000000001,AVERAGE,OBS,1.0,38.5,25.4,40.0,SAFE_RANGE,True,29.3,FOULED,130.0,A,297.0,False,0.0,1.0,21.0,,,,,,,,,,,,,,,,,,,,,,,,,,,,
TSK-TRK-0560,TRK-0560,ENGINEERING_TRACK,GZB,DER,32.65,33.53,DN,"Track maintenance (POOR TGI 47.1, USFD: CLEAR)",CSM,True,False,,0.9845,98.4,CRITICAL,41,207,76.6,60kg 90UTS,22.0,741.9,30.9,45.9,58.8,50.8,47.13,POOR,CLEAR,0.0,52.0,34.6,40.0,SAFE_RANGE,True,49.7,GOOD,130.0,A,223.0,False,0.0,1.0,21.0,,,,,,,,,,,,,,,,,,,,,,,,,,,,
TSK-TRK-0055,TRK-0055,ENGINEERING_TRACK,GZB,DER,31.2,32.03,DN,"Track maintenance (POOR TGI 47.2, USFD: CLEAR)",TAMPING,True,False,,0.9734,97.3,CRITICAL,37,207,76.5,60kg 90UTS,25.0,559.4,44.7,52.5,51.9,46.4,47.22,POOR,CLEAR,0.0,51.5,33.8,40.0,SAFE_RANGE,True,129.3,GOOD,130.0,A,88.0,False,0.0,1.0,25.0,,,,,,,,,,,,,,,,,,,,,,,,,,,,
TSK-TRK-0136,TRK-0136,ENGINEERING_TRACK,NDLS,GZB,15.89,17.7,UP,"Track maintenance (AVERAGE TGI 62.9, USFD: IMR)",TAMPING,True,False,,0.6513,65.1,HIGH,93,187,76.4,60kg 90UTS,20.0,450.7,64.3,63.7,67.0,61.6,62.89000000000001,AVERAGE,IMR,2.0,38.2,22.7,40.0,SAFE_RANGE,True,112.5,SATURATED,130.0,A,89.0,True,75.0,1.0,13.0,,,,,,,,,,,,,,,,,,,,,,,,,,,,
TSK-TRK-0115,TRK-0115,ENGINEERING_TRACK,ALJN,TDL,175.21,176.92,UP,"Track maintenance (POOR TGI 45.2, USFD: OBS)",BCM,True,False,,0.9845,98.5,CRITICAL,45,201,76.4,60kg 90UTS,20.0,671.6,48.8,26.3,52.2,46.0,45.21,POOR,OBS,3.0,31.0,18.8,40.0,SAFE_RANGE,True,137.2,FOULED,160.0,A,178.0,False,0.0,1.0,15.0,,,,,,,,,,,,,,,,,,,,,,,,,,,,
TSK-TRK-0564,TRK-0564,ENGINEERING_TRACK,DER,KRJ,66.38,66.88,UP,"Track maintenance (POOR TGI 48.2, USFD: OBS)",BCM,True,False,,0.9816,98.2,CRITICAL,43,220,76.4,60kg 90UTS,22.0,501.8,54.0,40.0,63.0,45.2,48.220000000000006,POOR,OBS,2.0,53.4,36.2,40.0,SAFE_RANGE,True,103.4,GOOD,130.0,A,268.0,False,0.0,1.0,23.0,,,,,,,,,,,,,,,,,,,,,,,,,,,,
TSK-TRK-0801,TRK-0801,ENGINEERING_TRACK,PHD,CNB,421.88,423.76,UP,"Track maintenance (AVERAGE TGI 63.6, USFD: CLEAR)",TAMPING,True,False,,0.623,62.3,HIGH,82,181,76.2,60kg 90UTS,9.0,307.6,68.8,65.5,66.1,61.2,63.64000000000001,AVERAGE,CLEAR,0.0,51.5,33.6,40.0,SAFE_RANGE,True,125.3,SATURATED,130.0,A,352.0,True,45.0,1.0,29.0,,,,,,,,,,,,,,,,,,,,,,,,,,,,
TSK-TRK-0159,TRK-0159,ENGINEERING_TRACK,PHD,CNB,401.46,403.3,UP,"Track maintenance (POOR TGI 46.0, USFD: OBS)",TAMPING,True,False,,0.9813,98.1,CRITICAL,49,209,76.0,60kg 90UTS,23.0,671.4,47.2,60.5,68.5,39.4,45.98,POOR,OBS,2.0,52.7,38.6,40.0,SAFE_RANGE,True,21.8,FOULED,130.0,A,107.0,False,0.0,1.0,17.0,,,,,,,,,,,,,,,,,,,,,,,,,,,,
TSK-TRK-0138,TRK-0138,ENGINEERING_TRACK,ALJN,TDL,205.35,207.03,UP,"Track maintenance (AVERAGE TGI 54.5, USFD: OBS)",CSM,True,False,,0.6669,66.7,HIGH,107,203,76.0,60kg 90UTS,12.0,342.8,59.9,66.3,76.5,47.1,54.52,AVERAGE,OBS,1.0,46.3,32.8,40.0,SAFE_RANGE,True,138.5,SATURATED,160.0,A,200.0,True,75.0,1.0,26.0,,,,,,,,,,,,,,,,,,,,,,,,,,,,
TSK-TRK-0495,TRK-0495,ENGINEERING_TRACK,DER,KRJ,51.29,53.11,UP,"Track maintenance (AVERAGE TGI 54.9, USFD: OBS)",TAMPING,True,False,,0.941,94.1,CRITICAL,31,205,75.8,60kg 90UTS,25.0,534.3,41.2,37.8,68.5,60.0,54.870000000000005,AVERAGE,OBS,4.0,55.4,43.0,40.0,MODERATE_HEAT_EXPANSION,True,134.2,GOOD,130.0,A,331.0,False,0.0,1.0,20.0,,,,,,,,,,,,,,,,,,,,,,,,,,,,
TSK-TRK-0740,TRK-0740,ENGINEERING_TRACK,TDL,FZD,223.14,225.06,DN,"Track maintenance (AVERAGE TGI 55.2, USFD: OBS)",TAMPING,True,False,,0.9487,94.9,CRITICAL,35,187,75.8,60kg 90UTS,25.0,728.9,67.1,62.0,44.9,51.9,55.25,AVERAGE,OBS,3.0,42.3,24.4,40.0,SAFE_RANGE,True,61.5,FOULED,160.0,A,240.0,False,0.0,1.0,22.0,,,,,,,,,,,,,,,,,,,,,,,,,,,,
TSK-TRK-0067,TRK-0067,ENGINEERING_TRACK,NDLS,GZB,13.28,14.83,UP,"Track maintenance (AVERAGE TGI 55.1, USFD: OBS)",TAMPING,True,False,,0.9452,94.5,CRITICAL,35,197,75.7,60kg 90UTS,21.0,679.8,42.5,59.7,60.2,57.7,55.11,AVERAGE,OBS,4.0,30.8,20.7,40.0,SAFE_RANGE,True,51.2,GOOD,130.0,A,250.0,False,0.0,1.0,22.0,,,,,,,,,,,,,,,,,,,,,,,,,,,,
TSK-TRK-0824,TRK-0824,ENGINEERING_TRACK,NDLS,GZB,1.47,3.1,UP,"Track maintenance (AVERAGE TGI 50.8, USFD: OBS)",CSM,True,False,,0.9562,95.6,CRITICAL,46,201,75.3,60kg 90UTS,22.0,586.3,38.8,47.0,52.5,55.2,50.830000000000005,AVERAGE,OBS,1.0,34.7,20.5,40.0,SAFE_RANGE,True,1.3,FOULED,130.0,A,313.0,False,0.0,1.0,20.0,,,,,,,,,,,,,,,,,,,,,,,,,,,,
TSK-TRK-0493,TRK-0493,ENGINEERING_TRACK,FZD,ETW,243.79,244.52,DN,"Track maintenance (POOR TGI 48.2, USFD: OBS)",CSM,True,False,,0.9457,94.6,CRITICAL,44,211,75.1,60kg 90UTS,20.0,431.7,57.2,52.2,76.2,39.9,48.22,POOR,OBS,5.0,36.6,21.4,40.0,SAFE_RANGE,True,104.6,FOULED,160.0,A,355.0,False,0.0,1.0,21.0,,,,,,,,,,,,,,,,,,,,,,,,,,,,
TSK-SIG-0349,SIG-0349,SIGNAL_AND_TELECOM,ALJN,ALJN,131.39,131.49,DN,"Signal maintenance (POINT_MACHINE at ALJN, Tier: CRITICAL)",NONE,False,True,,0.9984,99.8,CRITICAL,1,150,74.9,,,,,,,,,,,,,,,,,,,,,352.0,,,1.0,6.0,,,,,,,,,,,,,,,POINT_MACHINE,ALJN,131.39,5.55,3.19,0.5,38685.0,0.0,5.0,16.0,0.0,94.1,237.0,15.54
TSK-SIG-0195,SIG-0195,SIGNAL_AND_TELECOM,CNB,CNB,440.0,440.1,UP,"Signal maintenance (POINT_MACHINE at CNB, Tier: CRITICAL)",NONE,False,True,,0.9992,99.9,CRITICAL,1,150,74.9,,,,,,,,,,,,,,,,,,,,,245.0,,,1.0,3.0,,,,,,,,,,,,,,,POINT_MACHINE,CNB,440.0,5.83,4.07,2.1,44830.0,0.0,5.0,4.0,0.0,77.7,418.0,8.85
TSK-SIG-0132,SIG-0132,SIGNAL_AND_TELECOM,KRJ,KRJ,82.0,82.1,YARD,"Signal maintenance (POINT_MACHINE at KRJ, Tier: CRITICAL)",NONE,False,True,,0.9988,99.9,CRITICAL,2,150,74.8,,,,,,,,,,,,,,,,,,,,,74.0,,,1.0,3.0,,,,,,,,,,,,,,,POINT_MACHINE,KRJ,82.0,6.15,3.17,0.5,42155.0,0.0,5.0,11.0,0.0,76.5,288.0,9.26
TSK-SIG-0248,SIG-0248,SIGNAL_AND_TELECOM,FZD,FZD,225.32,225.42,YARD,"Signal maintenance (POINT_MACHINE at FZD, Tier: CRITICAL)",NONE,False,True,,0.9995,100.0,CRITICAL,2,150,74.8,,,,,,,,,,,,,,,,,,,,,181.0,,,1.0,4.0,,,,,,,,,,,,,,,POINT_MACHINE,FZD,225.32,6.25,3.31,2.5,42742.0,0.0,5.0,17.0,0.0,88.2,304.0,11.97
TSK-SIG-0302,SIG-0302,SIGNAL_AND_TELECOM,GZB,GZB,25.81,25.91,UP,"Signal maintenance (POINT_MACHINE at GZB, Tier: CRITICAL)",NONE,False,True,,0.9995,100.0,CRITICAL,2,150,74.8,,,,,,,,,,,,,,,,,,,,,180.0,,,1.0,5.0,,,,,,,,,,,,,,,POINT_MACHINE,GZB,25.81,6.03,3.19,2.5,39747.0,0.0,5.0,18.0,0.0,88.8,10.0,14.79
TSK-SIG-0268,SIG-0268,SIGNAL_AND_TELECOM,ETW,ETW,301.49,301.59,UP,"Signal maintenance (POINT_MACHINE at ETW, Tier: CRITICAL)",NONE,False,True,,0.9988,99.9,CRITICAL,3,150,74.8,,,,,,,,,,,,,,,,,,,,,75.0,,,1.0,5.0,,,,,,,,,,,,,,,POINT_MACHINE,ETW,301.49,6.11,4.02,4.8,36010.0,0.0,5.0,15.0,0.0,77.1,644.0,14.4
TSK-TRK-0411,TRK-0411,ENGINEERING_TRACK,GZB,DER,26.95,28.8,UP,"Track maintenance (POOR TGI 48.4, USFD: OBS)",TAMPING,True,False,,0.922,92.2,CRITICAL,38,201,74.7,60kg 90UTS,18.0,451.2,41.8,68.1,66.9,44.2,48.38000000000001,POOR,OBS,1.0,35.7,20.4,40.0,SAFE_RANGE,True,162.4,FOULED,130.0,A,281.0,False,0.0,1.0,22.0,,,,,,,,,,,,,,,,,,,,,,,,,,,,
TSK-SIG-0213,SIG-0213,SIGNAL_AND_TELECOM,FZD,FZD,227.05,227.15,YARD,"Signal maintenance (POINT_MACHINE at FZD, Tier: CRITICAL)",NONE,False,True,,0.9991,99.9,CRITICAL,4,150,74.7,,,,,,,,,,,,,,,,,,,,,294.0,,,1.0,1.0,,,,,,,,,,,,,,,POINT_MACHINE,FZD,227.05,6.17,3.56,0.8,43359.0,0.0,5.0,3.0,0.0,78.7,292.0,2.4
TSK-TRK-0335,TRK-0335,ENGINEERING_TRACK,FZD,ETW,274.88,276.4,UP,"Track maintenance (POOR TGI 46.9, USFD: OBS)",CSM,True,False,,0.9063,90.6,CRITICAL,29,206,74.7,60kg 90UTS,21.0,523.9,48.5,46.1,59.3,44.5,46.94,POOR,OBS,3.0,38.0,24.7,40.0,SAFE_RANGE,True,69.9,GOOD,160.0,A,23.0,False,0.0,1.0,29.0,,,,,,,,,,,,,,,,,,,,,,,,,,,,
TSK-SIG-0091,SIG-0091,SIGNAL_AND_TELECOM,GZB,GZB,24.93,25.03,UP,"Signal maintenance (POINT_MACHINE at GZB, Tier: CRITICAL)",NONE,False,True,,0.9991,99.9,CRITICAL,4,150,74.7,,,,,,,,,,,,,,,,,,,,,217.0,,,1.0,5.0,,,,,,,,,,,,,,,POINT_MACHINE,GZB,24.93,6.49,3.01,0.5,39707.0,0.0,5.0,10.0,0.0,71.3,663.0,13.03
TSK-SIG-0129,SIG-0129,SIGNAL_AND_TELECOM,DER,DER,37.09,37.19,YARD,"Signal maintenance (POINT_MACHINE at DER, Tier: CRITICAL)",NONE,False,True,,0.9974,99.7,CRITICAL,5,150,74.6,,,,,,,,,,,,,,,,,,,,,95.0,,,1.0,9.0,,,,,,,,,,,,,,,POINT_MACHINE,DER,37.09,5.52,3.01,2.5,40729.0,0.0,5.0,2.0,0.0,75.4,542.0,26.23
TSK-SIG-0377,SIG-0377,SIGNAL_AND_TELECOM,PHD,PHD,357.63,357.73,UP,"Signal maintenance (POINT_MACHINE at PHD, Tier: CRITICAL)",NONE,False,True,,0.9975,99.7,CRITICAL,5,150,74.6,,,,,,,,,,,,,,,,,,,,,109.0,,,1.0,6.0,,,,,,,,,,,,,,,POINT_MACHINE,PHD,357.63,6.03,2.84,0.5,39874.0,0.0,5.0,5.0,0.0,71.3,520.0,17.03
TSK-SIG-0157,SIG-0157,SIGNAL_AND_TELECOM,DER,DER,35.7,35.8,YARD,"Signal maintenance (POINT_MACHINE at DER, Tier: CRITICAL)",NONE,False,True,,0.9961,99.6,CRITICAL,4,150,74.6,,,,,,,,,,,,,,,,,,,,,236.0,,,1.0,4.0,,,,,,,,,,,,,,,POINT_MACHINE,DER,35.7,5.36,3.48,0.5,40025.0,0.0,5.0,14.0,0.0,80.4,381.0,11.57
TSK-OHE-0432,OHE-0432,TRACTION_DISTRIBUTION_OHE,DER,KRJ,54.57,55.94,UP,"OHE maintenance (Wire wear 100.0%, ATD: NORMAL)",TOWER_WAGON,True,False,,0.9994,99.9,CRITICAL,6,168,74.6,,,,,,,,,,,,,20.5,,,,,,,,323.0,,,1.0,11.0,54/13,54/21,8.0,100.0,CONDEMN_RENEW,CRITICAL,473.8,NORMAL,5661.0,64.0,CLEAN,34.0,STABLE,True,,,,,,,,,,,,,,
TSK-SIG-0281,SIG-0281,SIGNAL_AND_TELECOM,NDLS,NDLS,0.74,0.84,YARD,"Signal maintenance (POINT_MACHINE at NDLS, Tier: CRITICAL)",NONE,False,True,,0.9988,99.9,CRITICAL,5,150,74.6,,,,,,,,,,,,,,,,,,,,,147.0,,,1.0,4.0,,,,,,,,,,,,,,,POINT_MACHINE,NDLS,0.74,5.92,3.65,3.6,43760.0,0.0,5.0,12.0,0.0,81.7,214.0,12.0
TSK-SIG-0094,SIG-0094,SIGNAL_AND_TELECOM,FZD,FZD,226.12,226.22,UP,"Signal maintenance (POINT_MACHINE at FZD, Tier: CRITICAL)",NONE,False,True,,0.9985,99.8,CRITICAL,5,150,74.6,,,,,,,,,,,,,,,,,,,,,243.0,,,1.0,6.0,,,,,,,,,,,,,,,POINT_MACHINE,FZD,226.12,5.6,3.18,0.5,42637.0,0.0,5.0,3.0,0.0,90.8,361.0,15.03
TSK-OHE-0082,OHE-0082,TRACTION_DISTRIBUTION_OHE,FZD,ETW,273.33,274.55,UP,"OHE maintenance (Wire wear 100.0%, ATD: NORMAL)",TOWER_WAGON,True,False,,0.9991,99.9,CRITICAL,6,167,74.6,,,,,,,,,,,,,40.4,,,,,,,,345.0,,,1.0,1.0,273/3,273/22,8.0,100.0,CONDEMN_RENEW,WORN,655.5,NORMAL,5517.0,-71.0,FLASHOVER_RISK,25.0,STABLE,True,,,,,,,,,,,,,,
TSK-OHE-0320,OHE-0320,TRACTION_DISTRIBUTION_OHE,ETW,PHD,302.66,303.51,DN,"OHE maintenance (Wire wear 100.0%, ATD: NORMAL)",TOWER_WAGON,True,False,,0.9995,100.0,CRITICAL,6,167,74.6,,,,,,,,,,,,,39.7,,,,,,,,324.0,,,1.0,11.0,302/9,302/20,8.03,100.0,CONDEMN_RENEW,WORN,565.9,NORMAL,5553.0,107.0,CLEAN,26.0,STABLE,True,,,,,,,,,,,,,,
TSK-SIG-0163,SIG-0163,SIGNAL_AND_TELECOM,ETW,ETW,299.97,300.07,DN,"Signal maintenance (POINT_MACHINE at ETW, Tier: HIGH)",NONE,False,True,,0.9926,99.3,CRITICAL,2,150,74.6,,,,,,,,,,,,,,,,,,,,,159.0,,,1.0,13.0,,,,,,,,,,,,,,,POINT_MACHINE,ETW,299.97,6.04,2.7,5.6,26690.0,0.0,5.0,19.0,0.0,90.0,40.0,35.62
TSK-SIG-0002,SIG-0002,SIGNAL_AND_TELECOM,KRJ,KRJ,81.85,81.95,UP,"Signal maintenance (POINT_MACHINE at KRJ, Tier: CRITICAL)",NONE,False,True,,0.9957,99.6,CRITICAL,3,150,74.6,,,,,,,,,,,,,,,,,,,,,56.0,,,1.0,9.0,,,,,,,,,,,,,,,POINT_MACHINE,KRJ,81.85,5.7,3.71,6.6,42550.0,0.0,5.0,6.0,0.0,92.5,320.0,24.3
TSK-TRK-0074,TRK-0074,ENGINEERING_TRACK,ALJN,TDL,164.81,166.01,DN,"Track maintenance (AVERAGE TGI 55.2, USFD: CLEAR)",TAMPING,True,False,,0.9224,92.2,CRITICAL,40,184,74.5,60kg 90UTS,23.0,530.2,48.5,52.2,64.0,56.5,55.220000000000006,AVERAGE,CLEAR,0.0,39.4,25.1,40.0,SAFE_RANGE,True,78.8,GOOD,160.0,A,311.0,False,0.0,1.0,28.0,,,,,,,,,,,,,,,,,,,,,,,,,,,,
TSK-SIG-0025,SIG-0025,SIGNAL_AND_TELECOM,FZD,FZD,224.88,224.98,YARD,"Signal maintenance (POINT_MACHINE at FZD, Tier: CRITICAL)",NONE,False,True,,0.9988,99.9,CRITICAL,6,150,74.5,,,,,,,,,,,,,,,,,,,,,87.0,,,1.0,9.0,,,,,,,,,,,,,,,POINT_MACHINE,FZD,224.88,5.97,3.03,4.7,36513.0,0.0,5.0,20.0,0.0,90.0,339.0,25.61
TSK-SIG-0061,SIG-0061,SIGNAL_AND_TELECOM,FZD,FZD,225.35,225.45,YARD,"Signal maintenance (POINT_MACHINE at FZD, Tier: CRITICAL)",NONE,False,True,,0.9983,99.8,CRITICAL,7,150,74.5,,,,,,,,,,,,,,,,,,,,,267.0,,,1.0,9.0,,,,,,,,,,,,,,,POINT_MACHINE,FZD,225.35,6.19,3.5,8.3,41699.0,0.0,5.0,14.0,0.0,72.9,189.0,24.9
TSK-OHE-0131,OHE-0131,TRACTION_DISTRIBUTION_OHE,NDLS,GZB,17.43,18.61,DN,"OHE maintenance (Wire wear 100.0%, ATD: NORMAL)",TOWER_WAGON,True,False,,0.9995,99.9,CRITICAL,7,167,74.5,,,,,,,,,,,,,32.3,,,,,,,,345.0,,,1.0,11.0,17/5,17/18,8.0,100.0,CONDEMN_RENEW,CRITICAL,558.3,NORMAL,5524.0,40.0,CLEAN,21.0,STABLE,True,,,,,,,,,,,,,,
TSK-SIG-0156,SIG-0156,SIGNAL_AND_TELECOM,PHD,PHD,356.1,356.2,DN,"Signal maintenance (POINT_MACHINE at PHD, Tier: CRITICAL)",NONE,False,True,,0.9985,99.8,CRITICAL,6,150,74.5,,,,,,,,,,,,,,,,,,,,,155.0,,,1.0,4.0,,,,,,,,,,,,,,,POINT_MACHINE,PHD,356.1,6.19,3.58,4.0,44046.0,0.0,5.0,15.0,0.0,78.7,130.0,12.0
TSK-SIG-0232,SIG-0232,SIGNAL_AND_TELECOM,GZB,GZB,25.11,25.21,UP,"Signal maintenance (POINT_MACHINE at GZB, Tier: CRITICAL)",NONE,False,True,,0.9988,99.9,CRITICAL,7,150,74.5,,,,,,,,,,,,,,,,,,,,,300.0,,,1.0,1.0,,,,,,,,,,,,,,,POINT_MACHINE,GZB,25.11,6.31,3.68,0.8,40423.0,0.0,5.0,11.0,0.0,90.7,14.0,2.4
TSK-SIG-0205,SIG-0205,SIGNAL_AND_TELECOM,TDL,TDL,210.24,210.34,YARD,"Signal maintenance (POINT_MACHINE at TDL, Tier: CRITICAL)",NONE,False,True,,0.9989,99.9,CRITICAL,7,150,74.5,,,,,,,,,,,,,,,,,,,,,125.0,,,1.0,6.0,,,,,,,,,,,,,,,POINT_MACHINE,TDL,210.24,5.86,3.17,2.6,34696.0,0.0,5.0,3.0,0.0,72.0,197.0,17.66
TSK-SIG-0237,SIG-0237,SIGNAL_AND_TELECOM,DER,DER,36.44,36.54,UP,"Signal maintenance (POINT_MACHINE at DER, Tier: HIGH)",NONE,False,True,,0.9932,99.3,CRITICAL,4,150,74.5,,,,,,,,,,,,,,,,,,,,,102.0,,,1.0,15.0,,,,,,,,,,,,,,,POINT_MACHINE,DER,36.44,5.51,3.0,7.3,31532.0,0.0,5.0,1.0,0.0,97.3,432.0,41.01
TSK-SIG-0070,SIG-0070,SIGNAL_AND_TELECOM,FZD,FZD,224.88,224.98,UP,"Signal maintenance (POINT_MACHINE at FZD, Tier: CRITICAL)",NONE,False,True,,0.9991,99.9,CRITICAL,7,150,74.5,,,,,,,,,,,,,,,,,,,,,232.0,,,1.0,8.0,,,,,,,,,,,,,,,POINT_MACHINE,FZD,224.88,5.95,3.17,4.4,37722.0,0.0,5.0,8.0,0.0,96.5,54.0,21.71
TSK-OHE-0522,OHE-0522,TRACTION_DISTRIBUTION_OHE,FZD,ETW,284.93,285.46,DN,"OHE maintenance (Wire wear 100.0%, ATD: NORMAL)",TOWER_WAGON,True,False,,0.9993,99.9,CRITICAL,7,163,74.5,,,,,,,,,,,,,22.2,,,,,,,,325.0,,,1.0,11.0,284/5,284/30,8.0,100.0,CONDEMN_RENEW,GOOD,503.9,NORMAL,5532.0,20.0,CLEAN,20.0,STABLE,True,,,,,,,,,,,,,,
TSK-OHE-0022,OHE-0022,TRACTION_DISTRIBUTION_OHE,TDL,FZD,223.75,224.34,DN,"OHE maintenance (Wire wear 95.5%, ATD: NORMAL)",TOWER_WAGON,True,False,,0.9993,99.9,CRITICAL,9,161,74.4,,,,,,,,,,,,,25.7,,,,,,,,331.0,,,1.0,1.0,223/3,223/16,8.43,95.5,CONDEMN_RENEW,CRITICAL,494.7,NORMAL,5536.0,62.0,FLASHOVER_RISK,27.0,SETTLEMENT,True,,,,,,,,,,,,,,
TSK-OHE-0530,OHE-0530,TRACTION_DISTRIBUTION_OHE,TDL,FZD,221.0,221.86,UP,"OHE maintenance (Wire wear 100.0%, ATD: NORMAL)",TOWER_WAGON,True,False,,0.9991,99.9,CRITICAL,8,165,74.4,,,,,,,,,,,,,20.5,,,,,,,,355.0,,,1.0,11.0,221/13,221/28,8.0,100.0,CONDEMN_RENEW,GOOD,491.4,NORMAL,5509.0,-103.0,CLEAN,18.0,STABLE,True,,,,,,,,,,,,,,
TSK-OHE-0374,OHE-0374,TRACTION_DISTRIBUTION_OHE,ALJN,TDL,146.3,147.03,UP,"OHE maintenance (Wire wear 88.0%, ATD: NORMAL)",TOWER_WAGON,True,False,,0.9994,99.9,CRITICAL,9,161,74.4,,,,,,,,,,,,,36.7,,,,,,,,332.0,,,1.0,11.0,146/5,146/27,8.73,88.0,CONDEMN_RENEW,CRITICAL,544.2,NORMAL,5689.0,-19.0,CLEAN,28.0,STABLE,True,,,,,,,,,,,,,,
TSK-OHE-0133,OHE-0133,TRACTION_DISTRIBUTION_OHE,PHD,CNB,364.23,365.07,DN,"OHE maintenance (Wire wear 100.0%, ATD: NORMAL)",TOWER_WAGON,True,False,,0.9995,99.9,CRITICAL,9,164,74.4,,,,,,,,,,,,,30.2,,,,,,,,348.0,,,1.0,11.0,364/6,364/17,8.0,100.0,CONDEMN_RENEW,WORN,486.0,NORMAL,5591.0,0.0,CLEAN,24.0,STABLE,True,,,,,,,,,,,,,,
TSK-SIG-0319,SIG-0319,SIGNAL_AND_TELECOM,CNB,CNB,440.0,440.1,UP,"Signal maintenance (POINT_MACHINE at CNB, Tier: HIGH)",NONE,False,True,,0.9972,99.7,CRITICAL,8,150,74.4,,,,,,,,,,,,,,,,,,,,,194.0,,,1.0,13.0,,,,,,,,,,,,,,,POINT_MACHINE,CNB,440.0,5.49,2.95,4.9,36103.0,0.0,5.0,1.0,0.0,92.5,263.0,35.29
TSK-OHE-0171,OHE-0171,TRACTION_DISTRIBUTION_OHE,PHD,CNB,385.51,386.64,UP,"OHE maintenance (Wire wear 93.0%, ATD: NORMAL)",TOWER_WAGON,True,False,,0.9996,100.0,CRITICAL,9,166,74.4,,,,,,,,,,,,,37.7,,,,,,,,259.0,,,1.0,12.0,385/1,385/17,8.53,93.0,CONDEMN_RENEW,WORN,539.2,NORMAL,5562.0,79.0,CLEAN,25.0,STABLE,True,,,,,,,,,,,,,,
TSK-OHE-0406,OHE-0406,TRACTION_DISTRIBUTION_OHE,FZD,ETW,287.71,288.42,UP,"OHE maintenance (Wire wear 100.0%, ATD: NORMAL)",TOWER_WAGON,True,False,,0.9995,99.9,CRITICAL,9,165,74.4,,,,,,,,,,,,,16.1,,,,,,,,349.0,,,1.0,11.0,287/2,287/29,8.0,100.0,CONDEMN_RENEW,GOOD,505.5,NORMAL,5540.0,-78.0,CLEAN,35.0,STABLE,True,,,,,,,,,,,,,,
TSK-OHE-0387,OHE-0387,TRACTION_DISTRIBUTION_OHE,TDL,FZD,212.49,213.26,UP,"OHE maintenance (Wire wear 100.0%, ATD: NORMAL)",TOWER_WAGON,True,False,,0.9991,99.9,CRITICAL,8,165,74.4,,,,,,,,,,,,,42.2,,,,,,,,358.0,,,1.0,11.0,212/7,212/23,8.0,100.0,CONDEMN_RENEW,GOOD,536.2,NORMAL,5501.0,28.0,CLEAN,23.0,STABLE,True,,,,,,,,,,,,,,
TSK-OHE-0004,OHE-0004,TRACTION_DISTRIBUTION_OHE,NDLS,GZB,2.26,3.38,DN,"OHE maintenance (Wire wear 100.0%, ATD: NORMAL)",TOWER_WAGON,True,False,,0.9996,100.0,CRITICAL,8,167,74.4,,,,,,,,,,,,,36.0,,,,,,,,350.0,,,1.0,7.0,2/6,2/32,8.22,100.0,CONDEMN_RENEW,WORN,551.7,NORMAL,5577.0,-113.0,POLLUTED,23.0,STABLE,True,,,,,,,,,,,,,,
TSK-OHE-0425,OHE-0425,TRACTION_DISTRIBUTION_OHE,ALJN,TDL,187.11,187.94,UP,"OHE maintenance (Wire wear 98.0%, ATD: NORMAL)",TOWER_WAGON,True,False,,0.9997,100.0,CRITICAL,9,166,74.4,,,,,,,,,,,,,32.1,,,,,,,,262.0,,,1.0,12.0,187/6,187/16,8.33,98.0,CONDEMN_RENEW,WORN,631.1,NORMAL,5614.0,-88.0,CLEAN,28.0,STABLE,True,,,,,,,,,,,,,,
TSK-SIG-0144,SIG-0144,SIGNAL_AND_TELECOM,FZD,FZD,225.9,226.0,UP,"Signal maintenance (POINT_MACHINE at FZD, Tier: CRITICAL)",NONE,False,True,,0.9976,99.8,CRITICAL,8,150,74.4,,,,,,,,,,,,,,,,,,,,,123.0,,,1.0,8.0,,,,,,,,,,,,,,,POINT_MACHINE,FZD,225.9,5.55,3.25,3.4,38985.0,0.0,5.0,18.0,0.0,98.8,596.0,22.83
TSK-OHE-0343,OHE-0343,TRACTION_DISTRIBUTION_OHE,TDL,FZD,217.67,218.96,UP,"OHE maintenance (Wire wear 100.0%, ATD: NORMAL)",TOWER_WAGON,True,False,,0.9995,100.0,CRITICAL,9,167,74.4,,,,,,,,,,,,,33.0,,,,,,,,341.0,,,1.0,7.0,217/14,217/29,8.0,100.0,CONDEMN_RENEW,GOOD,556.1,NORMAL,5655.0,-94.0,POLLUTED,29.0,STABLE,True,,,,,,,,,,,,,,
TSK-OHE-0192,OHE-0192,TRACTION_DISTRIBUTION_OHE,KRJ,ALJN,114.38,115.69,UP,"OHE maintenance (Wire wear 88.0%, ATD: NORMAL)",TOWER_WAGON,True,False,,0.9997,100.0,CRITICAL,8,161,74.4,,,,,,,,,,,,,28.7,,,,,,,,266.0,,,1.0,12.0,114/11,114/21,8.73,88.0,CONDEMN_RENEW,CRITICAL,567.2,NORMAL,5628.0,135.0,CLEAN,35.0,STABLE,True,,,,,,,,,,,,,,
TSK-OHE-0348,OHE-0348,TRACTION_DISTRIBUTION_OHE,FZD,ETW,227.05,228.55,UP,"OHE maintenance (Wire wear 100.0%, ATD: NORMAL)",TOWER_WAGON,True,False,,0.9991,99.9,CRITICAL,9,168,74.4,,,,,,,,,,,,,41.9,,,,,,,,335.0,,,1.0,11.0,227/13,227/27,8.0,100.0,CONDEMN_RENEW,GOOD,561.6,NORMAL,5584.0,-154.0,CLEAN,31.0,STABLE,True,,,,,,,,,,,,,,
TSK-OHE-0186,OHE-0186,TRACTION_DISTRIBUTION_OHE,GZB,DER,29.41,30.12,DN,"OHE maintenance (Wire wear 97.0%, ATD: NORMAL)",TOWER_WAGON,True,False,,0.9993,99.9,CRITICAL,9,164,74.4,,,,,,,,,,,,,15.5,,,,,,,,333.0,,,1.0,11.0,29/12,29/17,8.37,97.0,CONDEMN_RENEW,CRITICAL,530.2,NORMAL,5667.0,-21.0,CLEAN,25.0,STABLE,True,,,,,,,,,,,,,,
TSK-OHE-0091,OHE-0091,TRACTION_DISTRIBUTION_OHE,TDL,FZD,217.51,218.12,DN,"OHE maintenance (Wire wear 100.0%, ATD: NORMAL)",TOWER_WAGON,True,False,,0.9991,99.9,CRITICAL,9,165,74.4,,,,,,,,,,,,,28.1,,,,,,,,338.0,,,1.0,1.0,217/10,217/22,8.25,100.0,CONDEMN_RENEW,CRITICAL,437.9,NORMAL,5591.0,-79.0,FLASHOVER_RISK,26.0,STABLE,True,,,,,,,,,,,,,,
TSK-OHE-0359,OHE-0359,TRACTION_DISTRIBUTION_OHE,KRJ,ALJN,129.41,130.1,DN,"OHE maintenance (Wire wear 92.7%, ATD: NORMAL)",TOWER_WAGON,True,False,,0.9994,99.9,CRITICAL,9,163,74.4,,,,,,,,,,,,,24.6,,,,,,,,340.0,,,1.0,11.0,129/8,129/18,8.54,92.7,CONDEMN_RENEW,GOOD,538.2,NORMAL,5603.0,-78.0,CLEAN,30.0,STABLE,True,,,,,,,,,,,,,,
TSK-OHE-0367,OHE-0367,TRACTION_DISTRIBUTION_OHE,NDLS,GZB,11.21,11.77,UP,"OHE maintenance (Wire wear 95.5%, ATD: NORMAL)",TOWER_WAGON,True,False,,0.9996,100.0,CRITICAL,8,163,74.4,,,,,,,,,,,,,15.3,,,,,,,,351.0,,,1.0,11.0,11/15,11/20,8.43,95.5,CONDEMN_RENEW,WORN,426.0,NORMAL,5468.0,-42.0,CLEAN,30.0,STABLE,True,,,,,,,,,,,,,,
TSK-OHE-0287,OHE-0287,TRACTION_DISTRIBUTION_OHE,ETW,PHD,347.89,348.49,UP,"OHE maintenance (Wire wear 98.0%, ATD: NORMAL)",TOWER_WAGON,True,False,,0.9995,100.0,CRITICAL,9,163,74.4,,,,,,,,,,,,,42.3,,,,,,,,342.0,,,1.0,7.0,347/10,347/32,8.33,98.0,CONDEMN_RENEW,WORN,567.5,NORMAL,5600.0,-57.0,POLLUTED,29.0,STABLE,True,,,,,,,,,,,,,,
TSK-OHE-0520,OHE-0520,TRACTION_DISTRIBUTION_OHE,GZB,DER,27.71,29.01,UP,"OHE maintenance (Wire wear 100.0%, ATD: NORMAL)",TOWER_WAGON,True,False,,0.9993,99.9,CRITICAL,9,167,74.4,,,,,,,,,,,,,34.1,,,,,,,,346.0,,,1.0,7.0,27/10,27/26,8.09,100.0,CONDEMN_RENEW,WORN,500.8,NORMAL,5471.0,-83.0,POLLUTED,33.0,STABLE,True,,,,,,,,,,,,,,
TSK-SIG-0016,SIG-0016,SIGNAL_AND_TELECOM,PHD,PHD,358.15,358.25,DN,"Signal maintenance (POINT_MACHINE at PHD, Tier: CRITICAL)",NONE,False,True,,0.9978,99.8,CRITICAL,8,150,74.4,,,,,,,,,,,,,,,,,,,,,42.0,,,1.0,4.0,,,,,,,,,,,,,,,POINT_MACHINE,PHD,358.15,5.78,3.38,1.2,44076.0,0.0,5.0,11.0,0.0,77.3,145.0,9.72
TSK-SIG-0434,SIG-0434,SIGNAL_AND_TELECOM,TDL,TDL,208.08,208.18,UP,"Signal maintenance (POINT_MACHINE at TDL, Tier: CRITICAL)",NONE,False,True,,0.9977,99.8,CRITICAL,8,150,74.4,,,,,,,,,,,,,,,,,,,,,100.0,,,1.0,9.0,,,,,,,,,,,,,,,POINT_MACHINE,TDL,208.08,5.78,2.83,2.3,26375.0,0.0,5.0,3.0,0.0,80.5,125.0,25.96
TSK-OHE-0254,OHE-0254,TRACTION_DISTRIBUTION_OHE,NDLS,GZB,19.53,20.51,UP,"OHE maintenance (Wire wear 88.2%, ATD: NORMAL)",TOWER_WAGON,True,False,,0.9993,99.9,CRITICAL,9,162,74.4,,,,,,,,,,,,,17.6,,,,,,,,133.0,,,1.0,14.0,19/10,19/25,8.72,88.2,CONDEMN_RENEW,WORN,455.3,NORMAL,5543.0,62.0,CLEAN,24.0,STABLE,True,,,,,,,,,,,,,,
TSK-SIG-0441,SIG-0441,SIGNAL_AND_TELECOM,ETW,ETW,302.11,302.21,UP,"Signal maintenance (POINT_MACHINE at ETW, Tier: CRITICAL)",NONE,False,True,,0.9991,99.9,CRITICAL,9,150,74.4,,,,,,,,,,,,,,,,,,,,,344.0,,,1.0,9.0,,,,,,,,,,,,,,,POINT_MACHINE,ETW,302.11,5.9,2.98,4.0,35078.0,0.0,5.0,4.0,0.0,97.9,584.0,25.74
TSK-OHE-0201,OHE-0201,TRACTION_DISTRIBUTION_OHE,NDLS,GZB,7.72,8.36,DN,"OHE maintenance (Wire wear 100.0%, ATD: NORMAL)",TOWER_WAGON,True,False,,0.9993,99.9,CRITICAL,9,164,74.4,,,,,,,,,,,,,18.3,,,,,,,,346.0,,,1.0,11.0,7/12,7/29,8.0,100.0,CONDEMN_RENEW,WORN,491.8,NORMAL,5582.0,-67.0,CLEAN,31.0,STABLE,True,,,,,,,,,,,,,,
TSK-OHE-0020,OHE-0020,TRACTION_DISTRIBUTION_OHE,DER,KRJ,62.69,63.71,UP,"OHE maintenance (Wire wear 100.0%, ATD: NORMAL)",TOWER_WAGON,True,False,,0.9992,99.9,CRITICAL,10,165,74.3,,,,,,,,,,,,,28.8,,,,,,,,333.0,,,1.0,11.0,62/7,62/30,8.0,100.0,CONDEMN_RENEW,WORN,516.1,NORMAL,5585.0,-30.0,CLEAN,20.0,STABLE,True,,,,,,,,,,,,,,
TSK-SIG-0099,SIG-0099,SIGNAL_AND_TELECOM,TDL,TDL,207.54,207.64,DN,"Signal maintenance (POINT_MACHINE at TDL, Tier: CRITICAL)",NONE,False,True,,0.9953,99.5,CRITICAL,8,150,74.3,,,,,,,,,,,,,,,,,,,,,74.0,,,1.0,8.0,,,,,,,,,,,,,,,POINT_MACHINE,TDL,207.54,5.99,3.42,6.7,35140.0,0.0,5.0,10.0,0.0,71.9,557.0,22.13
TSK-OHE-0492,OHE-0492,TRACTION_DISTRIBUTION_OHE,TDL,FZD,216.25,217.02,UP,"OHE maintenance (Wire wear 100.0%, ATD: NORMAL)",TOWER_WAGON,True,False,,0.9995,99.9,CRITICAL,10,164,74.3,,,,,,,,,,,,,25.0,,,,,,,,254.0,,,1.0,8.0,216/2,216/23,8.0,100.0,CONDEMN_RENEW,GOOD,509.4,NORMAL,5477.0,-80.0,POLLUTED,27.0,STABLE,True,,,,,,,,,,,,,,
TSK-OHE-0529,OHE-0529,TRACTION_DISTRIBUTION_OHE,GZB,DER,29.41,30.77,UP,"OHE maintenance (Wire wear 100.0%, ATD: NORMAL)",TOWER_WAGON,True,False,,0.9993,99.9,CRITICAL,10,167,74.3,,,,,,,,,,,,,37.5,,,,,,,,327.0,,,1.0,1.0,29/11,29/19,8.0,100.0,CONDEMN_RENEW,WORN,634.1,NORMAL,5488.0,196.0,FLASHOVER_RISK,28.0,STABLE,True,,,,,,,,,,,,,,
TSK-OHE-0134,OHE-0134,TRACTION_DISTRIBUTION_OHE,ETW,PHD,330.57,331.28,DN,"OHE maintenance (Wire wear 88.2%, ATD: NORMAL)",TOWER_WAGON,True,False,,0.9996,100.0,CRITICAL,10,161,74.3,,,,,,,,,,,,,20.1,,,,,,,,265.0,,,1.0,12.0,330/14,330/23,8.72,88.2,CONDEMN_RENEW,WORN,363.2,NORMAL,5551.0,-66.0,CLEAN,17.0,STABLE,True,,,,,,,,,,,,,,
TSK-SIG-0389,SIG-0389,SIGNAL_AND_TELECOM,NDLS,NDLS,0.0,0.1,UP,"Signal maintenance (POINT_MACHINE at NDLS, Tier: CRITICAL)",NONE,False,True,,0.9982,99.8,CRITICAL,9,150,74.3,,,,,,,,,,,,,,,,,,,,,166.0,,,1.0,7.0,,,,,,,,,,,,,,,POINT_MACHINE,NDLS,0.0,6.13,3.57,6.1,44298.0,0.0,5.0,5.0,0.0,92.5,35.0,18.3
TSK-OHE-0329,OHE-0329,TRACTION_DISTRIBUTION_OHE,ETW,PHD,327.38,328.59,DN,"OHE maintenance (Wire wear 95.0%, ATD: NORMAL)",TOWER_WAGON,True,False,,0.9994,99.9,CRITICAL,10,167,74.3,,,,,,,,,,,,,21.6,,,,,,,,326.0,,,1.0,11.0,327/10,327/24,8.45,95.0,CONDEMN_RENEW,WORN,377.9,NORMAL,5640.0,61.0,CLEAN,27.0,STABLE,True,,,,,,,,,,,,,,
TSK-OHE-0159,OHE-0159,TRACTION_DISTRIBUTION_OHE,NDLS,GZB,6.07,6.98,UP,"OHE maintenance (Wire wear 100.0%, ATD: NORMAL)",TOWER_WAGON,True,False,,0.9994,99.9,CRITICAL,10,165,74.3,,,,,,,,,,,,,21.4,,,,,,,,340.0,,,1.0,11.0,6/3,6/21,8.0,100.0,CONDEMN_RENEW,CRITICAL,510.8,NORMAL,5437.0,-67.0,CLEAN,34.0,STABLE,True,,,,,,,,,,,,,,
TSK-SIG-0159,SIG-0159,SIGNAL_AND_TELECOM,NDLS,NDLS,1.14,1.24,UP,"Signal maintenance (POINT_MACHINE at NDLS, Tier: CRITICAL)",NONE,False,True,,0.9948,99.5,CRITICAL,8,150,74.3,,,,,,,,,,,,,,,,,,,,,140.0,,,1.0,8.0,,,,,,,,,,,,,,,POINT_MACHINE,NDLS,1.14,5.48,3.05,1.2,34591.0,0.0,5.0,11.0,0.0,75.9,674.0,21.99
TSK-OHE-0407,OHE-0407,TRACTION_DISTRIBUTION_OHE,ALJN,TDL,197.3,198.64,UP,"OHE maintenance (Wire wear 95.2%, ATD: NORMAL)",TOWER_WAGON,True,False,,0.9995,100.0,CRITICAL,10,166,74.3,,,,,,,,,,,,,35.0,,,,,,,,271.0,,,1.0,1.0,197/2,197/20,8.44,95.2,CONDEMN_RENEW,CRITICAL,606.4,NORMAL,5515.0,-51.0,FLASHOVER_RISK,26.0,TILTING,True,,,,,,,,,,,,,,
TSK-SIG-0155,SIG-0155,SIGNAL_AND_TELECOM,GZB,GZB,24.06,24.16,UP,"Signal maintenance (POINT_MACHINE at GZB, Tier: CRITICAL)",NONE,False,True,,0.9977,99.8,CRITICAL,9,150,74.3,,,,,,,,,,,,,,,,,,,,,169.0,,,1.0,10.0,,,,,,,,,,,,,,,POINT_MACHINE,GZB,24.06,6.38,2.84,3.9,41574.0,0.0,5.0,7.0,0.0,85.3,385.0,27.23
TSK-SIG-0448,SIG-0448,SIGNAL_AND_TELECOM,PHD,PHD,357.64,357.74,YARD,"Signal maintenance (POINT_MACHINE at PHD, Tier: CRITICAL)",NONE,False,True,,0.9956,99.6,CRITICAL,8,150,74.3,,,,,,,,,,,,,,,,,,,,,34.0,,,1.0,8.0,,,,,,,,,,,,,,,POINT_MACHINE,PHD,357.64,6.39,3.59,7.5,30806.0,0.0,5.0,11.0,0.0,88.6,368.0,22.5
TSK-SIG-0282,SIG-0282,SIGNAL_AND_TELECOM,DER,DER,36.38,36.48,DN,"Signal maintenance (POINT_MACHINE at DER, Tier: CRITICAL)",NONE,False,True,,0.9972,99.7,CRITICAL,9,150,74.3,,,,,,,,,,,,,,,,,,,,,276.0,,,1.0,8.0,,,,,,,,,,,,,,,POINT_MACHINE,DER,36.38,5.21,3.32,1.7,36994.0,0.0,5.0,13.0,0.0,81.1,153.0,21.19
TSK-OHE-0288,OHE-0288,TRACTION_DISTRIBUTION_OHE,DER,KRJ,38.62,39.59,UP,"OHE maintenance (Wire wear 93.2%, ATD: NORMAL)",TOWER_WAGON,True,False,,0.9989,99.9,CRITICAL,9,164,74.3,,,,,,,,,,,,,26.5,,,,,,,,335.0,,,1.0,11.0,38/14,38/24,8.52,93.2,CONDEMN_RENEW,WORN,517.6,NORMAL,5544.0,-73.0,CLEAN,23.0,STABLE,True,,,,,,,,,,,,,,
TSK-OHE-0163,OHE-0163,TRACTION_DISTRIBUTION_OHE,ALJN,TDL,161.72,162.79,DN,"OHE maintenance (Wire wear 93.2%, ATD: NORMAL)",TOWER_WAGON,True,False,,0.9989,99.9,CRITICAL,9,165,74.3,,,,,,,,,,,,,22.7,,,,,,,,337.0,,,1.0,1.0,161/14,161/27,8.52,93.2,CONDEMN_RENEW,CRITICAL,531.6,NORMAL,5486.0,-26.0,FLASHOVER_RISK,32.0,STABLE,True,,,,,,,,,,,,,,
TSK-SIG-0234,SIG-0234,SIGNAL_AND_TELECOM,TDL,TDL,208.23,208.33,YARD,"Signal maintenance (POINT_MACHINE at TDL, Tier: CRITICAL)",NONE,False,True,,0.9986,99.9,CRITICAL,9,150,74.3,,,,,,,,,,,,,,,,,,,,,359.0,,,1.0,8.0,,,,,,,,,,,,,,,POINT_MACHINE,TDL,208.23,6.5,3.1,4.7,41751.0,0.0,5.0,13.0,0.0,73.9,104.0,23.51
TSK-OHE-0433,OHE-0433,TRACTION_DISTRIBUTION_OHE,KRJ,ALJN,115.22,116.26,UP,"OHE maintenance (Wire wear 100.0%, ATD: NORMAL)",TOWER_WAGON,True,False,,0.9993,99.9,CRITICAL,10,168,74.3,,,,,,,,,,,,,31.7,,,,,,,,314.0,,,1.0,11.0,115/5,115/24,8.17,100.0,CONDEMN_RENEW,WORN,624.0,NORMAL,5613.0,56.0,CLEAN,28.0,STABLE,True,,,,,,,,,,,,,,
TSK-OHE-0010,OHE-0010,TRACTION_DISTRIBUTION_OHE,NDLS,GZB,11.0,11.56,UP,"OHE maintenance (Wire wear 87.0%, ATD: NORMAL)",TOWER_WAGON,True,False,,0.9993,99.9,CRITICAL,10,159,74.3,,,,,,,,,,,,,40.8,,,,,,,,267.0,,,1.0,2.0,11/1,11/32,8.77,87.0,CONDEMN_RENEW,WORN,696.0,NORMAL,5561.0,-29.0,FLASHOVER_RISK,29.0,STABLE,True,,,,,,,,,,,,,,
TSK-OHE-0195,OHE-0195,TRACTION_DISTRIBUTION_OHE,GZB,DER,31.42,32.76,UP,"OHE maintenance (Wire wear 92.2%, ATD: NORMAL)",TOWER_WAGON,True,False,,0.9992,99.9,CRITICAL,10,167,74.3,,,,,,,,,,,,,17.1,,,,,,,,315.0,,,1.0,1.0,31/6,31/32,8.56,92.2,CONDEMN_RENEW,GOOD,457.2,NORMAL,5604.0,46.0,FLASHOVER_RISK,23.0,STABLE,True,,,,,,,,,,,,,,
TSK-OHE-0451,OHE-0451,TRACTION_DISTRIBUTION_OHE,PHD,CNB,390.53,391.77,UP,"OHE maintenance (Wire wear 100.0%, ATD: NORMAL)",TOWER_WAGON,True,False,,0.9993,99.9,CRITICAL,10,168,74.3,,,,,,,,,,,,,32.6,,,,,,,,314.0,,,1.0,11.0,390/14,390/32,8.0,100.0,CONDEMN_RENEW,CRITICAL,597.8,NORMAL,5585.0,-114.0,CLEAN,26.0,STABLE,True,,,,,,,,,,,,,,
TSK-OHE-0212,OHE-0212,TRACTION_DISTRIBUTION_OHE,ETW,PHD,308.24,309.22,UP,"OHE maintenance (Wire wear 100.0%, ATD: NORMAL)",TOWER_WAGON,True,False,,0.9991,99.9,CRITICAL,10,167,74.3,,,,,,,,,,,,,16.0,,,,,,,,329.0,,,1.0,11.0,308/5,308/21,8.0,100.0,CONDEMN_RENEW,WORN,462.0,NORMAL,5487.0,-61.0,CLEAN,17.0,STABLE,True,,,,,,,,,,,,,,
TSK-OHE-0096,OHE-0096,TRACTION_DISTRIBUTION_OHE,ALJN,TDL,182.4,183.79,UP,"OHE maintenance (Wire wear 100.0%, ATD: NORMAL)",TOWER_WAGON,True,False,,0.9994,99.9,CRITICAL,10,167,74.3,,,,,,,,,,,,,16.6,,,,,,,,327.0,,,1.0,11.0,182/2,182/19,8.0,100.0,CONDEMN_RENEW,GOOD,431.8,NORMAL,5570.0,32.0,CLEAN,27.0,STABLE,True,,,,,,,,,,,,,,
TSK-SIG-0440,SIG-0440,SIGNAL_AND_TELECOM,FZD,FZD,227.06,227.16,DN,"Signal maintenance (POINT_MACHINE at FZD, Tier: CRITICAL)",NONE,False,True,,0.9951,99.5,CRITICAL,9,150,74.2,,,,,,,,,,,,,,,,,,,,,179.0,,,1.0,11.0,,,,,,,,,,,,,,,POINT_MACHINE,FZD,227.06,5.52,3.39,7.0,33586.0,0.0,5.0,13.0,0.0,73.3,194.0,30.79
TSK-SIG-0089,SIG-0089,SIGNAL_AND_TELECOM,TDL,TDL,209.98,210.08,UP,"Signal maintenance (POINT_MACHINE at TDL, Tier: CRITICAL)",NONE,False,True,,0.9968,99.7,CRITICAL,10,150,74.2,,,,,,,,,,,,,,,,,,,,,240.0,,,1.0,11.0,,,,,,,,,,,,,,,POINT_MACHINE,TDL,209.98,5.16,3.27,4.7,31179.0,0.0,5.0,16.0,0.0,94.5,148.0,32.11
TSK-OHE-0156,OHE-0156,TRACTION_DISTRIBUTION_OHE,DER,KRJ,79.03,80.4,DN,"OHE maintenance (Wire wear 100.0%, ATD: NORMAL)",TOWER_WAGON,True,False,,0.9991,99.9,CRITICAL,11,169,74.2,,,,,,,,,,,,,34.7,,,,,,,,248.0,,,1.0,9.0,79/3,79/28,8.2,100.0,CONDEMN_RENEW,WORN,559.1,NORMAL,5535.0,-34.0,POLLUTED,25.0,STABLE,True,,,,,,,,,,,,,,
TSK-OHE-0549,OHE-0549,TRACTION_DISTRIBUTION_OHE,DER,KRJ,49.22,50.49,UP,"OHE maintenance (Wire wear 100.0%, ATD: NORMAL)",TOWER_WAGON,True,False,,0.9994,99.9,CRITICAL,11,168,74.2,,,,,,,,,,,,,31.3,,,,,,,,272.0,,,1.0,12.0,49/7,49/32,8.07,100.0,CONDEMN_RENEW,WORN,547.7,NORMAL,5526.0,-27.0,CLEAN,20.0,STABLE,True,,,,,,,,,,,,,,
TSK-OHE-0073,OHE-0073,TRACTION_DISTRIBUTION_OHE,FZD,ETW,288.16,288.96,DN,"OHE maintenance (Wire wear 88.2%, ATD: NORMAL)",TOWER_WAGON,True,False,,0.9992,99.9,CRITICAL,12,161,74.2,,,,,,,,,,,,,30.0,,,,,,,,361.0,,,1.0,11.0,288/7,288/20,8.72,88.2,CONDEMN_RENEW,WORN,548.8,NORMAL,5512.0,29.0,CLEAN,23.0,STABLE,True,,,,,,,,,,,,,,
TSK-OHE-0241,OHE-0241,TRACTION_DISTRIBUTION_OHE,DER,KRJ,50.19,51.11,DN,"OHE maintenance (Wire wear 98.5%, ATD: NORMAL)",TOWER_WAGON,True,False,,0.9994,99.9,CRITICAL,11,167,74.2,,,,,,,,,,,,,19.6,,,,,,,,272.0,,,1.0,12.0,50/5,50/31,8.31,98.5,CONDEMN_RENEW,WORN,478.3,NORMAL,5467.0,-121.0,CLEAN,34.0,STABLE,True,,,,,,,,,,,,,,
TSK-OHE-0424,OHE-0424,TRACTION_DISTRIBUTION_OHE,ETW,PHD,352.94,354.27,DN,"OHE maintenance (Wire wear 90.2%, ATD: NORMAL)",TOWER_WAGON,True,False,,0.9989,99.9,CRITICAL,11,167,74.2,,,,,,,,,,,,,26.7,,,,,,,,251.0,,,1.0,12.0,352/9,352/21,8.64,90.2,CONDEMN_RENEW,WORN,536.4,NORMAL,5673.0,-7.0,CLEAN,34.0,STABLE,True,,,,,,,,,,,,,,
TSK-SIG-0402,SIG-0402,SIGNAL_AND_TELECOM,NDLS,NDLS,0.54,0.64,YARD,"Signal maintenance (POINT_MACHINE at NDLS, Tier: CRITICAL)",NONE,False,True,,0.99,99.0,CRITICAL,7,150,74.2,,,,,,,,,,,,,,,,,,,,,10.0,,,1.0,7.0,,,,,,,,,,,,,,,POINT_MACHINE,NDLS,0.54,5.54,3.33,2.7,44410.0,0.0,5.0,13.0,0.0,87.4,303.0,19.0
TSK-OHE-0107,OHE-0107,TRACTION_DISTRIBUTION_OHE,FZD,ETW,288.74,289.71,DN,"OHE maintenance (Wire wear 100.0%, ATD: NORMAL)",TOWER_WAGON,True,False,,0.9989,99.9,CRITICAL,11,166,74.2,,,,,,,,,,,,,23.4,,,,,,,,334.0,,,1.0,11.0,288/7,288/23,8.0,100.0,CONDEMN_RENEW,CRITICAL,481.0,NORMAL,5531.0,28.0,CLEAN,17.0,STABLE,True,,,,,,,,,,,,,,
TSK-SIG-0345,SIG-0345,SIGNAL_AND_TELECOM,DER,DER,35.83,35.93,DN,"Signal maintenance (POINT_MACHINE at DER, Tier: CRITICAL)",NONE,False,True,,0.9969,99.7,CRITICAL,10,150,74.2,,,,,,,,,,,,,,,,,,,,,44.0,,,1.0,4.0,,,,,,,,,,,,,,,POINT_MACHINE,DER,35.83,5.84,3.49,2.3,37406.0,0.0,5.0,8.0,0.0,80.4,70.0,9.54
TSK-OHE-0202,OHE-0202,TRACTION_DISTRIBUTION_OHE,KRJ,ALJN,117.33,118.04,DN,"OHE maintenance (Wire wear 85.0%, ATD: NORMAL)",TOWER_WAGON,True,False,,0.9996,100.0,CRITICAL,11,160,74.2,,,,,,,,,,,,,26.9,,,,,,,,267.0,,,1.0,12.0,117/15,117/25,8.85,85.0,CONDEMN_RENEW,WORN,526.3,NORMAL,5477.0,-20.0,CLEAN,26.0,STABLE,True,,,,,,,,,,,,,,
TSK-SIG-0373,SIG-0373,SIGNAL_AND_TELECOM,ALJN,ALJN,129.98,130.08,YARD,"Signal maintenance (POINT_MACHINE at ALJN, Tier: HIGH)",NONE,False,True,,0.9974,99.7,CRITICAL,11,150,74.2,,,,,,,,,,,,,,,,,,,,,58.0,,,1.0,13.0,,,,,,,,,,,,,,,POINT_MACHINE,ALJN,129.98,6.2,2.72,5.9,31583.0,0.0,5.0,12.0,0.0,77.9,277.0,36.05
TSK-OHE-0196,OHE-0196,TRACTION_DISTRIBUTION_OHE,ETW,PHD,304.21,305.36,DN,"OHE maintenance (Wire wear 86.0%, ATD: NORMAL)",TOWER_WAGON,True,False,,0.9989,99.9,CRITICAL,11,162,74.2,,,,,,,,,,,,,34.4,,,,,,,,313.0,,,1.0,11.0,304/13,304/25,8.81,86.0,CONDEMN_RENEW,WORN,534.1,NORMAL,5528.0,-6.0,CLEAN,18.0,STABLE,True,,,,,,,,,,,,,,
TSK-OHE-0438,OHE-0438,TRACTION_DISTRIBUTION_OHE,KRJ,ALJN,91.66,92.52,UP,"OHE maintenance (Wire wear 100.0%, ATD: NORMAL)",TOWER_WAGON,True,False,,0.9994,99.9,CRITICAL,11,167,74.2,,,,,,,,,,,,,33.2,,,,,,,,277.0,,,1.0,12.0,91/6,91/24,8.17,100.0,CONDEMN_RENEW,CRITICAL,629.6,NORMAL,5491.0,-27.0,CLEAN,20.0,STABLE,True,,,,,,,,,,,,,,
TSK-OHE-0273,OHE-0273,TRACTION_DISTRIBUTION_OHE,ETW,PHD,353.44,354.67,DN,"OHE maintenance (Wire wear 96.2%, ATD: NORMAL)",TOWER_WAGON,True,False,,0.9985,99.8,CRITICAL,11,166,74.2,,,,,,,,,,,,,43.5,,,,,,,,334.0,,,1.0,11.0,353/15,353/24,8.4,96.2,CONDEMN_RENEW,WORN,751.6,NORMAL,5611.0,-61.0,CLEAN,21.0,STABLE,True,,,,,,,,,,,,,,
TSK-OHE-0310,OHE-0310,TRACTION_DISTRIBUTION_OHE,FZD,ETW,267.68,268.22,DN,"OHE maintenance (Wire wear 100.0%, ATD: NORMAL)",TOWER_WAGON,True,False,,0.9989,99.9,CRITICAL,11,165,74.2,,,,,,,,,,,,,32.9,,,,,,,,276.0,,,1.0,12.0,267/1,267/18,8.0,100.0,CONDEMN_RENEW,CRITICAL,687.5,NORMAL,5475.0,-102.0,CLEAN,33.0,STABLE,True,,,,,,,,,,,,,,
TSK-OHE-0036,OHE-0036,TRACTION_DISTRIBUTION_OHE,NDLS,GZB,16.35,16.94,DN,"OHE maintenance (Wire wear 85.2%, ATD: NORMAL)",TOWER_WAGON,True,False,,0.9993,99.9,CRITICAL,11,159,74.2,,,,,,,,,,,,,40.9,,,,,,,,266.0,,,1.0,12.0,16/3,16/30,8.84,85.2,CONDEMN_RENEW,CRITICAL,735.1,NORMAL,5514.0,36.0,CLEAN,24.0,STABLE,True,,,,,,,,,,,,,,
TSK-OHE-0295,OHE-0295,TRACTION_DISTRIBUTION_OHE,PHD,CNB,408.54,409.46,UP,"OHE maintenance (Wire wear 100.0%, ATD: NORMAL)",TOWER_WAGON,True,False,,0.9991,99.9,CRITICAL,11,164,74.2,,,,,,,,,,,,,20.2,,,,,,,,310.0,,,1.0,12.0,408/11,408/18,8.0,100.0,CONDEMN_RENEW,WORN,486.2,NORMAL,5593.0,46.0,CLEAN,21.0,STABLE,True,,,,,,,,,,,,,,
TSK-SIG-0289,SIG-0289,SIGNAL_AND_TELECOM,DER,DER,37.45,37.55,UP,"Signal maintenance (POINT_MACHINE at DER, Tier: HIGH)",NONE,False,True,,0.9976,99.8,CRITICAL,11,150,74.2,,,,,,,,,,,,,,,,,,,,,178.0,,,1.0,13.0,,,,,,,,,,,,,,,POINT_MACHINE,DER,37.45,5.41,2.95,5.3,35525.0,0.0,5.0,9.0,0.0,74.9,356.0,37.69
TSK-OHE-0512,OHE-0512,TRACTION_DISTRIBUTION_OHE,FZD,ETW,279.3,280.68,UP,"OHE maintenance (Wire wear 90.5%, ATD: NORMAL)",TOWER_WAGON,True,False,,0.999,99.9,CRITICAL,13,167,74.1,,,,,,,,,,,,,36.8,,,,,,,,214.0,,,1.0,13.0,279/3,279/20,8.63,90.5,CONDEMN_RENEW,CRITICAL,623.8,NORMAL,5589.0,-28.0,CLEAN,32.0,STABLE,True,,,,,,,,,,,,,,
TSK-OHE-0493,OHE-0493,TRACTION_DISTRIBUTION_OHE,FZD,ETW,234.86,236.19,UP,"OHE maintenance (Wire wear 86.2%, ATD: NORMAL)",TOWER_WAGON,True,False,,0.9989,99.9,CRITICAL,13,164,74.1,,,,,,,,,,,,,15.1,,,,,,,,210.0,,,1.0,13.0,234/14,234/25,8.8,86.2,CONDEMN_RENEW,WORN,527.3,NORMAL,5490.0,-36.0,CLEAN,30.0,STABLE,True,,,,,,,,,,,,,,
TSK-OHE-0500,OHE-0500,TRACTION_DISTRIBUTION_OHE,GZB,DER,31.92,32.65,UP,"OHE maintenance (Wire wear 86.0%, ATD: NORMAL)",TOWER_WAGON,True,False,,0.9993,99.9,CRITICAL,13,162,74.1,,,,,,,,,,,,,16.6,,,,,,,,305.0,,,1.0,12.0,31/7,31/26,8.81,86.0,CONDEMN_RENEW,CRITICAL,383.0,NORMAL,5568.0,100.0,CLEAN,32.0,STABLE,True,,,,,,,,,,,,,,
TSK-OHE-0047,OHE-0047,TRACTION_DISTRIBUTION_OHE,PHD,CNB,361.44,362.4,UP,"OHE maintenance (Wire wear 100.0%, ATD: NORMAL)",TOWER_WAGON,True,False,,0.9974,99.7,CRITICAL,12,166,74.1,,,,,,,,,,,,,23.5,,,,,,,,350.0,,,1.0,19.0,361/7,361/16,8.0,100.0,CONDEMN_RENEW,GOOD,535.4,NORMAL,5590.0,-62.0,CLEAN,15.0,STABLE,True,,,,,,,,,,,,,,
TSK-OHE-0285,OHE-0285,TRACTION_DISTRIBUTION_OHE,DER,KRJ,47.31,48.79,UP,"OHE maintenance (Wire wear 100.0%, ATD: NORMAL)",TOWER_WAGON,True,False,,0.9982,99.8,CRITICAL,12,169,74.1,,,,,,,,,,,,,39.7,,,,,,,,241.0,,,1.0,13.0,47/13,47/26,8.0,100.0,CONDEMN_RENEW,WORN,674.4,NORMAL,5576.0,156.0,CLEAN,22.0,SETTLEMENT,True,,,,,,,,,,,,,,
TSK-OHE-0513,OHE-0513,TRACTION_DISTRIBUTION_OHE,KRJ,ALJN,90.67,91.85,DN,"OHE maintenance (Wire wear 100.0%, ATD: NORMAL)",TOWER_WAGON,True,False,,0.9989,99.9,CRITICAL,13,167,74.1,,,,,,,,,,,,,32.6,,,,,,,,210.0,,,1.0,13.0,90/3,90/24,8.05,100.0,CONDEMN_RENEW,CRITICAL,523.6,NORMAL,5501.0,-44.0,CLEAN,33.0,STABLE,True,,,,,,,,,,,,,,
TSK-OHE-0321,OHE-0321,TRACTION_DISTRIBUTION_OHE,KRJ,ALJN,91.28,92.39,UP,"OHE maintenance (Wire wear 87.0%, ATD: NORMAL)",TOWER_WAGON,True,False,,0.9995,100.0,CRITICAL,13,162,74.1,,,,,,,,,,,,,17.8,,,,,,,,180.0,,,1.0,4.0,91/4,91/29,8.77,87.0,CONDEMN_RENEW,GOOD,442.9,NORMAL,5627.0,84.0,CLEAN,23.0,TILTING,True,,,,,,,,,,,,,,
TSK-OHE-0030,OHE-0030,TRACTION_DISTRIBUTION_OHE,ALJN,TDL,133.49,134.93,DN,"OHE maintenance (Wire wear 100.0%, ATD: NORMAL)",TOWER_WAGON,True,False,,0.9984,99.8,CRITICAL,13,165,74.1,,,,,,,,,,,,,17.4,,,,,,,,170.0,,,1.0,14.0,133/5,133/24,8.0,100.0,CONDEMN_RENEW,GOOD,345.6,NORMAL,5475.0,-99.0,CLEAN,16.0,STABLE,True,,,,,,,,,,,,,,
TSK-OHE-0479,OHE-0479,TRACTION_DISTRIBUTION_OHE,TDL,FZD,217.74,218.84,UP,"OHE maintenance (Wire wear 84.5%, ATD: NORMAL)",TOWER_WAGON,True,False,,0.9995,100.0,CRITICAL,13,163,74.1,,,,,,,,,,,,,28.6,,,,,,,,340.0,,,1.0,19.0,217/7,217/18,8.87,84.5,CRITICAL,WORN,420.7,NORMAL,5614.0,-9.0,CLEAN,32.0,STABLE,True,,,,,,,,,,,,,,
TSK-OHE-0231,OHE-0231,TRACTION_DISTRIBUTION_OHE,KRJ,ALJN,103.35,104.49,UP,"OHE maintenance (Wire wear 100.0%, ATD: NORMAL)",TOWER_WAGON,True,False,,0.9989,99.9,CRITICAL,12,166,74.1,,,,,,,,,,,,,37.2,,,,,,,,339.0,,,1.0,11.0,103/4,103/18,8.12,100.0,CONDEMN_RENEW,WORN,508.6,NORMAL,5623.0,78.0,CLEAN,35.0,STABLE,True,,,,,,,,,,,,,,
TSK-SIG-0043,SIG-0043,SIGNAL_AND_TELECOM,ALJN,ALJN,130.34,130.44,YARD,"Signal maintenance (POINT_MACHINE at ALJN, Tier: HIGH)",NONE,False,True,,0.9932,99.3,CRITICAL,9,150,74.1,,,,,,,,,,,,,,,,,,,,,180.0,,,1.0,14.0,,,,,,,,,,,,,,,POINT_MACHINE,ALJN,130.34,6.3,2.81,7.6,36955.0,0.0,5.0,3.0,0.0,87.9,400.0,39.04
TSK-OHE-0412,OHE-0412,TRACTION_DISTRIBUTION_OHE,GZB,DER,33.88,34.62,UP,"OHE maintenance (Wire wear 98.0%, ATD: NORMAL)",TOWER_WAGON,True,False,,0.9991,99.9,CRITICAL,12,164,74.1,,,,,,,,,,,,,23.8,,,,,,,,339.0,,,1.0,11.0,33/1,33/31,8.33,98.0,CONDEMN_RENEW,WORN,366.5,NORMAL,5479.0,-27.0,CLEAN,29.0,STABLE,True,,,,,,,,,,,,,,
TSK-SIG-0413,SIG-0413,SIGNAL_AND_TELECOM,FZD,FZD,225.02,225.12,DN,"Signal maintenance (POINT_MACHINE at FZD, Tier: CRITICAL)",NONE,False,True,,0.9936,99.4,CRITICAL,10,150,74.1,,,,,,,,,,,,,,,,,,,,,66.0,,,1.0,11.0,,,,,,,,,,,,,,,POINT_MACHINE,FZD,225.02,5.21,3.51,6.2,35039.0,0.0,5.0,10.0,0.0,95.4,239.0,30.45
TSK-OHE-0172,OHE-0172,TRACTION_DISTRIBUTION_OHE,FZD,ETW,282.06,283.22,DN,"OHE maintenance (Wire wear 93.2%, ATD: NORMAL)",TOWER_WAGON,True,False,,0.9989,99.9,CRITICAL,13,167,74.1,,,,,,,,,,,,,42.1,,,,,,,,198.0,,,1.0,13.0,282/9,282/27,8.52,93.2,CONDEMN_RENEW,CRITICAL,643.6,NORMAL,5488.0,-13.0,CLEAN,26.0,STABLE,True,,,,,,,,,,,,,,
TSK-TRK-0350,TRK-0350,ENGINEERING_TRACK,GZB,DER,30.48,31.89,DN,"Track maintenance (AVERAGE TGI 50.9, USFD: CLEAR)",CSM,True,False,,0.9166,91.7,CRITICAL,43,200,74.1,60kg 90UTS,17.0,585.9,48.2,55.9,61.1,49.2,50.86,AVERAGE,CLEAR,0.0,40.6,27.3,40.0,SAFE_RANGE,True,28.9,FOULED,130.0,A,285.0,False,0.0,1.0,28.0,,,,,,,,,,,,,,,,,,,,,,,,,,,,
TSK-SIG-0145,SIG-0145,SIGNAL_AND_TELECOM,DER,DER,37.75,37.85,DN,"Signal maintenance (POINT_MACHINE at DER, Tier: CRITICAL)",NONE,False,True,,0.9991,99.9,CRITICAL,12,150,74.1,,,,,,,,,,,,,,,,,,,,,323.0,,,1.0,5.0,,,,,,,,,,,,,,,POINT_MACHINE,DER,37.75,6.08,3.23,2.3,39565.0,0.0,5.0,19.0,0.0,80.6,404.0,13.25
TSK-OHE-0427,OHE-0427,TRACTION_DISTRIBUTION_OHE,KRJ,ALJN,123.94,125.16,DN,"OHE maintenance (Wire wear 100.0%, ATD: NORMAL)",TOWER_WAGON,True,False,,0.9988,99.9,CRITICAL,12,167,74.1,,,,,,,,,,,,,37.5,,,,,,,,317.0,,,1.0,11.0,123/9,123/29,8.2,100.0,CONDEMN_RENEW,GOOD,519.7,NORMAL,5511.0,26.0,CLEAN,17.0,STABLE,True,,,,,,,,,,,,,,
TSK-SIG-0244,SIG-0244,SIGNAL_AND_TELECOM,CNB,CNB,438.95,439.05,YARD,"Signal maintenance (POINT_MACHINE at CNB, Tier: CRITICAL)",NONE,False,True,,0.9932,99.3,CRITICAL,10,150,74.1,,,,,,,,,,,,,,,,,,,,,107.0,,,1.0,9.0,,,,,,,,,,,,,,,POINT_MACHINE,CNB,438.95,5.89,3.75,7.4,38725.0,0.0,5.0,9.0,0.0,93.8,498.0,23.85
TSK-OHE-0333,OHE-0333,TRACTION_DISTRIBUTION_OHE,NDLS,GZB,6.75,7.66,DN,"OHE maintenance (Wire wear 94.0%, ATD: NORMAL)",TOWER_WAGON,True,False,,0.9989,99.9,CRITICAL,12,164,74.1,,,,,,,,,,,,,26.2,,,,,,,,244.0,,,1.0,13.0,6/5,6/18,8.49,94.0,CONDEMN_RENEW,GOOD,484.3,NORMAL,5569.0,25.0,CLEAN,23.0,STABLE,True,,,,,,,,,,,,,,
TSK-OHE-0189,OHE-0189,TRACTION_DISTRIBUTION_OHE,ETW,PHD,321.55,323.05,UP,"OHE maintenance (Wire wear 100.0%, ATD: NORMAL)",TOWER_WAGON,True,False,,0.9981,99.8,CRITICAL,12,167,74.1,,,,,,,,,,,,,17.3,,,,,,,,315.0,,,1.0,11.0,321/5,321/20,8.01,100.0,CONDEMN_RENEW,WORN,326.8,NORMAL,5546.0,-53.0,CLEAN,20.0,STABLE,True,,,,,,,,,,,,,,
TSK-OHE-0094,OHE-0094,TRACTION_DISTRIBUTION_OHE,ETW,PHD,306.25,307.03,DN,"OHE maintenance (Wire wear 100.0%, ATD: NORMAL)",TOWER_WAGON,True,False,,0.9992,99.9,CRITICAL,13,168,74.1,,,,,,,,,,,,,40.7,,,,,,,,205.0,,,1.0,13.0,306/12,306/16,8.0,100.0,CONDEMN_RENEW,GOOD,556.0,NORMAL,5612.0,-57.0,CLEAN,30.0,STABLE,True,,,,,,,,,,,,,,
TSK-OHE-0459,OHE-0459,TRACTION_DISTRIBUTION_OHE,TDL,FZD,224.99,226.3,UP,"OHE maintenance (Wire wear 100.0%, ATD: NORMAL)",TOWER_WAGON,True,False,,0.9971,99.7,CRITICAL,12,167,74.1,,,,,,,,,,,,,17.5,,,,,,,,325.0,,,1.0,19.0,224/7,224/20,8.0,100.0,CONDEMN_RENEW,GOOD,463.5,NORMAL,5419.0,-21.0,CLEAN,14.0,SETTLEMENT,True,,,,,,,,,,,,,,
TSK-OHE-0389,OHE-0389,TRACTION_DISTRIBUTION_OHE,PHD,CNB,437.27,438.71,DN,"OHE maintenance (Wire wear 100.0%, ATD: NORMAL)",TOWER_WAGON,True,False,,0.999,99.9,CRITICAL,12,169,74.1,,,,,,,,,,,,,38.7,,,,,,,,227.0,,,1.0,9.0,437/12,437/32,8.0,100.0,CONDEMN_RENEW,WORN,582.1,NORMAL,5536.0,74.0,POLLUTED,19.0,STABLE,True,,,,,,,,,,,,,,
TSK-OHE-0356,OHE-0356,TRACTION_DISTRIBUTION_OHE,PHD,CNB,363.7,364.43,UP,"OHE maintenance (Wire wear 92.2%, ATD: NORMAL)",TOWER_WAGON,True,False,,0.9989,99.9,CRITICAL,13,165,74.1,,,,,,,,,,,,,27.1,,,,,,,,236.0,,,1.0,13.0,363/7,363/30,8.56,92.2,CONDEMN_RENEW,CRITICAL,455.4,NORMAL,5601.0,-10.0,CLEAN,17.0,STABLE,True,,,,,,,,,,,,,,
TSK-OHE-0391,OHE-0391,TRACTION_DISTRIBUTION_OHE,PHD,CNB,420.75,422.06,DN,"OHE maintenance (Wire wear 100.0%, ATD: NORMAL)",TOWER_WAGON,True,False,,0.997,99.7,CRITICAL,12,168,74.1,,,,,,,,,,,,,36.8,,,,,,,,322.0,,,1.0,19.0,420/14,420/16,8.0,100.0,CONDEMN_RENEW,CRITICAL,571.8,NORMAL,5552.0,123.0,CLEAN,14.0,STABLE,True,,,,,,,,,,,,,,
TSK-OHE-0042,OHE-0042,TRACTION_DISTRIBUTION_OHE,NDLS,GZB,17.78,18.6,UP,"OHE maintenance (Wire wear 100.0%, ATD: NORMAL)",TOWER_WAGON,True,False,,0.999,99.9,CRITICAL,12,167,74.1,,,,,,,,,,,,,40.1,,,,,,,,214.0,,,1.0,13.0,17/1,17/31,8.0,100.0,CONDEMN_RENEW,WORN,575.4,NORMAL,5510.0,20.0,CLEAN,29.0,STABLE,True,,,,,,,,,,,,,,
TSK-OHE-0181,OHE-0181,TRACTION_DISTRIBUTION_OHE,PHD,CNB,371.3,372.67,DN,"OHE maintenance (Wire wear 89.7%, ATD: NORMAL)",TOWER_WAGON,True,False,,0.9988,99.9,CRITICAL,12,165,74.1,,,,,,,,,,,,,16.5,,,,,,,,169.0,,,1.0,14.0,371/6,371/32,8.66,89.7,CONDEMN_RENEW,GOOD,464.6,NORMAL,5646.0,-128.0,CLEAN,18.0,STABLE,True,,,,,,,,,,,,,,
TSK-OHE-0488,OHE-0488,TRACTION_DISTRIBUTION_OHE,ALJN,TDL,186.31,187.56,UP,"OHE maintenance (Wire wear 100.0%, ATD: NORMAL)",TOWER_WAGON,True,False,,0.9989,99.9,CRITICAL,14,168,74.0,,,,,,,,,,,,,24.7,,,,,,,,299.0,,,1.0,2.0,186/8,186/32,8.0,100.0,CONDEMN_RENEW,WORN,467.6,NORMAL,5605.0,49.0,CLEAN,35.0,TILTING,True,,,,,,,,,,,,,,
TSK-OHE-0319,OHE-0319,TRACTION_DISTRIBUTION_OHE,GZB,DER,27.69,28.24,DN,"OHE maintenance (Wire wear 84.0%, ATD: NORMAL)",TOWER_WAGON,True,False,,0.9996,100.0,CRITICAL,15,159,74.0,,,,,,,,,,,,,38.5,,,,,,,,268.0,,,1.0,16.0,27/14,27/24,8.89,84.0,CRITICAL,CRITICAL,500.4,NORMAL,5599.0,87.0,POLLUTED,20.0,STABLE,True,,,,,,,,,,,,,,
TSK-OHE-0477,OHE-0477,TRACTION_DISTRIBUTION_OHE,ETW,PHD,342.05,342.91,DN,"OHE maintenance (Wire wear 100.0%, ATD: NORMAL)",TOWER_WAGON,True,False,,0.9991,99.9,CRITICAL,14,167,74.0,,,,,,,,,,,,,18.5,,,,,,,,299.0,,,1.0,12.0,342/5,342/20,8.0,100.0,CONDEMN_RENEW,WORN,380.6,NORMAL,5624.0,142.0,CLEAN,22.0,STABLE,True,,,,,,,,,,,,,,
TSK-OHE-0160,OHE-0160,TRACTION_DISTRIBUTION_OHE,TDL,FZD,222.0,222.92,UP,"OHE maintenance (Wire wear 92.0%, ATD: NORMAL)",TOWER_WAGON,True,False,,0.9994,99.9,CRITICAL,14,166,74.0,,,,,,,,,,,,,26.7,,,,,,,,185.0,,,1.0,14.0,222/9,222/26,8.57,92.0,CONDEMN_RENEW,GOOD,446.9,NORMAL,5467.0,163.0,CLEAN,19.0,STABLE,True,,,,,,,,,,,,,,
TSK-OHE-0396,OHE-0396,TRACTION_DISTRIBUTION_OHE,GZB,DER,31.87,33.21,UP,"OHE maintenance (Wire wear 94.7%, ATD: NORMAL)",TOWER_WAGON,True,False,,0.9988,99.9,CRITICAL,14,167,74.0,,,,,,,,,,,,,19.6,,,,,,,,200.0,,,1.0,13.0,31/8,31/21,8.46,94.7,CONDEMN_RENEW,GOOD,465.3,NORMAL,5564.0,-135.0,CLEAN,34.0,SETTLEMENT,True,,,,,,,,,,,,,,
TSK-OHE-0372,OHE-0372,TRACTION_DISTRIBUTION_OHE,DER,KRJ,37.23,38.48,UP,"OHE maintenance (Wire wear 90.5%, ATD: NORMAL)",TOWER_WAGON,True,False,,0.9992,99.9,CRITICAL,14,166,74.0,,,,,,,,,,,,,25.2,,,,,,,,285.0,,,1.0,12.0,37/1,37/21,8.63,90.5,CONDEMN_RENEW,GOOD,550.8,NORMAL,5599.0,-45.0,CLEAN,23.0,STABLE,True,,,,,,,,,,,,,,
TSK-OHE-0206,OHE-0206,TRACTION_DISTRIBUTION_OHE,ALJN,TDL,167.39,168.6,DN,"OHE maintenance (Wire wear 100.0%, ATD: NORMAL)",TOWER_WAGON,True,False,,0.9992,99.9,CRITICAL,14,168,74.0,,,,,,,,,,,,,29.4,,,,,,,,284.0,,,1.0,12.0,167/5,167/23,8.0,100.0,CONDEMN_RENEW,CRITICAL,568.8,NORMAL,5462.0,118.0,CLEAN,28.0,STABLE,True,,,,,,,,,,,,,,
TSK-TRK-0050,TRK-0050,ENGINEERING_TRACK,ETW,PHD,301.32,302.35,DN,"Track maintenance (AVERAGE TGI 62.6, USFD: OBS)",TAMPING,True,False,,0.5998,60.0,HIGH,102,182,74.0,60kg 90UTS,14.0,360.7,67.8,62.1,71.6,59.4,62.56999999999999,AVERAGE,OBS,1.0,53.5,37.1,40.0,SAFE_RANGE,True,161.6,SATURATED,160.0,A,254.0,True,45.0,1.0,24.0,,,,,,,,,,,,,,,,,,,,,,,,,,,,
TSK-OHE-0417,OHE-0417,TRACTION_DISTRIBUTION_OHE,DER,KRJ,58.17,58.75,UP,"OHE maintenance (Wire wear 94.7%, ATD: NORMAL)",TOWER_WAGON,True,False,,0.9978,99.8,CRITICAL,14,162,74.0,,,,,,,,,,,,,29.4,,,,,,,,342.0,,,1.0,9.0,58/9,58/27,8.46,94.7,CONDEMN_RENEW,WORN,585.6,NORMAL,5590.0,88.0,FLASHOVER_RISK,15.0,STABLE,True,,,,,,,,,,,,,,
TSK-OHE-0114,OHE-0114,TRACTION_DISTRIBUTION_OHE,ETW,PHD,301.12,302.5,DN,"OHE maintenance (Wire wear 100.0%, ATD: NORMAL)",TOWER_WAGON,True,False,,0.9992,99.9,CRITICAL,14,169,74.0,,,,,,,,,,,,,26.4,,,,,,,,283.0,,,1.0,12.0,301/15,301/30,8.0,100.0,CONDEMN_RENEW,GOOD,449.6,NORMAL,5541.0,-195.0,CLEAN,31.0,STABLE,True,,,,,,,,,,,,,,
TSK-OHE-0418,OHE-0418,TRACTION_DISTRIBUTION_OHE,TDL,FZD,215.61,216.39,DN,"OHE maintenance (Wire wear 93.2%, ATD: NORMAL)",TOWER_WAGON,True,False,,0.9992,99.9,CRITICAL,14,166,74.0,,,,,,,,,,,,,25.7,,,,,,,,284.0,,,1.0,12.0,215/4,215/32,8.52,93.2,CONDEMN_RENEW,CRITICAL,560.7,NORMAL,5588.0,-92.0,CLEAN,26.0,STABLE,True,,,,,,,,,,,,,,
TSK-OHE-0256,OHE-0256,TRACTION_DISTRIBUTION_OHE,ALJN,TDL,170.54,171.82,UP,"OHE maintenance (Wire wear 84.2%, ATD: NORMAL)",TOWER_WAGON,True,False,,0.9989,99.9,CRITICAL,14,164,74.0,,,,,,,,,,,,,26.2,,,,,,,,250.0,,,1.0,21.0,170/12,170/25,8.88,84.2,CRITICAL,WORN,515.1,NORMAL,5523.0,46.0,CLEAN,31.0,SETTLEMENT,True,,,,,,,,,,,,,,
TSK-OHE-0232,OHE-0232,TRACTION_DISTRIBUTION_OHE,FZD,ETW,297.33,297.85,DN,"OHE maintenance (Wire wear 100.0%, ATD: NORMAL)",TOWER_WAGON,True,False,,0.9965,99.7,CRITICAL,13,166,74.0,,,,,,,,,,,,,32.1,,,,,,,,354.0,,,1.0,19.0,297/7,297/30,8.2,100.0,CONDEMN_RENEW,WORN,523.0,NORMAL,5577.0,-153.0,CLEAN,13.0,STABLE,True,,,,,,,,,,,,,,
TSK-OHE-0547,OHE-0547,TRACTION_DISTRIBUTION_OHE,ALJN,TDL,158.5,159.4,DN,"OHE maintenance (Wire wear 87.2%, ATD: NORMAL)",TOWER_WAGON,True,False,,0.9991,99.9,CRITICAL,14,162,74.0,,,,,,,,,,,,,44.3,,,,,,,,298.0,,,1.0,12.0,158/11,158/22,8.76,87.2,CONDEMN_RENEW,WORN,614.4,NORMAL,5609.0,-107.0,CLEAN,29.0,STABLE,True,,,,,,,,,,,,,,
TSK-OHE-0190,OHE-0190,TRACTION_DISTRIBUTION_OHE,ETW,PHD,301.91,303.13,UP,"OHE maintenance (Wire wear 84.5%, ATD: NORMAL)",TOWER_WAGON,True,False,,0.9994,99.9,CRITICAL,14,163,74.0,,,,,,,,,,,,,37.6,,,,,,,,331.0,,,1.0,19.0,301/15,301/21,8.87,84.5,CRITICAL,CRITICAL,597.7,NORMAL,5487.0,2.0,CLEAN,23.0,STABLE,True,,,,,,,,,,,,,,
TSK-OHE-0380,OHE-0380,TRACTION_DISTRIBUTION_OHE,DER,KRJ,70.75,71.59,DN,"OHE maintenance (Wire wear 84.5%, ATD: NORMAL)",TOWER_WAGON,True,False,,0.9991,99.9,CRITICAL,14,163,74.0,,,,,,,,,,,,,28.3,,,,,,,,246.0,,,1.0,21.0,70/15,70/20,8.87,84.5,CRITICAL,WORN,591.2,NORMAL,5542.0,-125.0,CLEAN,21.0,STABLE,True,,,,,,,,,,,,,,
TSK-OHE-0341,OHE-0341,TRACTION_DISTRIBUTION_OHE,TDL,FZD,210.66,211.56,DN,"OHE maintenance (Wire wear 88.0%, ATD: NORMAL)",TOWER_WAGON,True,False,,0.9987,99.9,CRITICAL,14,162,74.0,,,,,,,,,,,,,34.5,,,,,,,,218.0,,,1.0,13.0,210/15,210/22,8.73,88.0,CONDEMN_RENEW,CRITICAL,456.1,NORMAL,5488.0,-5.0,CLEAN,17.0,STABLE,True,,,,,,,,,,,,,,
TSK-OHE-0095,OHE-0095,TRACTION_DISTRIBUTION_OHE,DER,KRJ,77.09,77.77,UP,"OHE maintenance (Wire wear 100.0%, ATD: NORMAL)",TOWER_WAGON,True,False,,0.9985,99.9,CRITICAL,14,163,74.0,,,,,,,,,,,,,32.3,,,,,,,,112.0,,,1.0,15.0,77/10,77/31,8.0,100.0,CONDEMN_RENEW,WORN,516.4,NORMAL,5571.0,43.0,CLEAN,25.0,STABLE,True,,,,,,,,,,,,,,
TSK-OHE-0090,OHE-0090,TRACTION_DISTRIBUTION_OHE,TDL,FZD,220.7,221.71,DN,"OHE maintenance (Wire wear 96.5%, ATD: NORMAL)",TOWER_WAGON,True,False,,0.9991,99.9,CRITICAL,14,166,74.0,,,,,,,,,,,,,16.9,,,,,,,,195.0,,,1.0,13.0,220/2,220/20,8.39,96.5,CONDEMN_RENEW,WORN,466.0,NORMAL,5597.0,144.0,CLEAN,21.0,STABLE,True,,,,,,,,,,,,,,
TSK-OHE-0526,OHE-0526,TRACTION_DISTRIBUTION_OHE,GZB,DER,34.48,35.95,DN,"OHE maintenance (Wire wear 100.0%, ATD: NORMAL)",TOWER_WAGON,True,False,,0.9992,99.9,CRITICAL,14,169,74.0,,,,,,,,,,,,,42.7,,,,,,,,282.0,,,1.0,8.0,34/11,34/18,8.0,100.0,CONDEMN_RENEW,CRITICAL,560.3,NORMAL,5553.0,98.0,POLLUTED,24.0,STABLE,True,,,,,,,,,,,,,,
TSK-OHE-0157,OHE-0157,TRACTION_DISTRIBUTION_OHE,NDLS,GZB,23.35,23.93,DN,"OHE maintenance (Wire wear 87.0%, ATD: NORMAL)",TOWER_WAGON,True,False,,0.9995,100.0,CRITICAL,14,161,74.0,,,,,,,,,,,,,28.4,,,,,,,,185.0,,,1.0,14.0,23/2,23/21,8.77,87.0,CONDEMN_RENEW,WORN,431.9,NORMAL,5486.0,51.0,CLEAN,25.0,STABLE,True,,,,,,,,,,,,,,
TSK-SIG-0443,SIG-0443,SIGNAL_AND_TELECOM,KRJ,KRJ,83.05,83.15,DN,"Signal maintenance (POINT_MACHINE at KRJ, Tier: CRITICAL)",NONE,False,True,,0.9895,99.0,CRITICAL,9,150,74.0,,,,,,,,,,,,,,,,,,,,,10.0,,,1.0,10.0,,,,,,,,,,,,,,,POINT_MACHINE,KRJ,83.05,5.94,2.72,2.8,33290.0,0.0,5.0,7.0,0.0,70.7,519.0,27.65
TSK-OHE-0524,OHE-0524,TRACTION_DISTRIBUTION_OHE,DER,KRJ,67.4,68.59,DN,"OHE maintenance (Wire wear 93.0%, ATD: NORMAL)",TOWER_WAGON,True,False,,0.9994,99.9,CRITICAL,14,166,74.0,,,,,,,,,,,,,17.9,,,,,,,,188.0,,,1.0,13.0,67/7,67/23,8.53,93.0,CONDEMN_RENEW,WORN,388.6,NORMAL,5634.0,-65.0,CLEAN,18.0,STABLE,True,,,,,,,,,,,,,,
TSK-OHE-0158,OHE-0158,TRACTION_DISTRIBUTION_OHE,GZB,DER,32.13,32.87,DN,"OHE maintenance (Wire wear 85.5%, ATD: NORMAL)",TOWER_WAGON,True,False,,0.9993,99.9,CRITICAL,14,161,74.0,,,,,,,,,,,,,18.9,,,,,,,,287.0,,,1.0,12.0,32/12,32/21,8.83,85.5,CONDEMN_RENEW,WORN,404.0,NORMAL,5484.0,-33.0,CLEAN,23.0,STABLE,True,,,,,,,,,,,,,,
TSK-OHE-0021,OHE-0021,TRACTION_DISTRIBUTION_OHE,ETW,PHD,346.01,346.8,UP,"OHE maintenance (Wire wear 100.0%, ATD: NORMAL)",TOWER_WAGON,True,False,,0.9949,99.5,CRITICAL,13,164,73.9,,,,,,,,,,,,,35.3,,,,,,,,358.0,,,1.0,15.0,346/8,346/18,8.2,100.0,CONDEMN_RENEW,WORN,579.2,NORMAL,5453.0,41.0,POLLUTED,13.0,STABLE,True,,,,,,,,,,,,,,
TSK-OHE-0138,OHE-0138,TRACTION_DISTRIBUTION_OHE,KRJ,ALJN,126.77,127.43,UP,"OHE maintenance (Wire wear 84.7%, ATD: NORMAL)",TOWER_WAGON,True,False,,0.9994,99.9,CRITICAL,16,161,73.9,,,,,,,,,,,,,24.6,,,,,,,,177.0,,,1.0,18.0,126/8,126/26,8.86,84.7,CRITICAL,CRITICAL,559.9,NORMAL,5648.0,-47.0,POLLUTED,26.0,SETTLEMENT,True,,,,,,,,,,,,,,
TSK-OHE-0130,OHE-0130,TRACTION_DISTRIBUTION_OHE,PHD,CNB,431.26,431.97,DN,"OHE maintenance (Wire wear 100.0%, ATD: NORMAL)",TOWER_WAGON,True,False,,0.9989,99.9,CRITICAL,15,166,73.9,,,,,,,,,,,,,24.1,,,,,,,,303.0,,,1.0,12.0,431/12,431/20,8.0,100.0,CONDEMN_RENEW,CRITICAL,474.9,NORMAL,5554.0,-73.0,CLEAN,16.0,STABLE,True,,,,,,,,,,,,,,
TSK-OHE-0187,OHE-0187,TRACTION_DISTRIBUTION_OHE,GZB,DER,26.55,27.99,UP,"OHE maintenance (Wire wear 75.9%, ATD: NORMAL)",TOWER_WAGON,True,False,,0.999,99.9,CRITICAL,16,163,73.9,,,,,,,,,,,,,30.9,,,,,,,,262.0,,,1.0,20.0,26/14,26/21,9.21,75.9,CRITICAL,GOOD,442.2,NORMAL,5588.0,-10.0,CLEAN,25.0,STABLE,True,,,,,,,,,,,,,,
TSK-OHE-0449,OHE-0449,TRACTION_DISTRIBUTION_OHE,DER,KRJ,39.6,40.62,DN,"OHE maintenance (Wire wear 97.7%, ATD: NORMAL)",TOWER_WAGON,True,False,,0.9979,99.8,CRITICAL,15,167,73.9,,,,,,,,,,,,,44.5,,,,,,,,232.0,,,1.0,13.0,39/4,39/31,8.34,97.7,CONDEMN_RENEW,WORN,687.0,NORMAL,5552.0,1.0,CLEAN,20.0,STABLE,True,,,,,,,,,,,,,,
TSK-OHE-0340,OHE-0340,TRACTION_DISTRIBUTION_OHE,TDL,FZD,221.87,223.01,DN,"OHE maintenance (Wire wear 91.0%, ATD: NORMAL)",TOWER_WAGON,True,False,,0.9989,99.9,CRITICAL,15,166,73.9,,,,,,,,,,,,,20.8,,,,,,,,244.0,,,1.0,13.0,221/1,221/25,8.61,91.0,CONDEMN_RENEW,CRITICAL,499.3,NORMAL,5462.0,-48.0,CLEAN,34.0,STABLE,True,,,,,,,,,,,,,,
TSK-OHE-0453,OHE-0453,TRACTION_DISTRIBUTION_OHE,FZD,ETW,286.0,286.57,DN,"OHE maintenance (Wire wear 100.0%, ATD: NORMAL)",TOWER_WAGON,True,False,,0.999,99.9,CRITICAL,16,167,73.9,,,,,,,,,,,,,34.6,,,,,,,,296.0,,,1.0,2.0,286/13,286/21,8.2,100.0,CONDEMN_RENEW,GOOD,536.8,NORMAL,5544.0,-119.0,CLEAN,16.0,TILTING,True,,,,,,,,,,,,,,
TSK-SIG-0226,SIG-0226,SIGNAL_AND_TELECOM,KRJ,KRJ,81.92,82.02,UP,"Signal maintenance (POINT_MACHINE at KRJ, Tier: CRITICAL)",NONE,False,True,,0.9931,99.3,CRITICAL,13,150,73.9,,,,,,,,,,,,,,,,,,,,,152.0,,,1.0,11.0,,,,,,,,,,,,,,,POINT_MACHINE,KRJ,81.92,5.42,3.04,3.4,26874.0,0.0,5.0,6.0,0.0,85.7,322.0,29.72
TSK-OHE-0318,OHE-0318,TRACTION_DISTRIBUTION_OHE,DER,KRJ,57.06,57.98,DN,"OHE maintenance (Wire wear 97.5%, ATD: NORMAL)",TOWER_WAGON,True,False,,0.9988,99.9,CRITICAL,15,166,73.9,,,,,,,,,,,,,26.4,,,,,,,,285.0,,,1.0,12.0,57/10,57/20,8.35,97.5,CONDEMN_RENEW,WORN,470.5,NORMAL,5564.0,24.0,CLEAN,18.0,STABLE,True,,,,,,,,,,,,,,
TSK-OHE-0028,OHE-0028,TRACTION_DISTRIBUTION_OHE,FZD,ETW,228.81,229.37,UP,"OHE maintenance (Wire wear 84.0%, ATD: NORMAL)",TOWER_WAGON,True,False,,0.9989,99.9,CRITICAL,16,159,73.9,,,,,,,,,,,,,44.7,,,,,,,,270.0,,,1.0,20.0,228/9,228/29,8.89,84.0,CRITICAL,CRITICAL,648.9,NORMAL,5534.0,-46.0,CLEAN,18.0,STABLE,True,,,,,,,,,,,,,,
TSK-OHE-0531,OHE-0531,TRACTION_DISTRIBUTION_OHE,NDLS,GZB,20.15,20.84,DN,"OHE maintenance (Wire wear 100.0%, ATD: NORMAL)",TOWER_WAGON,True,False,,0.9973,99.7,CRITICAL,15,166,73.9,,,,,,,,,,,,,22.7,,,,,,,,260.0,,,1.0,20.0,20/4,20/28,8.0,100.0,CONDEMN_RENEW,WORN,391.5,NORMAL,5519.0,-151.0,CLEAN,12.0,STABLE,True,,,,,,,,,,,,,,
TSK-OHE-0109,OHE-0109,TRACTION_DISTRIBUTION_OHE,GZB,DER,31.08,31.8,UP,"OHE maintenance (Wire wear 91.0%, ATD: NORMAL)",TOWER_WAGON,True,False,,0.9989,99.9,CRITICAL,15,163,73.9,,,,,,,,,,,,,23.3,,,,,,,,298.0,,,1.0,8.0,31/2,31/27,8.61,91.0,CONDEMN_RENEW,CRITICAL,514.7,NORMAL,5518.0,16.0,POLLUTED,25.0,STABLE,True,,,,,,,,,,,,,,
TSK-OHE-0229,OHE-0229,TRACTION_DISTRIBUTION_OHE,KRJ,ALJN,113.1,114.19,UP,"OHE maintenance (Wire wear 68.7%, ATD: NORMAL)",TOWER_WAGON,True,False,,0.996,99.6,CRITICAL,15,161,73.8,,,,,,,,,,,,,17.7,,,,,,,,355.0,,,1.0,19.0,113/5,113/25,9.5,68.7,CRITICAL,GOOD,420.2,NORMAL,5561.0,31.0,CLEAN,35.0,STABLE,True,,,,,,,,,,,,,,
TSK-OHE-0183,OHE-0183,TRACTION_DISTRIBUTION_OHE,ALJN,TDL,143.67,144.79,UP,"OHE maintenance (Wire wear 66.2%, ATD: NORMAL)",TOWER_WAGON,True,False,,0.9967,99.7,CRITICAL,16,159,73.8,,,,,,,,,,,,,25.4,,,,,,,,263.0,,,1.0,20.0,143/15,143/31,9.6,66.2,CRITICAL,GOOD,451.2,NORMAL,5445.0,-73.0,CLEAN,35.0,STABLE,True,,,,,,,,,,,,,,
TSK-OHE-0184,OHE-0184,TRACTION_DISTRIBUTION_OHE,GZB,DER,29.23,30.17,UP,"OHE maintenance (Wire wear 83.0%, ATD: NORMAL)",TOWER_WAGON,True,False,,0.9991,99.9,CRITICAL,17,162,73.8,,,,,,,,,,,,,36.4,,,,,,,,314.0,,,1.0,19.0,29/4,29/19,8.93,83.0,CRITICAL,CRITICAL,569.7,NORMAL,5555.0,43.0,CLEAN,17.0,STABLE,True,,,,,,,,,,,,,,
TSK-OHE-0219,OHE-0219,TRACTION_DISTRIBUTION_OHE,ETW,PHD,313.93,314.83,UP,"OHE maintenance (Wire wear 87.5%, ATD: NORMAL)",TOWER_WAGON,True,False,,0.9955,99.5,CRITICAL,15,162,73.8,,,,,,,,,,,,,26.1,,,,,,,,253.0,,,1.0,20.0,313/3,313/30,8.75,87.5,CONDEMN_RENEW,WORN,540.5,NORMAL,5550.0,-41.0,CLEAN,14.0,STABLE,True,,,,,,,,,,,,,,
TSK-OHE-0228,OHE-0228,TRACTION_DISTRIBUTION_OHE,FZD,ETW,280.78,281.81,UP,"OHE maintenance (Wire wear 82.0%, ATD: NORMAL)",TOWER_WAGON,True,False,,0.9992,99.9,CRITICAL,17,162,73.8,,,,,,,,,,,,,19.4,,,,,,,,266.0,,,1.0,20.0,280/7,280/16,8.97,82.0,CRITICAL,GOOD,423.6,NORMAL,5519.0,123.0,CLEAN,30.0,SETTLEMENT,True,,,,,,,,,,,,,,
TSK-OHE-0100,OHE-0100,TRACTION_DISTRIBUTION_OHE,PHD,CNB,406.29,407.46,UP,"OHE maintenance (Wire wear 100.0%, ATD: NORMAL)",TOWER_WAGON,True,False,,0.9943,99.4,CRITICAL,16,165,73.7,,,,,,,,,,,,,33.6,,,,,,,,356.0,,,1.0,19.0,406/11,406/29,8.0,100.0,CONDEMN_RENEW,CRITICAL,505.1,NORMAL,5607.0,5.0,CLEAN,12.0,STABLE,True,,,,,,,,,,,,,,
TSK-OHE-0296,OHE-0296,TRACTION_DISTRIBUTION_OHE,ALJN,TDL,175.57,177.02,UP,"OHE maintenance (Wire wear 79.7%, ATD: NORMAL)",TOWER_WAGON,True,False,,0.9982,99.8,CRITICAL,18,164,73.7,,,,,,,,,,,,,25.4,,,,,,,,254.0,,,1.0,20.0,175/8,175/27,9.06,79.7,CRITICAL,GOOD,582.0,NORMAL,5507.0,-24.0,CLEAN,26.0,STABLE,True,,,,,,,,,,,,,,
TSK-SIG-0027,SIG-0027,SIGNAL_AND_TELECOM,KRJ,KRJ,81.55,81.65,UP,"Signal maintenance (POINT_MACHINE at KRJ, Tier: HIGH)",NONE,False,True,,0.9915,99.1,CRITICAL,15,150,73.7,,,,,,,,,,,,,,,,,,,,,93.0,,,1.0,16.0,,,,,,,,,,,,,,,POINT_MACHINE,KRJ,81.55,5.11,2.91,5.7,29114.0,0.0,5.0,18.0,0.0,73.4,171.0,44.33
TSK-SIG-0136,SIG-0136,SIGNAL_AND_TELECOM,ETW,ETW,301.29,301.39,UP,"Signal maintenance (POINT_MACHINE at ETW, Tier: CRITICAL)",NONE,False,True,,0.9938,99.4,CRITICAL,16,150,73.7,,,,,,,,,,,,,,,,,,,,,301.0,,,1.0,12.0,,,,,,,,,,,,,,,POINT_MACHINE,ETW,301.29,6.8,3.1,8.1,37028.0,0.0,5.0,16.0,0.0,70.1,339.0,33.71
TSK-OHE-0423,OHE-0423,TRACTION_DISTRIBUTION_OHE,GZB,DER,35.14,36.38,UP,"OHE maintenance (Wire wear 72.4%, ATD: NORMAL)",TOWER_WAGON,True,False,,0.9969,99.7,CRITICAL,17,162,73.7,,,,,,,,,,,,,38.3,,,,,,,,261.0,,,1.0,20.0,35/8,35/27,9.35,72.4,CRITICAL,GOOD,630.2,NORMAL,5636.0,-132.0,CLEAN,28.0,STABLE,True,,,,,,,,,,,,,,
TSK-OHE-0240,OHE-0240,TRACTION_DISTRIBUTION_OHE,TDL,FZD,224.27,225.0,DN,"OHE maintenance (Wire wear 69.2%, ATD: NORMAL)",TOWER_WAGON,True,False,,0.993,99.3,CRITICAL,15,158,73.7,,,,,,,,,,,,,31.9,,,,,,,,162.0,,,1.0,22.0,224/10,224/24,9.48,69.2,CRITICAL,WORN,610.5,NORMAL,5592.0,-11.0,CLEAN,24.0,STABLE,True,,,,,,,,,,,,,,
TSK-OHE-0016,OHE-0016,TRACTION_DISTRIBUTION_OHE,ETW,PHD,324.05,324.61,DN,"OHE maintenance (Wire wear 67.2%, ATD: NORMAL)",TOWER_WAGON,True,False,,0.9955,99.5,CRITICAL,16,161,73.7,,,,,,,,,,,,,19.2,,,,,,,,265.0,,,1.0,20.0,324/8,324/24,9.56,67.2,CRITICAL,GOOD,496.5,NORMAL,5499.0,59.0,CLEAN,27.0,STABLE,True,,,,,,,,,,,,,,
TSK-OHE-0355,OHE-0355,TRACTION_DISTRIBUTION_OHE,GZB,DER,28.82,30.3,UP,"OHE maintenance (Wire wear 69.7%, ATD: NORMAL)",TOWER_WAGON,True,False,,0.996,99.6,CRITICAL,17,163,73.7,,,,,,,,,,,,,35.2,,,,,,,,345.0,,,1.0,15.0,28/7,28/16,9.46,69.7,CRITICAL,GOOD,600.9,NORMAL,5611.0,-115.0,POLLUTED,33.0,STABLE,True,,,,,,,,,,,,,,
TSK-OHE-0058,OHE-0058,TRACTION_DISTRIBUTION_OHE,ETW,PHD,318.34,319.42,UP,"OHE maintenance (Wire wear 74.4%, ATD: NORMAL)",TOWER_WAGON,True,False,,0.9989,99.9,CRITICAL,18,161,73.7,,,,,,,,,,,,,18.3,,,,,,,,267.0,,,1.0,16.0,318/9,318/25,9.27,74.4,CRITICAL,WORN,381.8,NORMAL,5520.0,15.0,POLLUTED,28.0,STABLE,True,,,,,,,,,,,,,,
TSK-OHE-0150,OHE-0150,TRACTION_DISTRIBUTION_OHE,FZD,ETW,280.77,282.19,UP,"OHE maintenance (Wire wear 78.9%, ATD: NORMAL)",TOWER_WAGON,True,False,,0.9972,99.7,CRITICAL,19,159,73.6,,,,,,,,,,,,,40.5,,,,,,,,128.0,,,1.0,12.0,280/8,280/25,9.09,78.9,CRITICAL,WORN,618.0,NORMAL,5434.0,38.0,FLASHOVER_RISK,20.0,STABLE,True,,,,,,,,,,,,,,
TSK-OHE-0322,OHE-0322,TRACTION_DISTRIBUTION_OHE,PHD,CNB,436.11,437.23,DN,"OHE maintenance (Wire wear 77.2%, ATD: NORMAL)",TOWER_WAGON,True,False,,0.9973,99.7,CRITICAL,19,163,73.6,,,,,,,,,,,,,26.2,,,,,,,,205.0,,,1.0,21.0,436/9,436/27,9.16,77.2,CRITICAL,GOOD,419.3,NORMAL,5696.0,-18.0,CLEAN,27.0,STABLE,True,,,,,,,,,,,,,,
TSK-OHE-0507,OHE-0507,TRACTION_DISTRIBUTION_OHE,KRJ,ALJN,97.13,97.69,UP,"OHE maintenance (Wire wear 74.2%, ATD: NORMAL)",TOWER_WAGON,True,False,,0.9982,99.8,CRITICAL,20,159,73.6,,,,,,,,,,,,,34.5,,,,,,,,275.0,,,1.0,20.0,97/3,97/29,9.28,74.2,CRITICAL,GOOD,628.4,NORMAL,5549.0,-124.0,CLEAN,35.0,STABLE,True,,,,,,,,,,,,,,
TSK-OHE-0314,OHE-0314,TRACTION_DISTRIBUTION_OHE,PHD,CNB,407.64,408.93,DN,"OHE maintenance (Wire wear 69.4%, ATD: NORMAL)",TOWER_WAGON,True,False,,0.9962,99.6,CRITICAL,19,161,73.6,,,,,,,,,,,,,27.0,,,,,,,,274.0,,,1.0,10.0,407/13,407/22,9.47,69.4,CRITICAL,GOOD,553.1,NORMAL,5547.0,-39.0,CLEAN,30.0,TILTING,True,,,,,,,,,,,,,,
TSK-OHE-0282,OHE-0282,TRACTION_DISTRIBUTION_OHE,DER,KRJ,67.16,68.19,UP,"OHE maintenance (Wire wear 79.4%, ATD: NORMAL)",TOWER_WAGON,True,False,,0.9982,99.8,CRITICAL,19,163,73.6,,,,,,,,,,,,,19.0,,,,,,,,255.0,,,1.0,20.0,67/7,67/18,9.07,79.4,CRITICAL,WORN,395.8,NORMAL,5504.0,-141.0,CLEAN,23.0,STABLE,True,,,,,,,,,,,,,,
TSK-OHE-0517,OHE-0517,TRACTION_DISTRIBUTION_OHE,TDL,FZD,218.27,219.4,UP,"OHE maintenance (Wire wear 83.5%, ATD: NORMAL)",TOWER_WAGON,True,False,,0.9992,99.9,CRITICAL,20,163,73.6,,,,,,,,,,,,,18.4,,,,,,,,292.0,,,1.0,20.0,218/6,218/19,8.91,83.5,CRITICAL,WORN,517.3,NORMAL,5496.0,122.0,CLEAN,21.0,STABLE,True,,,,,,,,,,,,,,
TSK-OHE-0443,OHE-0443,TRACTION_DISTRIBUTION_OHE,FZD,ETW,237.86,238.7,UP,"OHE maintenance (Wire wear 86.7%, ATD: NORMAL)",TOWER_WAGON,True,False,,0.9991,99.9,CRITICAL,20,162,73.6,,,,,,,,,,,,,36.7,,,,,,,,301.0,,,1.0,12.0,237/15,237/22,8.78,86.7,CONDEMN_RENEW,CRITICAL,567.8,NORMAL,5553.0,-45.0,CLEAN,29.0,STABLE,True,,,,,,,,,,,,,,
TSK-OHE-0452,OHE-0452,TRACTION_DISTRIBUTION_OHE,NDLS,GZB,12.56,13.28,UP,"OHE maintenance (Wire wear 65.2%, ATD: NORMAL)",TOWER_WAGON,True,False,,0.9934,99.3,CRITICAL,17,159,73.6,,,,,,,,,,,,,39.1,,,,,,,,322.0,,,1.0,19.0,12/3,12/27,9.64,65.2,CRITICAL,GOOD,546.9,NORMAL,5633.0,57.0,CLEAN,31.0,STABLE,True,,,,,,,,,,,,,,
TSK-SIG-0250,SIG-0250,SIGNAL_AND_TELECOM,TDL,TDL,207.9,208.0,DN,"Signal maintenance (POINT_MACHINE at TDL, Tier: HIGH)",NONE,False,True,,0.9901,99.0,CRITICAL,16,150,73.6,,,,,,,,,,,,,,,,,,,,,48.0,,,1.0,13.0,,,,,,,,,,,,,,,POINT_MACHINE,TDL,207.9,5.84,2.79,5.8,25356.0,0.0,5.0,13.0,0.0,77.8,560.0,36.51
TSK-SIG-0224,SIG-0224,SIGNAL_AND_TELECOM,ALJN,ALJN,131.16,131.26,YARD,"Signal maintenance (POINT_MACHINE at ALJN, Tier: HIGH)",NONE,False,True,,0.9864,98.6,CRITICAL,13,150,73.6,,,,,,,,,,,,,,,,,,,,,218.0,,,1.0,15.0,,,,,,,,,,,,,,,POINT_MACHINE,ALJN,131.16,5.78,2.8,7.4,39809.0,0.0,5.0,4.0,0.0,83.6,128.0,41.97
TSK-OHE-0415,OHE-0415,TRACTION_DISTRIBUTION_OHE,NDLS,GZB,3.49,4.74,DN,"OHE maintenance (Wire wear 74.7%, ATD: NORMAL)",TOWER_WAGON,True,False,,0.9962,99.6,CRITICAL,19,163,73.6,,,,,,,,,,,,,36.1,,,,,,,,239.0,,,1.0,21.0,3/12,3/19,9.26,74.7,CRITICAL,GOOD,483.8,NORMAL,5582.0,-56.0,CLEAN,22.0,STABLE,True,,,,,,,,,,,,,,
TSK-OHE-0368,OHE-0368,TRACTION_DISTRIBUTION_OHE,DER,KRJ,48.44,49.82,UP,"OHE maintenance (Wire wear 76.7%, ATD: NORMAL)",TOWER_WAGON,True,False,,0.9971,99.7,CRITICAL,19,164,73.6,,,,,,,,,,,,,34.7,,,,,,,,212.0,,,1.0,21.0,48/14,48/29,9.18,76.7,CRITICAL,WORN,567.9,NORMAL,5536.0,75.0,CLEAN,21.0,STABLE,True,,,,,,,,,,,,,,
TSK-OHE-0365,OHE-0365,TRACTION_DISTRIBUTION_OHE,KRJ,ALJN,88.99,89.79,UP,"OHE maintenance (Wire wear 76.9%, ATD: NORMAL)",TOWER_WAGON,True,False,,0.998,99.8,CRITICAL,19,162,73.6,,,,,,,,,,,,,30.9,,,,,,,,332.0,,,1.0,9.0,88/6,88/24,9.17,76.9,CRITICAL,CRITICAL,586.2,NORMAL,5532.0,123.0,FLASHOVER_RISK,26.0,STABLE,True,,,,,,,,,,,,,,
TSK-OHE-0363,OHE-0363,TRACTION_DISTRIBUTION_OHE,PHD,CNB,427.02,428.33,DN,"OHE maintenance (Wire wear 83.0%, ATD: NORMAL)",TOWER_WAGON,True,False,,0.9993,99.9,CRITICAL,20,163,73.6,,,,,,,,,,,,,27.9,,,,,,,,297.0,,,1.0,20.0,427/8,427/19,8.93,83.0,CRITICAL,WORN,402.5,NORMAL,5596.0,-70.0,CLEAN,26.0,STABLE,True,,,,,,,,,,,,,,
TSK-OHE-0238,OHE-0238,TRACTION_DISTRIBUTION_OHE,ALJN,TDL,145.5,146.38,DN,"OHE maintenance (Wire wear 84.7%, ATD: NORMAL)",TOWER_WAGON,True,False,,0.9985,99.8,CRITICAL,19,161,73.6,,,,,,,,,,,,,43.7,,,,,,,,285.0,,,1.0,20.0,145/10,145/25,8.86,84.7,CRITICAL,WORN,646.6,NORMAL,5645.0,-6.0,CLEAN,26.0,STABLE,True,,,,,,,,,,,,,,
TSK-OHE-0411,OHE-0411,TRACTION_DISTRIBUTION_OHE,FZD,ETW,245.71,246.53,UP,"OHE maintenance (Wire wear 68.7%, ATD: NORMAL)",TOWER_WAGON,True,False,,0.9923,99.2,CRITICAL,17,159,73.6,,,,,,,,,,,,,40.1,,,,,,,,187.0,,,1.0,22.0,245/15,245/21,9.5,68.7,CRITICAL,GOOD,650.2,NORMAL,5568.0,53.0,CLEAN,17.0,STABLE,True,,,,,,,,,,,,,,
TSK-OHE-0170,OHE-0170,TRACTION_DISTRIBUTION_OHE,ETW,PHD,309.52,310.16,UP,"OHE maintenance (Wire wear 87.7%, ATD: NORMAL)",TOWER_WAGON,True,False,,0.9922,99.2,CRITICAL,17,160,73.6,,,,,,,,,,,,,32.9,,,,,,,,257.0,,,1.0,20.0,309/2,309/31,8.74,87.7,CONDEMN_RENEW,CRITICAL,459.5,NORMAL,5538.0,29.0,CLEAN,11.0,STABLE,True,,,,,,,,,,,,,,
TSK-OHE-0403,OHE-0403,TRACTION_DISTRIBUTION_OHE,NDLS,GZB,15.94,17.27,UP,"OHE maintenance (Wire wear 91.5%, ATD: NORMAL)",TOWER_WAGON,True,False,,0.9947,99.5,CRITICAL,19,166,73.5,,,,,,,,,,,,,42.2,,,,,,,,269.0,,,1.0,10.0,15/1,15/18,8.59,91.5,CONDEMN_RENEW,CRITICAL,760.1,NORMAL,5585.0,24.0,FLASHOVER_RISK,14.0,STABLE,True,,,,,,,,,,,,,,
TSK-SIG-0429,SIG-0429,SIGNAL_AND_TELECOM,FZD,FZD,225.29,225.39,YARD,"Signal maintenance (POINT_MACHINE at FZD, Tier: CRITICAL)",NONE,False,True,,0.9976,99.8,CRITICAL,21,150,73.5,,,,,,,,,,,,,,,,,,,,,30.0,,,1.0,7.0,,,,,,,,,,,,,,,POINT_MACHINE,FZD,225.29,5.86,3.36,4.9,35418.0,0.0,5.0,10.0,0.0,87.7,294.0,20.09
TSK-OHE-0377,OHE-0377,TRACTION_DISTRIBUTION_OHE,PHD,CNB,365.64,366.25,UP,"OHE maintenance (Wire wear 67.7%, ATD: NORMAL)",TOWER_WAGON,True,False,,0.9893,98.9,CRITICAL,17,161,73.5,,,,,,,,,,,,,26.0,,,,,,,,247.0,,,1.0,21.0,365/12,365/18,9.54,67.7,CRITICAL,GOOD,492.0,NORMAL,5610.0,-124.0,CLEAN,21.0,STABLE,True,,,,,,,,,,,,,,
TSK-OHE-0216,OHE-0216,TRACTION_DISTRIBUTION_OHE,NDLS,GZB,21.34,22.17,UP,"OHE maintenance (Wire wear 77.4%, ATD: NORMAL)",TOWER_WAGON,True,False,,0.9971,99.7,CRITICAL,20,160,73.5,,,,,,,,,,,,,38.2,,,,,,,,174.0,,,1.0,22.0,21/3,21/22,9.15,77.4,CRITICAL,CRITICAL,527.8,NORMAL,5553.0,104.0,CLEAN,35.0,STABLE,True,,,,,,,,,,,,,,
TSK-OHE-0099,OHE-0099,TRACTION_DISTRIBUTION_OHE,KRJ,ALJN,113.05,114.14,UP,"OHE maintenance (Wire wear 82.5%, ATD: NORMAL)",TOWER_WAGON,True,False,,0.9975,99.7,CRITICAL,20,165,73.5,,,,,,,,,,,,,40.6,,,,,,,,223.0,,,1.0,21.0,113/7,113/26,8.95,82.5,CRITICAL,WORN,594.4,NORMAL,5591.0,-277.0,CLEAN,22.0,STABLE,True,,,,,,,,,,,,,,
TSK-OHE-0448,OHE-0448,TRACTION_DISTRIBUTION_OHE,KRJ,ALJN,104.83,106.23,UP,"OHE maintenance (Wire wear 80.5%, ATD: NORMAL)",TOWER_WAGON,True,False,,0.9964,99.6,CRITICAL,20,165,73.5,,,,,,,,,,,,,37.8,,,,,,,,218.0,,,1.0,21.0,104/11,104/23,9.03,80.5,CRITICAL,CRITICAL,571.9,NORMAL,5590.0,-6.0,CLEAN,23.0,SETTLEMENT,True,,,,,,,,,,,,,,
TSK-OHE-0214,OHE-0214,TRACTION_DISTRIBUTION_OHE,FZD,ETW,294.99,295.72,UP,"OHE maintenance (Wire wear 83.7%, ATD: NORMAL)",TOWER_WAGON,True,False,,0.9986,99.9,CRITICAL,21,161,73.5,,,,,,,,,,,,,35.6,,,,,,,,339.0,,,1.0,19.0,294/5,294/21,8.9,83.7,CRITICAL,WORN,498.0,NORMAL,5522.0,-83.0,CLEAN,17.0,STABLE,True,,,,,,,,,,,,,,
TSK-OHE-0001,OHE-0001,TRACTION_DISTRIBUTION_OHE,NDLS,GZB,6.87,8.13,DN,"OHE maintenance (Wire wear 71.7%, ATD: NORMAL)",TOWER_WAGON,True,False,,0.993,99.3,CRITICAL,18,161,73.5,,,,,,,,,,,,,33.0,,,,,,,,242.0,,,1.0,21.0,6/6,6/19,9.38,71.7,CRITICAL,GOOD,546.6,NORMAL,5495.0,-9.0,CLEAN,35.0,STABLE,True,,,,,,,,,,,,,,
TSK-OHE-0337,OHE-0337,TRACTION_DISTRIBUTION_OHE,DER,KRJ,51.97,53.4,DN,"OHE maintenance (Wire wear 82.2%, ATD: NORMAL)",TOWER_WAGON,True,False,,0.997,99.7,CRITICAL,20,166,73.5,,,,,,,,,,,,,38.1,,,,,,,,238.0,,,1.0,21.0,51/15,51/21,8.96,82.2,CRITICAL,WORN,519.7,NORMAL,5502.0,-54.0,CLEAN,33.0,STABLE,True,,,,,,,,,,,,,,
TSK-OHE-0008,OHE-0008,TRACTION_DISTRIBUTION_OHE,NDLS,GZB,2.23,2.94,DN,"OHE maintenance (Wire wear 67.2%, ATD: NORMAL)",TOWER_WAGON,True,False,,0.9924,99.2,CRITICAL,18,158,73.5,,,,,,,,,,,,,32.8,,,,,,,,143.0,,,1.0,12.0,2/4,2/28,9.56,67.2,CRITICAL,GOOD,553.6,NORMAL,5553.0,-76.0,FLASHOVER_RISK,22.0,STABLE,True,,,,,,,,,,,,,,
TSK-OHE-0188,OHE-0188,TRACTION_DISTRIBUTION_OHE,KRJ,ALJN,95.51,96.58,UP,"OHE maintenance (Wire wear 100.0%, ATD: NORMAL)",TOWER_WAGON,True,False,,0.9991,99.9,CRITICAL,22,167,73.5,,,,,,,,,,,,,25.4,,,,,,,,290.0,,,1.0,12.0,95/6,95/27,8.0,100.0,CONDEMN_RENEW,GOOD,429.9,NORMAL,5615.0,3.0,CLEAN,18.0,SETTLEMENT,True,,,,,,,,,,,,,,
TSK-OHE-0409,OHE-0409,TRACTION_DISTRIBUTION_OHE,ALJN,TDL,146.72,147.81,DN,"OHE maintenance (Wire wear 76.4%, ATD: NORMAL)",TOWER_WAGON,True,False,,0.9973,99.7,CRITICAL,20,162,73.5,,,,,,,,,,,,,25.2,,,,,,,,329.0,,,1.0,19.0,146/6,146/28,9.19,76.4,CRITICAL,WORN,499.5,NORMAL,5617.0,-32.0,CLEAN,21.0,STABLE,True,,,,,,,,,,,,,,
TSK-OHE-0233,OHE-0233,TRACTION_DISTRIBUTION_OHE,DER,KRJ,73.58,74.78,UP,"OHE maintenance (Wire wear 100.0%, ATD: NORMAL)",TOWER_WAGON,True,False,,0.9863,98.6,CRITICAL,15,167,73.5,,,,,,,,,,,,,24.2,,,,,,,,319.0,,,1.0,19.0,73/14,73/16,8.0,100.0,CONDEMN_RENEW,WORN,435.0,NORMAL,5579.0,-82.0,CLEAN,11.0,STABLE,True,,,,,,,,,,,,,,
TSK-OHE-0309,OHE-0309,TRACTION_DISTRIBUTION_OHE,DER,KRJ,42.16,43.01,UP,"OHE maintenance (Wire wear 90.0%, ATD: NORMAL)",TOWER_WAGON,True,False,,0.9919,99.2,CRITICAL,18,163,73.5,,,,,,,,,,,,,30.3,,,,,,,,260.0,,,1.0,20.0,42/4,42/25,8.65,90.0,CONDEMN_RENEW,GOOD,426.3,NORMAL,5491.0,32.0,CLEAN,8.0,STABLE,True,,,,,,,,,,,,,,
TSK-OHE-0262,OHE-0262,TRACTION_DISTRIBUTION_OHE,PHD,CNB,434.16,435.28,UP,"OHE maintenance (Wire wear 67.2%, ATD: NORMAL)",TOWER_WAGON,True,False,,0.9915,99.2,CRITICAL,17,161,73.5,,,,,,,,,,,,,34.2,,,,,,,,278.0,,,1.0,20.0,434/4,434/30,9.56,67.2,CRITICAL,GOOD,499.1,NORMAL,5571.0,-216.0,CLEAN,20.0,STABLE,True,,,,,,,,,,,,,,
TSK-OHE-0269,OHE-0269,TRACTION_DISTRIBUTION_OHE,TDL,FZD,216.02,216.64,UP,"OHE maintenance (Wire wear 70.7%, ATD: NORMAL)",TOWER_WAGON,True,False,,0.9938,99.4,CRITICAL,19,162,73.5,,,,,,,,,,,,,40.7,,,,,,,,318.0,,,1.0,15.0,216/12,216/31,9.42,70.7,CRITICAL,GOOD,557.2,NORMAL,5447.0,-94.0,POLLUTED,29.0,STABLE,True,,,,,,,,,,,,,,
TSK-OHE-0267,OHE-0267,TRACTION_DISTRIBUTION_OHE,PHD,CNB,364.61,365.78,DN,"OHE maintenance (Wire wear 78.2%, ATD: NORMAL)",TOWER_WAGON,True,False,,0.9956,99.6,CRITICAL,20,161,73.5,,,,,,,,,,,,,39.3,,,,,,,,210.0,,,1.0,21.0,364/3,364/28,9.12,78.2,CRITICAL,CRITICAL,614.3,NORMAL,5612.0,79.0,CLEAN,18.0,STABLE,True,,,,,,,,,,,,,,
TSK-OHE-0245,OHE-0245,TRACTION_DISTRIBUTION_OHE,ALJN,TDL,207.5,208.93,UP,"OHE maintenance (Wire wear 74.7%, ATD: NORMAL)",TOWER_WAGON,True,False,,0.9975,99.7,CRITICAL,21,163,73.5,,,,,,,,,,,,,20.3,,,,,,,,312.0,,,1.0,20.0,207/9,207/27,9.26,74.7,CRITICAL,WORN,384.0,NORMAL,5544.0,-12.0,CLEAN,31.0,STABLE,True,,,,,,,,,,,,,,
TSK-OHE-0242,OHE-0242,TRACTION_DISTRIBUTION_OHE,GZB,DER,29.51,30.69,DN,"OHE maintenance (Wire wear 100.0%, ATD: NORMAL)",TOWER_WAGON,True,False,,0.9852,98.5,CRITICAL,15,166,73.5,,,,,,,,,,,,,16.0,,,,,,,,346.0,,,1.0,9.0,29/6,29/17,8.0,100.0,CONDEMN_RENEW,CRITICAL,374.4,NORMAL,5473.0,77.0,FLASHOVER_RISK,9.0,STABLE,True,,,,,,,,,,,,,,
TSK-OHE-0470,OHE-0470,TRACTION_DISTRIBUTION_OHE,DER,KRJ,57.08,58.22,DN,"OHE maintenance (Wire wear 100.0%, ATD: NORMAL)",TOWER_WAGON,True,False,,0.9931,99.3,CRITICAL,18,166,73.5,,,,,,,,,,,,,35.5,,,,,,,,317.0,,,1.0,19.0,57/6,57/17,8.0,100.0,CONDEMN_RENEW,WORN,517.0,NORMAL,5604.0,-33.0,CLEAN,13.0,STABLE,True,,,,,,,,,,,,,,
TSK-OHE-0499,OHE-0499,TRACTION_DISTRIBUTION_OHE,ETW,PHD,328.74,329.62,UP,"OHE maintenance (Wire wear 70.2%, ATD: NORMAL)",TOWER_WAGON,True,False,,0.9932,99.3,CRITICAL,19,161,73.5,,,,,,,,,,,,,41.5,,,,,,,,233.0,,,1.0,11.0,328/15,328/32,9.44,70.2,CRITICAL,WORN,571.5,NORMAL,5569.0,106.0,FLASHOVER_RISK,22.0,STABLE,True,,,,,,,,,,,,,,
TSK-OHE-0037,OHE-0037,TRACTION_DISTRIBUTION_OHE,DER,KRJ,60.7,61.84,UP,"OHE maintenance (Wire wear 100.0%, ATD: NORMAL)",TOWER_WAGON,True,False,,0.9871,98.7,CRITICAL,17,166,73.4,,,,,,,,,,,,,25.8,,,,,,,,355.0,,,1.0,19.0,60/6,60/30,8.0,100.0,CONDEMN_RENEW,WORN,458.5,NORMAL,5565.0,-47.0,CLEAN,9.0,STABLE,True,,,,,,,,,,,,,,
TSK-OHE-0338,OHE-0338,TRACTION_DISTRIBUTION_OHE,DER,KRJ,42.31,43.27,UP,"OHE maintenance (Wire wear 77.9%, ATD: NORMAL)",TOWER_WAGON,True,False,,0.9969,99.7,CRITICAL,22,162,73.4,,,,,,,,,,,,,27.0,,,,,,,,335.0,,,1.0,19.0,42/13,42/24,9.13,77.9,CRITICAL,WORN,398.8,NORMAL,5546.0,-11.0,CLEAN,32.0,STABLE,True,,,,,,,,,,,,,,
TSK-OHE-0350,OHE-0350,TRACTION_DISTRIBUTION_OHE,TDL,FZD,216.86,217.5,DN,"OHE maintenance (Wire wear 71.4%, ATD: NORMAL)",TOWER_WAGON,True,False,,0.9923,99.2,CRITICAL,19,160,73.4,,,,,,,,,,,,,31.1,,,,,,,,331.0,,,1.0,19.0,216/1,216/26,9.39,71.4,CRITICAL,GOOD,535.3,NORMAL,5583.0,64.0,CLEAN,26.0,STABLE,True,,,,,,,,,,,,,,
TSK-OHE-0013,OHE-0013,TRACTION_DISTRIBUTION_OHE,TDL,FZD,211.28,212.0,UP,"OHE maintenance (Wire wear 80.5%, ATD: NORMAL)",TOWER_WAGON,True,False,,0.9959,99.6,CRITICAL,21,160,73.4,,,,,,,,,,,,,32.1,,,,,,,,156.0,,,1.0,22.0,211/8,211/20,9.03,80.5,CRITICAL,GOOD,531.6,NORMAL,5561.0,-216.0,CLEAN,35.0,STABLE,True,,,,,,,,,,,,,,
TSK-OHE-0346,OHE-0346,TRACTION_DISTRIBUTION_OHE,PHD,CNB,434.1,434.79,DN,"OHE maintenance (Wire wear 67.9%, ATD: NORMAL)",TOWER_WAGON,True,False,,0.992,99.2,CRITICAL,19,159,73.4,,,,,,,,,,,,,17.1,,,,,,,,217.0,,,1.0,21.0,434/6,434/24,9.53,67.9,CRITICAL,GOOD,448.5,NORMAL,5609.0,-67.0,CLEAN,35.0,STABLE,True,,,,,,,,,,,,,,
TSK-OHE-0169,OHE-0169,TRACTION_DISTRIBUTION_OHE,ALJN,TDL,185.77,187.09,UP,"OHE maintenance (Wire wear 70.2%, ATD: NORMAL)",TOWER_WAGON,True,False,,0.9943,99.4,CRITICAL,20,161,73.4,,,,,,,,,,,,,43.3,,,,,,,,178.0,,,1.0,22.0,185/3,185/30,9.44,70.2,CRITICAL,GOOD,651.3,NORMAL,5448.0,-90.0,CLEAN,24.0,STABLE,True,,,,,,,,,,,,,,
TSK-OHE-0250,OHE-0250,TRACTION_DISTRIBUTION_OHE,ETW,PHD,321.15,321.96,UP,"OHE maintenance (Wire wear 72.2%, ATD: NORMAL)",TOWER_WAGON,True,False,,0.9927,99.3,CRITICAL,20,160,73.4,,,,,,,,,,,,,25.0,,,,,,,,187.0,,,1.0,22.0,321/14,321/22,9.36,72.2,CRITICAL,GOOD,523.8,NORMAL,5520.0,36.0,CLEAN,17.0,STABLE,True,,,,,,,,,,,,,,
TSK-OHE-0286,OHE-0286,TRACTION_DISTRIBUTION_OHE,DER,KRJ,56.29,57.36,UP,"OHE maintenance (Wire wear 97.2%, ATD: NORMAL)",TOWER_WAGON,True,False,,0.9992,99.9,CRITICAL,23,165,73.4,,,,,,,,,,,,,30.9,,,,,,,,291.0,,,1.0,12.0,56/3,56/30,8.36,97.2,CONDEMN_RENEW,CRITICAL,497.9,NORMAL,5550.0,69.0,CLEAN,21.0,STABLE,True,,,,,,,,,,,,,,
TSK-SIG-0189,SIG-0189,SIGNAL_AND_TELECOM,FZD,FZD,226.5,226.6,UP,"Signal maintenance (POINT_MACHINE at FZD, Tier: HIGH)",NONE,False,True,,0.9808,98.1,CRITICAL,14,150,73.4,,,,,,,,,,,,,,,,,,,,,153.0,,,1.0,15.0,,,,,,,,,,,,,,,POINT_MACHINE,FZD,226.5,5.27,2.85,5.1,27068.0,0.0,5.0,14.0,0.0,74.0,653.0,41.54
TSK-OHE-0335,OHE-0335,TRACTION_DISTRIBUTION_OHE,ALJN,TDL,200.0,200.62,UP,"OHE maintenance (Wire wear 73.7%, ATD: NORMAL)",TOWER_WAGON,True,False,,0.9927,99.3,CRITICAL,19,160,73.4,,,,,,,,,,,,,43.5,,,,,,,,244.0,,,1.0,21.0,200/11,200/24,9.3,73.7,CRITICAL,GOOD,580.6,NORMAL,5585.0,76.0,CLEAN,16.0,STABLE,True,,,,,,,,,,,,,,
TSK-OHE-0056,OHE-0056,TRACTION_DISTRIBUTION_OHE,NDLS,GZB,10.97,12.22,DN,"OHE maintenance (Wire wear 67.4%, ATD: NORMAL)",TOWER_WAGON,True,False,,0.9922,99.2,CRITICAL,19,159,73.4,,,,,,,,,,,,,24.3,,,,,,,,127.0,,,1.0,22.0,10/15,10/20,9.55,67.4,CRITICAL,GOOD,498.1,NORMAL,5603.0,21.0,CLEAN,27.0,STABLE,True,,,,,,,,,,,,,,
TSK-SIG-0257,SIG-0257,SIGNAL_AND_TELECOM,GZB,GZB,25.47,25.57,YARD,"Signal maintenance (POINT_MACHINE at GZB, Tier: HIGH)",NONE,False,True,,0.9803,98.0,CRITICAL,14,150,73.4,,,,,,,,,,,,,,,,,,,,,6.0,,,1.0,15.0,,,,,,,,,,,,,,,POINT_MACHINE,GZB,25.47,5.24,2.87,5.4,33765.0,0.0,5.0,18.0,0.0,85.3,505.0,42.42
TSK-TRK-0478,TRK-0478,ENGINEERING_TRACK,TDL,FZD,223.08,224.23,UP,"Track maintenance (POOR TGI 48.0, USFD: CLEAR)",TAMPING,True,False,,0.9303,93.0,CRITICAL,61,202,73.4,60kg 90UTS,25.0,488.4,57.3,50.1,72.7,40.4,47.98,POOR,CLEAR,0.0,49.8,35.0,40.0,SAFE_RANGE,True,2.1,GOOD,160.0,A,328.0,False,0.0,1.0,29.0,,,,,,,,,,,,,,,,,,,,,,,,,,,,
TSK-OHE-0034,OHE-0034,TRACTION_DISTRIBUTION_OHE,TDL,FZD,211.48,212.58,DN,"OHE maintenance (Wire wear 81.7%, ATD: NORMAL)",TOWER_WAGON,True,False,,0.9977,99.8,CRITICAL,23,163,73.3,,,,,,,,,,,,,15.2,,,,,,,,306.0,,,1.0,20.0,211/15,211/29,8.98,81.7,CRITICAL,GOOD,502.9,NORMAL,5539.0,69.0,CLEAN,27.0,STABLE,True,,,,,,,,,,,,,,
TSK-OHE-0344,OHE-0344,TRACTION_DISTRIBUTION_OHE,PHD,CNB,388.23,388.85,UP,"OHE maintenance (Wire wear 72.4%, ATD: NORMAL)",TOWER_WAGON,True,False,,0.9929,99.3,CRITICAL,21,158,73.3,,,,,,,,,,,,,24.0,,,,,,,,153.0,,,1.0,22.0,388/5,388/18,9.35,72.4,CRITICAL,GOOD,435.5,NORMAL,5644.0,38.0,CLEAN,18.0,STABLE,True,,,,,,,,,,,,,,
TSK-OHE-0369,OHE-0369,TRACTION_DISTRIBUTION_OHE,DER,KRJ,37.26,38.44,UP,"OHE maintenance (Wire wear 81.0%, ATD: NORMAL)",TOWER_WAGON,True,False,,0.9976,99.8,CRITICAL,23,163,73.3,,,,,,,,,,,,,40.2,,,,,,,,328.0,,,1.0,15.0,37/13,37/19,9.01,81.0,CRITICAL,WORN,614.0,NORMAL,5670.0,-127.0,POLLUTED,29.0,SETTLEMENT,True,,,,,,,,,,,,,,
TSK-OHE-0428,OHE-0428,TRACTION_DISTRIBUTION_OHE,DER,KRJ,39.9,41.11,DN,"OHE maintenance (Wire wear 92.0%, ATD: NORMAL)",TOWER_WAGON,True,False,,0.9903,99.0,CRITICAL,20,166,73.3,,,,,,,,,,,,,43.3,,,,,,,,257.0,,,1.0,20.0,39/9,39/31,8.57,92.0,CONDEMN_RENEW,WORN,697.8,NORMAL,5595.0,-47.0,CLEAN,12.0,STABLE,True,,,,,,,,,,,,,,
TSK-OHE-0246,OHE-0246,TRACTION_DISTRIBUTION_OHE,GZB,DER,33.19,33.85,DN,"OHE maintenance (Wire wear 83.2%, ATD: NORMAL)",TOWER_WAGON,True,False,,0.9939,99.4,CRITICAL,21,163,73.3,,,,,,,,,,,,,20.2,,,,,,,,351.0,,,0.0,197.0,33/10,33/26,8.92,83.2,CRITICAL,WORN,378.8,NORMAL,5479.0,14.0,CLEAN,11.0,STABLE,True,,,,,,,,,,,,,,
TSK-OHE-0118,OHE-0118,TRACTION_DISTRIBUTION_OHE,KRJ,ALJN,112.88,113.52,DN,"OHE maintenance (Wire wear 78.4%, ATD: NORMAL)",TOWER_WAGON,True,False,,0.9972,99.7,CRITICAL,23,161,73.3,,,,,,,,,,,,,42.4,,,,,,,,365.0,,,1.0,19.0,112/15,112/28,9.11,78.4,CRITICAL,CRITICAL,576.9,NORMAL,5482.0,-81.0,CLEAN,31.0,STABLE,True,,,,,,,,,,,,,,
TSK-OHE-0123,OHE-0123,TRACTION_DISTRIBUTION_OHE,PHD,CNB,413.99,415.2,UP,"OHE maintenance (Wire wear 92.5%, ATD: NORMAL)",TOWER_WAGON,True,False,,0.9926,99.3,CRITICAL,21,166,73.3,,,,,,,,,,,,,26.6,,,,,,,,287.0,,,1.0,20.0,413/11,413/26,8.55,92.5,CONDEMN_RENEW,CRITICAL,561.4,NORMAL,5524.0,42.0,CLEAN,12.0,STABLE,True,,,,,,,,,,,,,,
TSK-OHE-0041,OHE-0041,TRACTION_DISTRIBUTION_OHE,ETW,PHD,349.85,350.64,UP,"OHE maintenance (Wire wear 70.2%, ATD: NORMAL)",TOWER_WAGON,True,False,,0.9908,99.1,CRITICAL,20,159,73.3,,,,,,,,,,,,,18.7,,,,,,,,177.0,,,1.0,12.0,349/15,349/31,9.44,70.2,CRITICAL,WORN,351.2,NORMAL,5534.0,69.0,CLEAN,17.0,TILTING,True,,,,,,,,,,,,,,
TSK-OHE-0045,OHE-0045,TRACTION_DISTRIBUTION_OHE,GZB,DER,33.32,34.47,UP,"OHE maintenance (Wire wear 72.4%, ATD: NORMAL)",TOWER_WAGON,True,False,,0.9895,98.9,CRITICAL,19,162,73.3,,,,,,,,,,,,,23.8,,,,,,,,206.0,,,1.0,21.0,33/4,33/19,9.35,72.4,CRITICAL,GOOD,493.5,NORMAL,5418.0,-136.0,CLEAN,28.0,STABLE,True,,,,,,,,,,,,,,
TSK-OHE-0485,OHE-0485,TRACTION_DISTRIBUTION_OHE,ETW,PHD,308.95,309.78,UP,"OHE maintenance (Wire wear 69.9%, ATD: NORMAL)",TOWER_WAGON,True,False,,0.992,99.2,CRITICAL,21,158,73.3,,,,,,,,,,,,,35.7,,,,,,,,157.0,,,1.0,22.0,308/7,308/24,9.45,69.9,CRITICAL,GOOD,573.6,NORMAL,5604.0,127.0,CLEAN,17.0,STABLE,True,,,,,,,,,,,,,,
TSK-OHE-0483,OHE-0483,TRACTION_DISTRIBUTION_OHE,DER,KRJ,53.2,54.15,UP,"OHE maintenance (Wire wear 95.7%, ATD: NORMAL)",TOWER_WAGON,True,False,,0.9855,98.5,CRITICAL,17,164,73.3,,,,,,,,,,,,,19.3,,,,,,,,357.0,,,1.0,19.0,53/11,53/29,8.42,95.7,CONDEMN_RENEW,GOOD,551.7,NORMAL,5495.0,-142.0,CLEAN,9.0,STABLE,True,,,,,,,,,,,,,,
TSK-OHE-0532,OHE-0532,TRACTION_DISTRIBUTION_OHE,NDLS,GZB,8.79,10.21,DN,"OHE maintenance (Wire wear 65.7%, ATD: NORMAL)",TOWER_WAGON,True,False,,0.9845,98.4,CRITICAL,17,160,73.3,,,,,,,,,,,,,38.3,,,,,,,,168.0,,,1.0,22.0,8/9,8/17,9.62,65.7,CRITICAL,WORN,646.8,NORMAL,5656.0,-81.0,CLEAN,19.0,STABLE,True,,,,,,,,,,,,,,
TSK-OHE-0441,OHE-0441,TRACTION_DISTRIBUTION_OHE,PHD,CNB,432.32,433.33,UP,"OHE maintenance (Wire wear 90.0%, ATD: NORMAL)",TOWER_WAGON,True,False,,0.9913,99.1,CRITICAL,22,164,73.2,,,,,,,,,,,,,24.3,,,,,,,,156.0,,,1.0,22.0,432/14,432/20,8.65,90.0,CONDEMN_RENEW,CRITICAL,461.7,NORMAL,5523.0,29.0,CLEAN,14.0,STABLE,True,,,,,,,,,,,,,,
TSK-OHE-0007,OHE-0007,TRACTION_DISTRIBUTION_OHE,GZB,DER,26.39,26.91,DN,"OHE maintenance (Wire wear 77.4%, ATD: NORMAL)",TOWER_WAGON,True,False,,0.9929,99.3,CRITICAL,22,157,73.2,,,,,,,,,,,,,43.1,,,,,,,,142.0,,,1.0,12.0,26/2,26/31,9.15,77.4,CRITICAL,WORN,718.3,NORMAL,5708.0,-131.0,CLEAN,27.0,TILTING,True,,,,,,,,,,,,,,
TSK-OHE-0421,OHE-0421,TRACTION_DISTRIBUTION_OHE,ETW,PHD,331.89,333.3,DN,"OHE maintenance (Wire wear 96.7%, ATD: NORMAL)",TOWER_WAGON,True,False,,0.9877,98.8,CRITICAL,20,166,73.2,,,,,,,,,,,,,16.4,,,,,,,,353.0,,,1.0,19.0,331/10,331/29,8.38,96.7,CONDEMN_RENEW,GOOD,365.0,NORMAL,5624.0,20.0,CLEAN,9.0,STABLE,True,,,,,,,,,,,,,,
TSK-OHE-0204,OHE-0204,TRACTION_DISTRIBUTION_OHE,NDLS,GZB,17.36,18.53,UP,"OHE maintenance (Wire wear 65.4%, ATD: NORMAL)",TOWER_WAGON,True,False,,0.9923,99.2,CRITICAL,22,161,73.2,,,,,,,,,,,,,17.0,,,,,,,,365.0,,,1.0,19.0,17/15,17/29,9.63,65.4,CRITICAL,GOOD,429.4,NORMAL,5589.0,-45.0,CLEAN,27.0,STABLE,True,,,,,,,,,,,,,,
TSK-OHE-0327,OHE-0327,TRACTION_DISTRIBUTION_OHE,KRJ,ALJN,84.59,85.43,UP,"OHE maintenance (Wire wear 66.4%, ATD: NORMAL)",TOWER_WAGON,True,False,,0.9885,98.8,CRITICAL,20,160,73.2,,,,,,,,,,,,,27.6,,,,,,,,193.0,,,1.0,21.0,84/8,84/28,9.59,66.4,CRITICAL,GOOD,512.7,NORMAL,5495.0,-211.0,CLEAN,18.0,STABLE,True,,,,,,,,,,,,,,
TSK-OHE-0200,OHE-0200,TRACTION_DISTRIBUTION_OHE,DER,KRJ,68.54,69.99,DN,"OHE maintenance (Wire wear 70.7%, ATD: NORMAL)",TOWER_WAGON,True,False,,0.9887,98.9,CRITICAL,20,161,73.2,,,,,,,,,,,,,27.8,,,,,,,,203.0,,,1.0,21.0,68/5,68/25,9.42,70.7,CRITICAL,GOOD,521.8,NORMAL,5617.0,-205.0,CLEAN,22.0,STABLE,True,,,,,,,,,,,,,,
TSK-OHE-0281,OHE-0281,TRACTION_DISTRIBUTION_OHE,FZD,ETW,229.91,230.48,DN,"OHE maintenance (Wire wear 78.7%, ATD: NORMAL)",TOWER_WAGON,True,False,,0.9967,99.7,CRITICAL,24,159,73.2,,,,,,,,,,,,,26.2,,,,,,,,288.0,,,1.0,20.0,229/6,229/31,9.1,78.7,CRITICAL,GOOD,617.4,NORMAL,5525.0,-40.0,CLEAN,16.0,STABLE,True,,,,,,,,,,,,,,
TSK-OHE-0144,OHE-0144,TRACTION_DISTRIBUTION_OHE,FZD,ETW,234.94,236.38,DN,"OHE maintenance (Wire wear 69.2%, ATD: NORMAL)",TOWER_WAGON,True,False,,0.9899,99.0,CRITICAL,22,163,73.1,,,,,,,,,,,,,26.0,,,,,,,,213.0,,,1.0,21.0,234/13,234/24,9.48,69.2,CRITICAL,GOOD,504.5,NORMAL,5523.0,-72.0,CLEAN,25.0,STABLE,True,,,,,,,,,,,,,,
TSK-OHE-0382,OHE-0382,TRACTION_DISTRIBUTION_OHE,PHD,CNB,438.35,439.31,DN,"OHE maintenance (Wire wear 73.4%, ATD: NORMAL)",TOWER_WAGON,True,False,,0.9861,98.6,CRITICAL,20,160,73.1,,,,,,,,,,,,,32.8,,,,,,,,244.0,,,1.0,21.0,438/4,438/25,9.31,73.4,CRITICAL,GOOD,648.6,NORMAL,5450.0,-16.0,CLEAN,16.0,STABLE,True,,,,,,,,,,,,,,
TSK-OHE-0098,OHE-0098,TRACTION_DISTRIBUTION_OHE,ETW,PHD,341.57,342.44,UP,"OHE maintenance (Wire wear 71.9%, ATD: NORMAL)",TOWER_WAGON,True,False,,0.9896,99.0,CRITICAL,22,161,73.1,,,,,,,,,,,,,40.5,,,,,,,,226.0,,,1.0,21.0,341/9,341/22,9.37,71.9,CRITICAL,GOOD,505.7,NORMAL,5465.0,-20.0,CLEAN,26.0,STABLE,True,,,,,,,,,,,,,,
TSK-OHE-0317,OHE-0317,TRACTION_DISTRIBUTION_OHE,FZD,ETW,231.6,232.57,DN,"OHE maintenance (Wire wear 78.4%, ATD: NORMAL)",TOWER_WAGON,True,False,,0.9882,98.8,CRITICAL,21,162,73.1,,,,,,,,,,,,,19.0,,,,,,,,210.0,,,1.0,21.0,231/4,231/31,9.11,78.4,CRITICAL,WORN,335.2,NORMAL,5581.0,-33.0,CLEAN,20.0,STABLE,True,,,,,,,,,,,,,,
TSK-OHE-0124,OHE-0124,TRACTION_DISTRIBUTION_OHE,DER,KRJ,44.48,45.55,UP,"OHE maintenance (Wire wear 68.4%, ATD: NORMAL)",TOWER_WAGON,True,False,,0.9872,98.7,CRITICAL,21,161,73.1,,,,,,,,,,,,,22.1,,,,,,,,224.0,,,1.0,21.0,44/1,44/23,9.51,68.4,CRITICAL,WORN,498.5,NORMAL,5575.0,-114.0,CLEAN,19.0,STABLE,True,,,,,,,,,,,,,,
TSK-OHE-0401,OHE-0401,TRACTION_DISTRIBUTION_OHE,KRJ,ALJN,109.68,110.37,UP,"OHE maintenance (Wire wear 65.9%, ATD: NORMAL)",TOWER_WAGON,True,False,,0.9876,98.8,CRITICAL,23,158,73.0,,,,,,,,,,,,,33.6,,,,,,,,151.0,,,1.0,22.0,109/8,109/19,9.61,65.9,CRITICAL,GOOD,505.9,NORMAL,5509.0,-1.0,CLEAN,20.0,STABLE,True,,,,,,,,,,,,,,
TSK-OHE-0397,OHE-0397,TRACTION_DISTRIBUTION_OHE,FZD,ETW,247.37,248.72,DN,"OHE maintenance (Wire wear 66.4%, ATD: NORMAL)",TOWER_WAGON,True,False,,0.985,98.5,CRITICAL,22,162,73.0,,,,,,,,,,,,,24.9,,,,,,,,218.0,,,1.0,21.0,247/6,247/17,9.59,66.4,CRITICAL,GOOD,496.2,NORMAL,5586.0,-121.0,CLEAN,22.0,STABLE,True,,,,,,,,,,,,,,
TSK-OHE-0271,OHE-0271,TRACTION_DISTRIBUTION_OHE,KRJ,ALJN,87.62,88.77,DN,"OHE maintenance (Wire wear 67.7%, ATD: NORMAL)",TOWER_WAGON,True,False,,0.9901,99.0,CRITICAL,25,160,72.9,,,,,,,,,,,,,19.0,,,,,,,,303.0,,,1.0,20.0,87/10,87/16,9.54,67.7,CRITICAL,GOOD,458.2,NORMAL,5520.0,-42.0,CLEAN,16.0,SETTLEMENT,True,,,,,,,,,,,,,,
TSK-OHE-0475,OHE-0475,TRACTION_DISTRIBUTION_OHE,NDLS,GZB,6.74,8.16,UP,"OHE maintenance (Wire wear 75.2%, ATD: NORMAL)",TOWER_WAGON,True,False,,0.9961,99.6,CRITICAL,29,162,72.9,,,,,,,,,,,,,31.0,,,,,,,,292.0,,,1.0,20.0,6/6,6/25,9.24,75.2,CRITICAL,WORN,496.4,NORMAL,5559.0,-27.0,CLEAN,16.0,STABLE,True,,,,,,,,,,,,,,
TSK-OHE-0019,OHE-0019,TRACTION_DISTRIBUTION_OHE,FZD,ETW,293.62,294.31,DN,"OHE maintenance (Wire wear 86.7%, ATD: NORMAL)",TOWER_WAGON,True,False,,0.9824,98.2,CRITICAL,22,160,72.9,,,,,,,,,,,,,25.9,,,,,,,,273.0,,,1.0,20.0,293/14,293/19,8.78,86.7,CONDEMN_RENEW,WORN,395.4,NORMAL,5550.0,37.0,CLEAN,8.0,STABLE,True,,,,,,,,,,,,,,
TSK-OHE-0351,OHE-0351,TRACTION_DISTRIBUTION_OHE,NDLS,GZB,14.8,15.35,UP,"OHE maintenance (Wire wear 100.0%, ATD: NORMAL)",TOWER_WAGON,True,False,,0.9844,98.4,CRITICAL,23,165,72.9,,,,,,,,,,,,,23.0,,,,,,,,286.0,,,1.0,10.0,14/3,14/23,8.0,100.0,CONDEMN_RENEW,WORN,561.2,NORMAL,5561.0,-5.0,FLASHOVER_RISK,11.0,STABLE,True,,,,,,,,,,,,,,
TSK-OHE-0376,OHE-0376,TRACTION_DISTRIBUTION_OHE,PHD,CNB,416.15,417.0,DN,"OHE maintenance (Wire wear 86.5%, ATD: NORMAL)",TOWER_WAGON,True,False,,0.9951,99.5,CRITICAL,28,162,72.9,,,,,,,,,,,,,43.7,,,,,,,,291.0,,,1.0,20.0,416/7,416/28,8.79,86.5,CONDEMN_RENEW,WORN,582.9,NORMAL,5527.0,104.0,CLEAN,13.0,STABLE,True,,,,,,,,,,,,,,
TSK-SIG-0030,SIG-0030,SIGNAL_AND_TELECOM,ETW,ETW,300.92,301.02,DN,"Signal maintenance (POINT_MACHINE at ETW, Tier: HIGH)",NONE,False,True,,0.9776,97.8,CRITICAL,19,150,72.9,,,,,,,,,,,,,,,,,,,,,357.0,,,1.0,18.0,,,,,,,,,,,,,,,POINT_MACHINE,ETW,300.92,5.67,2.89,11.4,25767.0,0.0,5.0,19.0,0.0,95.5,518.0,49.3
TSK-OHE-0247,OHE-0247,TRACTION_DISTRIBUTION_OHE,PHD,CNB,411.21,412.55,UP,"OHE maintenance (Wire wear 87.0%, ATD: NORMAL)",TOWER_WAGON,True,False,,0.9854,98.5,CRITICAL,23,163,72.9,,,,,,,,,,,,,18.5,,,,,,,,352.0,,,1.0,19.0,411/8,411/27,8.77,87.0,CONDEMN_RENEW,WORN,390.6,NORMAL,5663.0,105.0,CLEAN,7.0,STABLE,True,,,,,,,,,,,,,,
TSK-OHE-0072,OHE-0072,TRACTION_DISTRIBUTION_OHE,NDLS,GZB,6.7,8.03,DN,"OHE maintenance (Wire wear 100.0%, ATD: NORMAL)",TOWER_WAGON,True,False,,0.9809,98.1,CRITICAL,23,165,72.8,,,,,,,,,,,,,21.1,,,,,,,,355.0,,,1.0,15.0,6/6,6/18,8.0,100.0,CONDEMN_RENEW,GOOD,432.3,NORMAL,5576.0,-8.0,POLLUTED,7.0,STABLE,True,,,,,,,,,,,,,,
TSK-SIG-0258,SIG-0258,SIGNAL_AND_TELECOM,NDLS,NDLS,0.91,1.01,UP,"Signal maintenance (POINT_MACHINE at NDLS, Tier: HIGH)",NONE,False,True,,0.969,96.9,CRITICAL,16,150,72.8,,,,,,,,,,,,,,,,,,,,,173.0,,,1.0,17.0,,,,,,,,,,,,,,,POINT_MACHINE,NDLS,0.91,5.62,2.81,8.5,26284.0,0.0,5.0,5.0,0.0,91.0,653.0,47.44
TSK-SIG-0316,SIG-0316,SIGNAL_AND_TELECOM,KRJ,KRJ,83.84,83.94,YARD,"Signal maintenance (POINT_MACHINE at KRJ, Tier: HIGH)",NONE,False,True,,0.9723,97.2,CRITICAL,20,150,72.7,,,,,,,,,,,,,,,,,,,,,32.0,,,1.0,15.0,,,,,,,,,,,,,,,POINT_MACHINE,KRJ,83.84,5.44,2.92,7.0,32049.0,0.0,5.0,12.0,0.0,79.4,15.0,43.05
TSK-OHE-0145,OHE-0145,TRACTION_DISTRIBUTION_OHE,ALJN,TDL,142.53,143.93,UP,"OHE maintenance (Wire wear 98.2%, ATD: NORMAL)",TOWER_WAGON,True,False,,0.98,98.0,CRITICAL,23,167,72.7,,,,,,,,,,,,,31.0,,,,,,,,284.0,,,1.0,20.0,142/5,142/30,8.32,98.2,CONDEMN_RENEW,CRITICAL,586.8,NORMAL,5598.0,-78.0,CLEAN,11.0,STABLE,True,,,,,,,,,,,,,,
TSK-OHE-0469,OHE-0469,TRACTION_DISTRIBUTION_OHE,NDLS,GZB,7.51,8.19,DN,"OHE maintenance (Wire wear 100.0%, ATD: NORMAL)",TOWER_WAGON,True,False,,0.98,98.0,CRITICAL,24,164,72.7,,,,,,,,,,,,,20.1,,,,,,,,362.0,,,1.0,19.0,7/2,7/26,8.23,100.0,CONDEMN_RENEW,WORN,404.6,NORMAL,5631.0,73.0,CLEAN,10.0,STABLE,True,,,,,,,,,,,,,,
TSK-OHE-0174,OHE-0174,TRACTION_DISTRIBUTION_OHE,ALJN,TDL,167.01,167.83,DN,"OHE maintenance (Wire wear 73.7%, ATD: NORMAL)",TOWER_WAGON,True,False,,0.9936,99.4,CRITICAL,32,162,72.6,,,,,,,,,,,,,39.2,,,,,,,,300.0,,,1.0,10.0,167/5,167/20,9.3,73.7,CRITICAL,GOOD,601.2,NORMAL,5537.0,89.0,FLASHOVER_RISK,29.0,STABLE,True,,,,,,,,,,,,,,
TSK-OHE-0167,OHE-0167,TRACTION_DISTRIBUTION_OHE,ALJN,TDL,186.3,187.31,UP,"OHE maintenance (Wire wear 88.7%, ATD: NORMAL)",TOWER_WAGON,True,False,,0.977,97.7,CRITICAL,24,164,72.6,,,,,,,,,,,,,36.7,,,,,,,,339.0,,,1.0,19.0,186/4,186/16,8.7,88.7,CONDEMN_RENEW,WORN,719.4,NORMAL,5606.0,87.0,CLEAN,12.0,STABLE,True,,,,,,,,,,,,,,
TSK-OHE-0306,OHE-0306,TRACTION_DISTRIBUTION_OHE,DER,KRJ,63.17,64.17,DN,"OHE maintenance (Wire wear 100.0%, ATD: NORMAL)",TOWER_WAGON,True,False,,0.9757,97.6,CRITICAL,24,166,72.5,,,,,,,,,,,,,40.1,,,,,,,,299.0,,,1.0,20.0,63/1,63/19,8.18,100.0,CONDEMN_RENEW,CRITICAL,735.8,NORMAL,5665.0,-84.0,CLEAN,12.0,STABLE,True,,,,,,,,,,,,,,
TSK-OHE-0054,OHE-0054,TRACTION_DISTRIBUTION_OHE,KRJ,ALJN,95.97,97.29,DN,"OHE maintenance (Wire wear 100.0%, ATD: NORMAL)",TOWER_WAGON,True,False,,0.9797,98.0,CRITICAL,28,167,72.4,,,,,,,,,,,,,22.9,,,,,,,,240.0,,,1.0,21.0,95/1,95/25,8.1,100.0,CONDEMN_RENEW,WORN,398.3,NORMAL,5428.0,-17.0,CLEAN,11.0,STABLE,True,,,,,,,,,,,,,,
TSK-SIG-0012,SIG-0012,SIGNAL_AND_TELECOM,NDLS,NDLS,0.36,0.46,DN,"Signal maintenance (POINT_MACHINE at NDLS, Tier: HIGH)",NONE,False,True,,0.9596,96.0,CRITICAL,17,150,72.4,,,,,,,,,,,,,,,,,,,,,335.0,,,1.0,14.0,,,,,,,,,,,,,,,POINT_MACHINE,NDLS,0.36,5.02,2.82,3.3,29524.0,0.0,5.0,3.0,0.0,77.9,16.0,40.6
TSK-OHE-0545,OHE-0545,TRACTION_DISTRIBUTION_OHE,ALJN,TDL,182.06,182.91,UP,"OHE maintenance (Wire wear 83.2%, ATD: NORMAL)",TOWER_WAGON,True,False,,0.9803,98.0,CRITICAL,28,163,72.4,,,,,,,,,,,,,42.9,,,,,,,,246.0,,,1.0,19.0,182/11,182/28,8.92,83.2,CRITICAL,WORN,540.4,NORMAL,5583.0,-154.0,FLASHOVER_RISK,11.0,STABLE,True,,,,,,,,,,,,,,
TSK-OHE-0261,OHE-0261,TRACTION_DISTRIBUTION_OHE,ETW,PHD,337.87,338.91,DN,"OHE maintenance (Wire wear 88.2%, ATD: NORMAL)",TOWER_WAGON,True,False,,0.9647,96.5,CRITICAL,22,163,72.3,,,,,,,,,,,,,15.9,,,,,,,,320.0,,,1.0,19.0,337/15,337/26,8.72,88.2,CONDEMN_RENEW,WORN,449.7,NORMAL,5528.0,-8.0,CLEAN,5.0,STABLE,True,,,,,,,,,,,,,,
TSK-OHE-0209,OHE-0209,TRACTION_DISTRIBUTION_OHE,ALJN,TDL,145.85,146.36,UP,"OHE maintenance (Wire wear 100.0%, ATD: NORMAL)",TOWER_WAGON,True,False,,0.9724,97.2,CRITICAL,26,164,72.3,,,,,,,,,,,,,37.9,,,,,,,,304.0,,,1.0,20.0,145/9,145/19,8.0,100.0,CONDEMN_RENEW,WORN,580.3,NORMAL,5606.0,-111.0,CLEAN,10.0,STABLE,True,,,,,,,,,,,,,,
TSK-TRK-0368,TRK-0368,ENGINEERING_TRACK,NDLS,GZB,12.73,13.3,DN,"Track maintenance (POOR TGI 46.8, USFD: CLEAR)",TAMPING,True,False,,0.9049,90.5,CRITICAL,66,194,72.2,52kg 72UTS,19.0,468.5,45.9,51.4,55.3,44.9,46.79,POOR,CLEAR,0.0,48.6,31.2,40.0,SAFE_RANGE,True,31.9,FOULED,130.0,A,301.0,False,0.0,1.0,29.0,,,,,,,,,,,,,,,,,,,,,,,,,,,,
TSK-OHE-0105,OHE-0105,TRACTION_DISTRIBUTION_OHE,FZD,ETW,259.45,260.2,UP,"OHE maintenance (Wire wear 100.0%, ATD: NORMAL)",TOWER_WAGON,True,False,,0.9668,96.7,CRITICAL,24,164,72.2,,,,,,,,,,,,,38.9,,,,,,,,249.0,,,1.0,21.0,259/7,259/24,8.0,100.0,CONDEMN_RENEW,GOOD,515.9,NORMAL,5553.0,-28.0,CLEAN,9.0,STABLE,True,,,,,,,,,,,,,,
TSK-SIG-0200,SIG-0200,SIGNAL_AND_TELECOM,CNB,CNB,438.98,439.08,DN,"Signal maintenance (POINT_MACHINE at CNB, Tier: HIGH)",NONE,False,True,,0.9634,96.3,CRITICAL,23,150,72.1,,,,,,,,,,,,,,,,,,,,,323.0,,,1.0,15.0,,,,,,,,,,,,,,,POINT_MACHINE,CNB,438.98,5.52,3.27,11.3,32503.0,0.0,5.0,8.0,0.0,84.5,536.0,42.61
TSK-TRK-0681,TRK-0681,ENGINEERING_TRACK,ALJN,TDL,176.75,177.26,UP,"Track maintenance (AVERAGE TGI 56.5, USFD: OBS)",TAMPING,True,False,,0.8803,88.0,CRITICAL,54,184,72.1,60kg 90UTS,21.0,576.4,41.2,58.0,47.8,62.8,56.5,AVERAGE,OBS,4.0,42.3,26.4,40.0,SAFE_RANGE,True,132.2,GOOD,160.0,A,296.0,False,0.0,1.0,21.0,,,,,,,,,,,,,,,,,,,,,,,,,,,,
TSK-SIG-0161,SIG-0161,SIGNAL_AND_TELECOM,TDL,TDL,207.82,207.92,YARD,"Signal maintenance (POINT_MACHINE at TDL, Tier: HIGH)",NONE,False,True,,0.9479,94.8,CRITICAL,15,150,72.1,,,,,,,,,,,,,,,,,,,,,335.0,,,1.0,14.0,,,,,,,,,,,,,,,POINT_MACHINE,TDL,207.82,5.83,2.48,4.5,27945.0,0.0,5.0,15.0,0.0,94.2,452.0,40.05
TSK-OHE-0298,OHE-0298,TRACTION_DISTRIBUTION_OHE,PHD,CNB,411.44,411.96,UP,"OHE maintenance (Wire wear 93.0%, ATD: NORMAL)",TOWER_WAGON,True,False,,0.9724,97.2,CRITICAL,30,161,72.0,,,,,,,,,,,,,41.0,,,,,,,,178.0,,,1.0,22.0,411/1,411/20,8.53,93.0,CONDEMN_RENEW,GOOD,617.0,NORMAL,5634.0,12.0,CLEAN,9.0,STABLE,True,,,,,,,,,,,,,,
TSK-OHE-0540,OHE-0540,TRACTION_DISTRIBUTION_OHE,PHD,CNB,423.0,424.44,DN,"OHE maintenance (Wire wear 100.0%, ATD: NORMAL)",TOWER_WAGON,True,False,,0.9717,97.2,CRITICAL,29,168,72.0,,,,,,,,,,,,,31.0,,,,,,,,273.0,,,1.0,20.0,423/2,423/27,8.0,100.0,CONDEMN_RENEW,WORN,496.1,NORMAL,5481.0,-34.0,CLEAN,5.0,STABLE,True,,,,,,,,,,,,,,
TSK-OHE-0419,OHE-0419,TRACTION_DISTRIBUTION_OHE,FZD,ETW,248.31,249.4,DN,"OHE maintenance (Wire wear 99.5%, ATD: NORMAL)",TOWER_WAGON,True,False,,0.9559,95.6,CRITICAL,22,166,71.9,,,,,,,,,,,,,41.0,,,,,,,,311.0,,,1.0,20.0,248/12,248/23,8.27,99.5,CONDEMN_RENEW,WORN,633.8,NORMAL,5538.0,-31.0,CLEAN,7.0,STABLE,True,,,,,,,,,,,,,,
TSK-OHE-0244,OHE-0244,TRACTION_DISTRIBUTION_OHE,KRJ,ALJN,91.59,92.71,UP,"OHE maintenance (Wire wear 100.0%, ATD: NORMAL)",TOWER_WAGON,True,False,,0.9695,96.9,CRITICAL,30,164,71.9,,,,,,,,,,,,,35.9,,,,,,,,361.0,,,1.0,19.0,91/1,91/31,8.0,100.0,CONDEMN_RENEW,WORN,608.2,NORMAL,5595.0,25.0,CLEAN,7.0,SETTLEMENT,True,,,,,,,,,,,,,,
TSK-OHE-0205,OHE-0205,TRACTION_DISTRIBUTION_OHE,FZD,ETW,283.76,284.77,UP,"OHE maintenance (Wire wear 92.5%, ATD: NORMAL)",TOWER_WAGON,True,False,,0.9668,96.7,CRITICAL,29,165,71.9,,,,,,,,,,,,,37.9,,,,,,,,239.0,,,1.0,21.0,283/6,283/30,8.55,92.5,CONDEMN_RENEW,WORN,617.7,NORMAL,5522.0,-11.0,CLEAN,9.0,STABLE,True,,,,,,,,,,,,,,
TSK-OHE-0394,OHE-0394,TRACTION_DISTRIBUTION_OHE,ALJN,TDL,163.41,164.4,UP,"OHE maintenance (Wire wear 85.7%, ATD: NORMAL)",TOWER_WAGON,True,False,,0.9742,97.4,CRITICAL,34,162,71.8,,,,,,,,,,,,,24.6,,,,,,,,290.0,,,1.0,20.0,163/8,163/18,8.82,85.7,CONDEMN_RENEW,CRITICAL,554.9,NORMAL,5554.0,36.0,CLEAN,10.0,STABLE,True,,,,,,,,,,,,,,
TSK-SIG-0310,SIG-0310,SIGNAL_AND_TELECOM,TDL,TDL,209.06,209.16,UP,"Signal maintenance (POINT_MACHINE at TDL, Tier: HIGH)",NONE,False,True,,0.9508,95.1,CRITICAL,21,150,71.8,,,,,,,,,,,,,,,,,,,,,248.0,,,1.0,18.0,,,,,,,,,,,,,,,POINT_MACHINE,TDL,209.06,5.11,3.14,9.5,28214.0,0.0,5.0,3.0,0.0,89.5,280.0,50.32
TSK-TRK-0595,TRK-0595,ENGINEERING_TRACK,ETW,PHD,341.56,343.19,UP,"Track maintenance (AVERAGE TGI 53.3, USFD: OBS)",TAMPING,True,False,,0.8803,88.0,CRITICAL,61,199,71.6,60kg 90UTS,25.0,747.5,69.8,62.5,45.8,47.5,53.29,AVERAGE,OBS,2.0,43.5,26.3,40.0,SAFE_RANGE,True,90.6,FOULED,160.0,A,221.0,False,0.0,1.0,22.0,,,,,,,,,,,,,,,,,,,,,,,,,,,,
TSK-OHE-0352,OHE-0352,TRACTION_DISTRIBUTION_OHE,DER,KRJ,81.19,82.22,UP,"OHE maintenance (Wire wear 100.0%, ATD: NORMAL)",TOWER_WAGON,True,False,,0.9492,94.9,CRITICAL,25,166,71.5,,,,,,,,,,,,,17.5,,,,,,,,318.0,,,1.0,19.0,81/9,81/17,8.0,100.0,CONDEMN_RENEW,GOOD,359.5,NORMAL,5490.0,18.0,CLEAN,6.0,STABLE,True,,,,,,,,,,,,,,
TSK-SIG-0410,SIG-0410,SIGNAL_AND_TELECOM,NDLS,NDLS,0.0,0.1,DN,"Signal maintenance (POINT_MACHINE at NDLS, Tier: HIGH)",NONE,False,True,,0.9291,92.9,CRITICAL,16,150,71.4,,,,,,,,,,,,,,,,,,,,,306.0,,,1.0,15.0,,,,,,,,,,,,,,,POINT_MACHINE,NDLS,0.0,5.21,2.51,2.8,25278.0,0.0,5.0,8.0,0.0,80.2,79.0,43.54
TSK-SIG-0387,SIG-0387,SIGNAL_AND_TELECOM,ALJN,ALJN,132.25,132.35,UP,"Signal maintenance (POINT_MACHINE at ALJN, Tier: CRITICAL)",NONE,False,True,,0.949,94.9,CRITICAL,26,150,71.4,,,,,,,,,,,,,,,,,,,,,179.0,,,1.0,11.0,,,,,,,,,,,,,,,POINT_MACHINE,ALJN,132.25,6.45,2.42,2.1,34985.0,0.0,5.0,6.0,0.0,76.3,657.0,31.71
TSK-OHE-0119,OHE-0119,TRACTION_DISTRIBUTION_OHE,ALJN,TDL,141.95,142.61,UP,"OHE maintenance (Wire wear 100.0%, ATD: NORMAL)",TOWER_WAGON,True,False,,0.9457,94.6,CRITICAL,25,165,71.4,,,,,,,,,,,,,15.7,,,,,,,,333.0,,,1.0,19.0,141/6,141/28,8.08,100.0,CONDEMN_RENEW,WORN,311.5,NORMAL,5723.0,-116.0,CLEAN,5.0,STABLE,True,,,,,,,,,,,,,,
TSK-SIG-0358,SIG-0358,SIGNAL_AND_TELECOM,CNB,CNB,439.3,439.4,DN,"Signal maintenance (POINT_MACHINE at CNB, Tier: HIGH)",NONE,False,True,,0.9443,94.4,CRITICAL,25,150,71.3,,,,,,,,,,,,,,,,,,,,,312.0,,,1.0,17.0,,,,,,,,,,,,,,,POINT_MACHINE,CNB,439.3,5.08,2.97,7.0,32363.0,0.0,5.0,1.0,0.0,90.7,619.0,47.27
TSK-OHE-0400,OHE-0400,TRACTION_DISTRIBUTION_OHE,TDL,FZD,216.15,217.24,DN,"OHE maintenance (Wire wear 92.0%, ATD: NORMAL)",TOWER_WAGON,True,False,,0.9534,95.3,CRITICAL,30,165,71.3,,,,,,,,,,,,,28.3,,,,,,,,209.0,,,1.0,21.0,216/15,216/30,8.57,92.0,CONDEMN_RENEW,CRITICAL,558.2,NORMAL,5594.0,-29.0,CLEAN,9.0,STABLE,True,,,,,,,,,,,,,,
TSK-OHE-0539,OHE-0539,TRACTION_DISTRIBUTION_OHE,GZB,DER,25.04,25.59,DN,"OHE maintenance (Wire wear 74.4%, ATD: NORMAL)",TOWER_WAGON,True,False,,0.9496,95.0,CRITICAL,29,157,71.2,,,,,,,,,,,,,27.2,,,,,,,,90.0,,,1.0,23.0,25/15,25/19,9.27,74.4,CRITICAL,WORN,499.9,NORMAL,5596.0,-36.0,CLEAN,35.0,STABLE,True,,,,,,,,,,,,,,
TSK-OHE-0027,OHE-0027,TRACTION_DISTRIBUTION_OHE,FZD,ETW,243.11,244.37,UP,"OHE maintenance (Wire wear 83.2%, ATD: NORMAL)",TOWER_WAGON,True,False,,0.9611,96.1,CRITICAL,35,164,71.2,,,,,,,,,,,,,18.1,,,,,,,,197.0,,,1.0,19.0,243/4,243/26,8.92,83.2,CRITICAL,GOOD,398.4,NORMAL,5536.0,6.0,FLASHOVER_RISK,8.0,SETTLEMENT,True,,,,,,,,,,,,,,
TSK-TRK-0426,TRK-0426,ENGINEERING_TRACK,ETW,PHD,307.39,307.99,UP,"Track maintenance (AVERAGE TGI 50.9, USFD: OBS)",TAMPING,True,False,,0.8982,89.8,CRITICAL,76,203,71.2,60kg 90UTS,22.0,638.5,41.5,76.8,45.1,50.6,50.85,AVERAGE,OBS,3.0,41.5,28.7,40.0,SAFE_RANGE,True,96.4,GOOD,160.0,A,139.0,False,0.0,1.0,25.0,,,,,,,,,,,,,,,,,,,,,,,,,,,,
TSK-SIG-0277,SIG-0277,SIGNAL_AND_TELECOM,CNB,CNB,440.0,440.1,DN,"Signal maintenance (POINT_MACHINE at CNB, Tier: HIGH)",NONE,False,True,,0.9485,94.8,CRITICAL,31,150,71.1,,,,,,,,,,,,,,,,,,,,,284.0,,,1.0,19.0,,,,,,,,,,,,,,,POINT_MACHINE,CNB,440.0,5.28,2.9,9.9,30771.0,0.0,5.0,15.0,0.0,98.3,23.0,54.62
TSK-SIG-0137,SIG-0137,SIGNAL_AND_TELECOM,KRJ,KRJ,82.29,82.39,YARD,"Signal maintenance (POINT_MACHINE at KRJ, Tier: HIGH)",NONE,False,True,,0.9352,93.5,CRITICAL,26,150,71.0,,,,,,,,,,,,,,,,,,,,,273.0,,,1.0,16.0,,,,,,,,,,,,,,,POINT_MACHINE,KRJ,82.29,5.78,2.72,8.2,18079.0,0.0,5.0,19.0,0.0,88.0,469.0,46.25
TSK-SIG-0378,SIG-0378,SIGNAL_AND_TELECOM,KRJ,KRJ,83.24,83.34,UP,"Signal maintenance (POINT_MACHINE at KRJ, Tier: HIGH)",NONE,False,True,,0.9263,92.6,CRITICAL,23,150,70.8,,,,,,,,,,,,,,,,,,,,,204.0,,,1.0,19.0,,,,,,,,,,,,,,,POINT_MACHINE,KRJ,83.24,5.01,2.58,5.5,30151.0,0.0,5.0,18.0,0.0,76.9,80.0,53.0
TSK-OHE-0025,OHE-0025,TRACTION_DISTRIBUTION_OHE,FZD,ETW,275.11,276.07,UP,"OHE maintenance (Wire wear 100.0%, ATD: NORMAL)",TOWER_WAGON,True,False,,0.9256,92.6,CRITICAL,25,165,70.7,,,,,,,,,,,,,40.0,,,,,,,,335.0,,,1.0,19.0,275/8,275/29,8.0,100.0,CONDEMN_RENEW,WORN,671.7,NORMAL,5547.0,15.0,CLEAN,6.0,STABLE,True,,,,,,,,,,,,,,
TSK-SIG-0246,SIG-0246,SIGNAL_AND_TELECOM,TDL,TDL,208.87,208.97,DN,"Signal maintenance (POINT_MACHINE at TDL, Tier: HIGH)",NONE,False,True,,0.9529,95.3,CRITICAL,39,150,70.7,,,,,,,,,,,,,,,,,,,,,260.0,,,1.0,19.0,,,,,,,,,,,,,,,POINT_MACHINE,TDL,208.87,4.57,2.76,5.0,28392.0,0.0,5.0,15.0,0.0,96.0,241.0,53.86
TSK-OHE-0087,OHE-0087,TRACTION_DISTRIBUTION_OHE,DER,KRJ,71.58,72.36,DN,"OHE maintenance (Wire wear 100.0%, ATD: NORMAL)",TOWER_WAGON,True,False,,0.9256,92.6,CRITICAL,25,165,70.7,,,,,,,,,,,,,37.4,,,,,,,,335.0,,,1.0,19.0,71/8,71/28,8.0,100.0,CONDEMN_RENEW,CRITICAL,672.5,NORMAL,5536.0,-88.0,CLEAN,6.0,STABLE,True,,,,,,,,,,,,,,
TSK-OHE-0015,OHE-0015,TRACTION_DISTRIBUTION_OHE,NDLS,GZB,15.51,16.81,UP,"OHE maintenance (Wire wear 70.2%, ATD: NORMAL)",TOWER_WAGON,True,False,,0.9293,92.9,CRITICAL,26,161,70.7,,,,,,,,,,,,,44.6,,,,,,,,106.0,,,1.0,23.0,15/15,15/23,9.44,70.2,CRITICAL,GOOD,674.4,NORMAL,5499.0,-95.0,CLEAN,20.0,STABLE,True,,,,,,,,,,,,,,
TSK-SIG-0053,SIG-0053,SIGNAL_AND_TELECOM,GZB,GZB,26.44,26.54,UP,"Signal maintenance (POINT_MACHINE at GZB, Tier: HIGH)",NONE,False,True,,0.9128,91.3,CRITICAL,19,150,70.6,,,,,,,,,,,,,,,,,,,,,286.0,,,1.0,15.0,,,,,,,,,,,,,,,POINT_MACHINE,GZB,26.44,5.9,2.36,4.9,37078.0,0.0,5.0,12.0,0.0,85.1,420.0,43.02
TSK-TRK-0804,TRK-0804,ENGINEERING_TRACK,KRJ,ALJN,112.13,112.72,DN,"Track maintenance (POOR TGI 48.5, USFD: CLEAR)",TAMPING,True,False,,0.8383,83.8,CRITICAL,56,195,70.5,60kg 90UTS,16.0,334.9,54.4,50.7,67.7,43.0,48.52,POOR,CLEAR,0.0,33.5,21.9,40.0,SAFE_RANGE,True,6.8,GOOD,130.0,A,311.0,False,0.0,1.0,29.0,,,,,,,,,,,,,,,,,,,,,,,,,,,,
TSK-SIG-0405,SIG-0405,SIGNAL_AND_TELECOM,TDL,TDL,207.82,207.92,DN,"Signal maintenance (POINT_MACHINE at TDL, Tier: HIGH)",NONE,False,True,,0.9198,92.0,CRITICAL,27,150,70.3,,,,,,,,,,,,,,,,,,,,,66.0,,,1.0,19.0,,,,,,,,,,,,,,,POINT_MACHINE,TDL,207.82,5.63,2.51,8.3,35322.0,0.0,5.0,9.0,0.0,72.6,415.0,53.74
TSK-TRK-0682,TRK-0682,ENGINEERING_TRACK,DER,KRJ,46.51,47.08,DN,"Track maintenance (AVERAGE TGI 57.8, USFD: OBS)",TAMPING,True,False,,0.4945,49.5,MEDIUM,104,184,70.2,52kg 72UTS,11.0,340.6,70.2,60.7,77.0,49.9,57.75,AVERAGE,OBS,1.0,51.7,37.3,40.0,SAFE_RANGE,True,108.4,SATURATED,130.0,A,52.0,True,75.0,1.0,29.0,,,,,,,,,,,,,,,,,,,,,,,,,,,,
TSK-SIG-0245,SIG-0245,SIGNAL_AND_TELECOM,NDLS,NDLS,0.0,0.1,DN,"Signal maintenance (POINT_MACHINE at NDLS, Tier: HIGH)",NONE,False,True,,0.9063,90.6,CRITICAL,22,150,70.2,,,,,,,,,,,,,,,,,,,,,213.0,,,1.0,18.0,,,,,,,,,,,,,,,POINT_MACHINE,NDLS,0.0,5.46,2.62,7.1,28587.0,0.0,5.0,14.0,0.0,70.6,119.0,50.11
TSK-TRK-0174,TRK-0174,ENGINEERING_TRACK,ALJN,TDL,136.66,137.92,DN,"Track maintenance (AVERAGE TGI 52.2, USFD: OBS)",BCM,True,False,,0.8388,83.9,CRITICAL,63,212,70.0,60kg 90UTS,20.0,572.2,34.1,35.3,49.5,61.5,52.2,AVERAGE,OBS,1.0,32.1,21.3,40.0,SAFE_RANGE,True,67.2,GOOD,160.0,A,178.0,False,0.0,1.0,24.0,,,,,,,,,,,,,,,,,,,,,,,,,,,,
TSK-OHE-0300,OHE-0300,TRACTION_DISTRIBUTION_OHE,ETW,PHD,325.42,326.24,UP,"OHE maintenance (Wire wear 68.2%, ATD: NORMAL)",TOWER_WAGON,True,False,,0.9116,91.2,CRITICAL,28,157,70.0,,,,,,,,,,,,,31.8,,,,,,,,79.0,,,1.0,23.0,325/9,325/27,9.52,68.2,CRITICAL,GOOD,452.5,NORMAL,5480.0,-29.0,CLEAN,34.0,STABLE,True,,,,,,,,,,,,,,
TSK-TRK-0150,TRK-0150,ENGINEERING_TRACK,NDLS,GZB,18.08,18.87,DN,"Track maintenance (AVERAGE TGI 58.1, USFD: IMR)",TAMPING,True,False,,0.4865,48.7,MEDIUM,104,182,69.9,60kg 90UTS,25.0,398.9,83.1,57.8,74.9,47.1,58.15,AVERAGE,IMR,3.0,41.5,25.1,40.0,SAFE_RANGE,True,78.7,GOOD,130.0,A,209.0,True,75.0,1.0,18.0,,,,,,,,,,,,,,,,,,,,,,,,,,,,
TSK-OHE-0361,OHE-0361,TRACTION_DISTRIBUTION_OHE,PHD,CNB,390.05,391.02,DN,"OHE maintenance (Wire wear 88.2%, ATD: NORMAL)",TOWER_WAGON,True,False,,0.916,91.6,CRITICAL,34,162,69.7,,,,,,,,,,,,,44.9,,,,,,,,126.0,,,1.0,22.0,390/10,390/18,8.72,88.2,CONDEMN_RENEW,GOOD,686.6,NORMAL,5526.0,122.0,CLEAN,7.0,STABLE,True,,,,,,,,,,,,,,
TSK-SIG-0427,SIG-0427,SIGNAL_AND_TELECOM,TDL,TDL,209.32,209.42,UP,"Signal maintenance (POINT_MACHINE at TDL, Tier: HIGH)",NONE,False,True,,0.9043,90.4,CRITICAL,28,150,69.7,,,,,,,,,,,,,,,,,,,,,46.0,,,1.0,17.0,,,,,,,,,,,,,,,POINT_MACHINE,TDL,209.32,5.95,2.75,10.4,29046.0,0.0,5.0,15.0,0.0,85.9,68.0,48.4
TSK-OHE-0370,OHE-0370,TRACTION_DISTRIBUTION_OHE,KRJ,ALJN,125.44,126.89,DN,"OHE maintenance (Wire wear 73.9%, ATD: NORMAL)",TOWER_WAGON,True,False,,0.895,89.5,CRITICAL,27,159,69.5,,,,,,,,,,,,,30.0,,,,,,,,76.0,,,1.0,13.0,125/5,125/23,9.29,73.9,CRITICAL,WORN,540.0,NORMAL,5549.0,-32.0,FLASHOVER_RISK,30.0,STABLE,True,,,,,,,,,,,,,,
TSK-TRK-0438,TRK-0438,ENGINEERING_TRACK,TDL,FZD,222.88,224.82,UP,"Track maintenance (AVERAGE TGI 54.0, USFD: OBS)",CSM,True,False,,0.8764,87.6,CRITICAL,95,202,69.2,60kg 90UTS,19.0,503.8,52.3,58.6,59.7,52.9,54.03,AVERAGE,OBS,5.0,38.7,22.5,40.0,SAFE_RANGE,True,63.9,FOULED,160.0,A,349.0,False,0.0,1.0,29.0,,,,,,,,,,,,,,,,,,,,,,,,,,,,
TSK-TRK-0257,TRK-0257,ENGINEERING_TRACK,ALJN,TDL,179.34,180.4,UP,"Track maintenance (AVERAGE TGI 51.2, USFD: OBS)",TAMPING,True,False,,0.8193,81.9,CRITICAL,67,200,69.1,60kg 90UTS,21.0,648.7,55.3,36.8,60.8,50.7,51.24000000000001,AVERAGE,OBS,1.0,44.5,28.5,40.0,SAFE_RANGE,True,125.0,FOULED,160.0,A,193.0,False,0.0,1.0,23.0,,,,,,,,,,,,,,,,,,,,,,,,,,,,
TSK-TRK-0626,TRK-0626,ENGINEERING_TRACK,GZB,DER,34.02,35.66,UP,"Track maintenance (POOR TGI 49.5, USFD: OBS)",CSM,True,False,,0.832,83.2,CRITICAL,73,204,69.1,60kg 90UTS,23.0,433.1,46.4,70.4,64.0,44.6,49.48,POOR,OBS,3.0,38.5,22.5,40.0,SAFE_RANGE,True,0.8,FOULED,130.0,A,55.0,False,0.0,1.0,28.0,,,,,,,,,,,,,,,,,,,,,,,,,,,,
TSK-TRK-0492,TRK-0492,ENGINEERING_TRACK,PHD,CNB,434.83,435.67,DN,"Track maintenance (AVERAGE TGI 56.6, USFD: CLEAR)",TAMPING,True,False,,0.4577,45.8,MEDIUM,102,177,69.0,60kg 90UTS,13.0,365.8,47.6,57.3,68.9,57.4,56.58,AVERAGE,CLEAR,0.0,33.4,20.3,40.0,SAFE_RANGE,True,172.9,SATURATED,130.0,A,318.0,True,45.0,0.0,193.0,,,,,,,,,,,,,,,,,,,,,,,,,,,,
TSK-TRK-0576,TRK-0576,ENGINEERING_TRACK,KRJ,ALJN,126.51,127.07,UP,"Track maintenance (AVERAGE TGI 54.6, USFD: OBS)",CSM,True,False,,0.8805,88.1,CRITICAL,100,214,69.0,60kg 90UTS,21.0,572.2,56.6,38.0,69.5,54.2,54.59000000000001,AVERAGE,OBS,2.0,32.3,18.4,40.0,SAFE_RANGE,True,1.1,FOULED,130.0,A,96.0,False,0.0,1.0,26.0,,,,,,,,,,,,,,,,,,,,,,,,,,,,
TSK-SIG-0445,SIG-0445,SIGNAL_AND_TELECOM,FZD,FZD,227.09,227.19,UP,"Signal maintenance (POINT_MACHINE at FZD, Tier: HIGH)",NONE,False,True,,0.9078,90.8,CRITICAL,42,150,68.9,,,,,,,,,,,,,,,,,,,,,107.0,,,1.0,18.0,,,,,,,,,,,,,,,POINT_MACHINE,FZD,227.09,5.19,2.75,6.7,30686.0,0.0,5.0,19.0,0.0,90.2,345.0,49.9
TSK-OHE-0191,OHE-0191,TRACTION_DISTRIBUTION_OHE,FZD,ETW,242.97,243.79,UP,"OHE maintenance (Wire wear 48.4%, ATD: NORMAL)",NONE,True,False,,0.8787,87.9,CRITICAL,34,154,68.4,,,,,,,,,,,,,39.9,,,,,,,,121.0,,,1.0,19.0,242/4,242/26,10.31,48.4,WORN,GOOD,649.7,NORMAL,5516.0,-24.0,FLASHOVER_RISK,18.0,STABLE,False,,,,,,,,,,,,,,
TSK-TRK-0016,TRK-0016,ENGINEERING_TRACK,FZD,ETW,297.36,299.25,UP,"Track maintenance (POOR TGI 46.4, USFD: OBS)",CSM,True,False,,0.8226,82.3,CRITICAL,78,202,68.4,60kg 90UTS,23.0,488.4,25.9,60.5,58.3,48.9,46.4,POOR,OBS,3.0,43.5,29.4,40.0,SAFE_RANGE,True,21.8,FOULED,160.0,A,120.0,False,0.0,1.0,27.0,,,,,,,,,,,,,,,,,,,,,,,,,,,,
TSK-TRK-0527,TRK-0527,ENGINEERING_TRACK,ALJN,TDL,152.3,153.28,DN,"Track maintenance (AVERAGE TGI 65.5, USFD: IMR)",TAMPING,True,False,,0.4518,45.2,MEDIUM,109,186,68.3,60kg 90UTS,22.0,381.8,76.7,46.3,71.2,64.0,65.49,AVERAGE,IMR,2.0,33.0,22.1,40.0,SAFE_RANGE,True,172.5,GOOD,160.0,A,291.0,True,30.0,1.0,25.0,,,,,,,,,,,,,,,,,,,,,,,,,,,,
TSK-SIG-0300,SIG-0300,SIGNAL_AND_TELECOM,FZD,FZD,224.78,224.88,YARD,"Signal maintenance (POINT_MACHINE at FZD, Tier: HIGH)",NONE,False,True,,0.86,86.0,CRITICAL,29,150,68.1,,,,,,,,,,,,,,,,,,,,,98.0,,,1.0,18.0,,,,,,,,,,,,,,,POINT_MACHINE,FZD,224.78,5.8,2.73,12.3,30464.0,0.0,5.0,13.0,0.0,72.6,487.0,51.12
TSK-OHE-0207,OHE-0207,TRACTION_DISTRIBUTION_OHE,TDL,FZD,221.89,223.2,DN,"OHE maintenance (Wire wear 54.1%, ATD: NORMAL)",NONE,True,False,,0.9094,90.9,CRITICAL,61,158,67.7,,,,,,,,,,,,,18.3,,,,,,,,145.0,,,1.0,18.0,221/11,221/17,10.08,54.1,WORN,WORN,516.5,NORMAL,5614.0,31.0,FLASHOVER_RISK,33.0,STABLE,False,,,,,,,,,,,,,,
TSK-SIG-0422,SIG-0422,SIGNAL_AND_TELECOM,PHD,PHD,355.73,355.83,YARD,"Signal maintenance (POINT_MACHINE at PHD, Tier: HIGH)",NONE,False,True,,0.8278,82.8,CRITICAL,27,150,67.1,,,,,,,,,,,,,,,,,,,,,355.0,,,1.0,17.0,,,,,,,,,,,,,,,POINT_MACHINE,PHD,355.73,5.18,3.24,11.4,22095.0,0.0,5.0,1.0,0.0,75.9,379.0,48.42
TSK-TRK-0612,TRK-0612,ENGINEERING_TRACK,DER,KRJ,45.97,47.72,DN,"Track maintenance (AVERAGE TGI 59.8, USFD: CLEAR)",TAMPING,True,False,,0.4616,46.2,MEDIUM,134,187,67.0,60kg 90UTS,18.0,446.6,68.3,57.5,70.8,55.5,59.79,AVERAGE,CLEAR,0.0,51.8,39.4,40.0,SAFE_RANGE,True,105.3,SATURATED,130.0,A,257.0,True,75.0,0.0,204.0,,,,,,,,,,,,,,,,,,,,,,,,,,,,
TSK-TRK-0762,TRK-0762,ENGINEERING_TRACK,KRJ,ALJN,94.23,95.83,DN,"Track maintenance (AVERAGE TGI 50.3, USFD: OBS)",BCM,True,False,,0.7571,75.7,CRITICAL,67,233,66.9,60kg 90UTS,24.0,540.4,49.8,49.5,62.4,48.6,50.31,AVERAGE,OBS,4.0,40.7,22.8,40.0,SAFE_RANGE,True,65.3,GOOD,130.0,A,42.0,False,0.0,1.0,27.0,,,,,,,,,,,,,,,,,,,,,,,,,,,,
TSK-TRK-0425,TRK-0425,ENGINEERING_TRACK,ALJN,TDL,184.45,186.4,DN,"Track maintenance (AVERAGE TGI 51.5, USFD: CLEAR)",CSM,True,False,,0.4135,41.4,MEDIUM,115,204,66.6,60kg 90UTS,25.0,496.6,46.6,36.9,57.1,54.7,51.540000000000006,AVERAGE,CLEAR,0.0,43.0,26.8,40.0,SAFE_RANGE,True,122.7,SATURATED,160.0,A,305.0,True,30.0,0.0,196.0,,,,,,,,,,,,,,,,,,,,,,,,,,,,
TSK-TRK-0674,TRK-0674,ENGINEERING_TRACK,TDL,FZD,209.71,210.4,DN,"Track maintenance (AVERAGE TGI 53.2, USFD: OBS)",CSM,True,False,,0.777,77.7,CRITICAL,85,196,66.4,60kg 90UTS,24.0,533.1,49.0,59.1,60.1,52.5,53.220000000000006,AVERAGE,OBS,4.0,42.4,25.4,40.0,SAFE_RANGE,True,110.3,FOULED,160.0,A,140.0,False,0.0,1.0,25.0,,,,,,,,,,,,,,,,,,,,,,,,,,,,
TSK-SIG-0240,SIG-0240,SIGNAL_AND_TELECOM,ETW,ETW,299.65,299.75,YARD,"Signal maintenance (POINT_MACHINE at ETW, Tier: HIGH)",NONE,False,True,,0.8112,81.1,CRITICAL,33,150,66.1,,,,,,,,,,,,,,,,,,,,,34.0,,,1.0,17.0,,,,,,,,,,,,,,,POINT_MACHINE,ETW,299.65,4.96,3.35,10.2,28891.0,0.0,5.0,12.0,0.0,73.4,681.0,49.13
TSK-SIG-0003,SIG-0003,SIGNAL_AND_TELECOM,FZD,FZD,226.27,226.37,YARD,"Signal maintenance (POINT_MACHINE at FZD, Tier: HIGH)",NONE,False,True,,0.8042,80.4,CRITICAL,36,150,65.7,,,,,,,,,,,,,,,,,,,,,348.0,,,1.0,19.0,,,,,,,,,,,,,,,POINT_MACHINE,FZD,226.27,4.44,2.64,3.3,19528.0,0.0,5.0,11.0,0.0,80.4,356.0,53.54
TSK-TRK-0180,TRK-0180,ENGINEERING_TRACK,PHD,CNB,420.55,422.43,UP,"Track maintenance (AVERAGE TGI 57.2, USFD: CLEAR)",TAMPING,True,False,,0.3068,30.7,MEDIUM,96,189,64.2,60kg 90UTS,23.0,408.5,76.2,64.4,67.5,48.0,57.23,AVERAGE,CLEAR,0.0,36.0,23.4,40.0,SAFE_RANGE,True,119.2,SATURATED,130.0,A,274.0,True,75.0,0.0,201.0,,,,,,,,,,,,,,,,,,,,,,,,,,,,
TSK-OHE-0405,OHE-0405,TRACTION_DISTRIBUTION_OHE,TDL,FZD,209.26,209.97,DN,"OHE maintenance (Wire wear 32.8%, ATD: NORMAL)",NONE,True,False,,0.7871,78.7,CRITICAL,54,151,63.8,,,,,,,,,,,,,27.5,,,,,,,,131.0,,,1.0,24.0,209/15,209/24,10.93,32.8,GOOD,GOOD,503.5,NORMAL,5560.0,19.0,FLASHOVER_RISK,33.0,STABLE,False,,,,,,,,,,,,,,
TSK-TRK-0197,TRK-0197,ENGINEERING_TRACK,GZB,DER,25.68,27.0,UP,"Track maintenance (POOR TGI 47.3, USFD: OBS)",TAMPING,True,False,,0.7132,71.3,HIGH,91,205,63.7,60kg 90UTS,19.0,488.9,50.7,49.5,65.8,42.8,47.35,POOR,OBS,2.0,40.7,26.5,40.0,SAFE_RANGE,True,20.9,FOULED,130.0,A,110.0,False,0.0,1.0,27.0,,,,,,,,,,,,,,,,,,,,,,,,,,,,
TSK-TRK-0270,TRK-0270,ENGINEERING_TRACK,FZD,ETW,289.7,291.05,DN,"Track maintenance (POOR TGI 47.6, USFD: CLEAR)",BCM,True,False,,0.6485,64.8,HIGH,62,210,63.5,60kg 90UTS,18.0,515.9,49.0,62.0,61.6,42.4,47.6,POOR,CLEAR,0.0,55.4,37.8,40.0,MODERATE_HEAT_EXPANSION,True,138.7,FOULED,160.0,A,13.0,False,0.0,0.0,240.0,,,,,,,,,,,,,,,,,,,,,,,,,,,,
TSK-TRK-0599,TRK-0599,ENGINEERING_TRACK,PHD,CNB,433.4,434.61,DN,"Track maintenance (POOR TGI 48.6, USFD: OBS)",BCM,True,False,,0.6682,66.8,HIGH,85,226,62.6,52kg 72UTS,15.0,446.3,34.6,60.0,47.3,51.6,48.61,POOR,OBS,1.0,30.1,18.6,40.0,SAFE_RANGE,True,4.0,GOOD,130.0,A,123.0,False,0.0,1.0,26.0,,,,,,,,,,,,,,,,,,,,,,,,,,,,
TSK-TRK-0654,TRK-0654,ENGINEERING_TRACK,FZD,ETW,292.36,293.87,UP,"Track maintenance (POOR TGI 49.5, USFD: CLEAR)",TAMPING,True,False,,0.6368,63.7,HIGH,72,212,62.4,60kg 90UTS,13.0,440.2,31.9,80.5,66.7,47.4,49.54,POOR,CLEAR,0.0,47.9,36.8,40.0,SAFE_RANGE,True,20.1,FOULED,160.0,A,261.0,False,0.0,0.0,196.0,,,,,,,,,,,,,,,,,,,,,,,,,,,,
TSK-OHE-0511,OHE-0511,TRACTION_DISTRIBUTION_OHE,FZD,ETW,286.15,287.65,UP,"OHE maintenance (Wire wear 31.3%, ATD: NORMAL)",NONE,True,False,,0.7314,73.1,HIGH,52,152,62.0,,,,,,,,,,,,,41.5,,,,,,,,169.0,,,1.0,24.0,286/15,286/23,10.99,31.3,GOOD,GOOD,579.0,NORMAL,5613.0,115.0,FLASHOVER_RISK,31.0,STABLE,False,,,,,,,,,,,,,,
TSK-SIG-0431,SIG-0431,SIGNAL_AND_TELECOM,PHD,PHD,356.2,356.3,YARD,"Signal maintenance (POINT_MACHINE at PHD, Tier: HIGH)",NONE,False,True,,0.7258,72.6,HIGH,49,150,62.0,,,,,,,,,,,,,,,,,,,,,232.0,,,1.0,19.0,,,,,,,,,,,,,,,POINT_MACHINE,PHD,356.2,5.11,3.06,10.1,23582.0,0.0,5.0,18.0,0.0,91.1,397.0,53.7
TSK-OHE-0050,OHE-0050,TRACTION_DISTRIBUTION_OHE,DER,KRJ,60.21,61.09,UP,"OHE maintenance (Wire wear 75.4%, ATD: NORMAL)",TOWER_WAGON,True,False,,0.7796,78.0,CRITICAL,79,161,61.9,,,,,,,,,,,,,43.8,,,,,,,,266.0,,,1.0,24.0,60/7,60/30,9.23,75.4,CRITICAL,WORN,553.8,NORMAL,5573.0,-66.0,POLLUTED,12.0,STABLE,True,,,,,,,,,,,,,,
TSK-TRK-0245,TRK-0245,ENGINEERING_TRACK,KRJ,ALJN,92.67,94.3,UP,"Track maintenance (AVERAGE TGI 70.9, USFD: IMR)",TAMPING,True,False,,0.3577,35.8,MEDIUM,155,187,61.9,60kg 90UTS,19.0,323.7,66.4,60.0,67.7,74.8,70.92999999999999,AVERAGE,IMR,5.0,35.5,22.9,40.0,SAFE_RANGE,True,82.4,GOOD,130.0,A,139.0,True,75.0,1.0,29.0,,,,,,,,,,,,,,,,,,,,,,,,,,,,
TSK-OHE-0548,OHE-0548,TRACTION_DISTRIBUTION_OHE,NDLS,GZB,11.66,13.02,UP,"OHE maintenance (Wire wear 76.9%, ATD: NORMAL)",TOWER_WAGON,True,False,,0.7171,71.7,HIGH,75,163,60.0,,,,,,,,,,,,,24.3,,,,,,,,250.0,,,1.0,25.0,11/11,11/25,9.17,76.9,CRITICAL,GOOD,444.6,NORMAL,5663.0,-27.0,POLLUTED,13.0,STABLE,True,,,,,,,,,,,,,,
TSK-TRK-0068,TRK-0068,ENGINEERING_TRACK,ETW,PHD,319.74,321.69,DN,"Track maintenance (AVERAGE TGI 55.0, USFD: OBS)",BCM,True,False,,0.6172,61.7,HIGH,98,243,59.9,60kg 90UTS,16.0,276.5,77.2,52.9,64.4,46.3,54.95,AVERAGE,OBS,1.0,33.6,19.7,40.0,SAFE_RANGE,True,103.9,FOULED,160.0,A,356.0,False,0.0,1.0,29.0,,,,,,,,,,,,,,,,,,,,,,,,,,,,
TSK-SIG-0024,SIG-0024,SIGNAL_AND_TELECOM,NDLS,NDLS,0.0,0.1,UP,"Signal maintenance (POINT_MACHINE at NDLS, Tier: HIGH)",NONE,False,True,,0.635,63.5,HIGH,36,150,59.8,,,,,,,,,,,,,,,,,,,,,205.0,,,1.0,14.0,,,,,,,,,,,,,,,POINT_MACHINE,NDLS,0.0,5.22,2.45,1.2,21193.0,0.0,5.0,18.0,0.0,84.5,663.0,40.01
TSK-TRK-0389,TRK-0389,ENGINEERING_TRACK,ALJN,TDL,189.93,191.09,DN,"Track maintenance (AVERAGE TGI 64.2, USFD: CLEAR)",TAMPING,True,False,,0.2582,25.8,MEDIUM,141,186,59.4,52kg 72UTS,22.0,343.6,59.3,75.6,73.9,62.4,64.25,AVERAGE,CLEAR,0.0,33.9,22.1,40.0,SAFE_RANGE,True,134.4,SATURATED,160.0,A,284.0,True,60.0,0.0,199.0,,,,,,,,,,,,,,,,,,,,,,,,,,,,
TSK-TRK-0292,TRK-0292,ENGINEERING_TRACK,TDL,FZD,219.98,221.89,UP,"Track maintenance (AVERAGE TGI 50.5, USFD: CLEAR)",TAMPING,True,False,,0.376,37.6,MEDIUM,202,211,59.3,52kg 72UTS,19.0,507.7,54.2,51.9,62.5,47.0,50.48,AVERAGE,CLEAR,0.0,52.5,41.9,40.0,SAFE_RANGE,True,179.5,SATURATED,160.0,A,106.0,True,75.0,0.0,230.0,,,,,,,,,,,,,,,,,,,,,,,,,,,,
TSK-TRK-0805,TRK-0805,ENGINEERING_TRACK,ETW,PHD,341.66,342.65,DN,"Track maintenance (AVERAGE TGI 55.8, USFD: CLEAR)",MANUAL,False,False,,0.2616,26.2,MEDIUM,149,173,59.0,60kg 90UTS,11.0,306.6,65.2,59.3,70.6,49.6,55.79,AVERAGE,CLEAR,0.0,52.0,37.8,40.0,SAFE_RANGE,True,176.0,SATURATED,160.0,A,336.0,True,60.0,0.0,190.0,,,,,,,,,,,,,,,,,,,,,,,,,,,,
TSK-SIG-0278,SIG-0278,SIGNAL_AND_TELECOM,ETW,ETW,300.37,300.47,YARD,"Signal maintenance (EI_SYSTEM at ETW, Tier: HIGH)",NONE,False,True,,0.7135,71.3,HIGH,92,150,58.7,,,,,,,,,,,,,,,,,,,,,266.0,,,1.0,13.0,,,,,,,,,,,,,,,EI_SYSTEM,ETW,300.37,0.0,0.0,15.0,0.0,0.0,5.0,6.0,10.0,74.8,348.0,35.0
TSK-SIG-0113,SIG-0113,SIGNAL_AND_TELECOM,TDL,TDL,209.06,209.16,UP,"Signal maintenance (AXLE_COUNTER at TDL, Tier: HIGH)",NONE,False,True,,0.7135,71.3,HIGH,92,150,58.7,,,,,,,,,,,,,,,,,,,,,266.0,,,1.0,16.0,,,,,,,,,,,,,,,AXLE_COUNTER,TDL,209.06,0.0,0.0,15.0,0.0,0.0,5.0,9.0,0.0,73.1,660.0,45.0
TSK-SIG-0376,SIG-0376,SIGNAL_AND_TELECOM,CNB,CNB,440.0,440.1,YARD,"Signal maintenance (AXLE_COUNTER at CNB, Tier: HIGH)",NONE,False,True,,0.7135,71.3,HIGH,92,150,58.7,,,,,,,,,,,,,,,,,,,,,264.0,,,1.0,16.0,,,,,,,,,,,,,,,AXLE_COUNTER,CNB,440.0,0.0,0.0,15.0,0.0,0.0,5.0,16.0,0.0,73.7,606.0,45.0
TSK-SIG-0419,SIG-0419,SIGNAL_AND_TELECOM,PHD,PHD,355.7,355.8,UP,"Signal maintenance (AXLE_COUNTER at PHD, Tier: HIGH)",NONE,False,True,,0.7135,71.3,HIGH,92,150,58.7,,,,,,,,,,,,,,,,,,,,,262.0,,,1.0,16.0,,,,,,,,,,,,,,,AXLE_COUNTER,PHD,355.7,0.0,0.0,15.0,0.0,0.0,5.0,2.0,0.0,79.5,265.0,45.0
TSK-TRK-0665,TRK-0665,ENGINEERING_TRACK,KRJ,ALJN,86.97,88.02,DN,"Track maintenance (AVERAGE TGI 61.8, USFD: CLEAR)",TAMPING,True,False,,0.2485,24.8,LOW,148,182,58.6,60kg 90UTS,13.0,440.6,56.6,54.2,60.0,65.1,61.8,AVERAGE,CLEAR,0.0,52.8,41.0,40.0,SAFE_RANGE,True,170.7,SATURATED,130.0,A,290.0,True,45.0,0.0,198.0,,,,,,,,,,,,,,,,,,,,,,,,,,,,
TSK-SIG-0312,SIG-0312,SIGNAL_AND_TELECOM,KRJ,KRJ,81.66,81.76,DN,"Signal maintenance (AXLE_COUNTER at KRJ, Tier: HIGH)",NONE,False,True,,0.7247,72.5,HIGH,100,150,58.5,,,,,,,,,,,,,,,,,,,,,348.0,,,1.0,16.0,,,,,,,,,,,,,,,AXLE_COUNTER,KRJ,81.66,0.0,0.0,15.0,0.0,0.0,5.0,12.0,0.0,73.8,691.0,45.0
TSK-SIG-0309,SIG-0309,SIGNAL_AND_TELECOM,TDL,TDL,209.78,209.88,UP,"Signal maintenance (POINT_MACHINE at TDL, Tier: HIGH)",NONE,False,True,,0.678,67.8,HIGH,86,150,57.8,,,,,,,,,,,,,,,,,,,,,178.0,,,1.0,18.0,,,,,,,,,,,,,,,POINT_MACHINE,TDL,209.78,5.41,2.98,12.9,25235.0,0.0,5.0,15.0,0.0,78.4,255.0,51.09
TSK-OHE-0466,OHE-0466,TRACTION_DISTRIBUTION_OHE,PHD,CNB,385.53,386.62,UP,"OHE maintenance (Wire wear 46.4%, ATD: NORMAL)",NONE,True,False,,0.5839,58.4,HIGH,41,155,57.6,,,,,,,,,,,,,25.7,,,,,,,,52.0,,,1.0,20.0,385/11,385/20,10.39,46.4,WORN,GOOD,552.9,NORMAL,5473.0,65.0,FLASHOVER_RISK,23.0,STABLE,False,,,,,,,,,,,,,,
TSK-SIG-0114,SIG-0114,SIGNAL_AND_TELECOM,KRJ,KRJ,84.21,84.31,YARD,"Signal maintenance (AXLE_COUNTER at KRJ, Tier: HIGH)",NONE,False,True,,0.6796,68.0,HIGH,92,150,57.5,,,,,,,,,,,,,,,,,,,,,259.0,,,1.0,16.0,,,,,,,,,,,,,,,AXLE_COUNTER,KRJ,84.21,0.0,0.0,15.0,0.0,0.0,5.0,17.0,0.0,83.5,435.0,45.0
TSK-TRK-0124,TRK-0124,ENGINEERING_TRACK,KRJ,ALJN,98.65,99.4,UP,"Track maintenance (AVERAGE TGI 57.3, USFD: CLEAR)",MANUAL,False,False,,0.2019,20.2,LOW,142,171,57.3,60kg 90UTS,17.0,428.4,46.0,73.6,62.9,57.4,57.29,AVERAGE,CLEAR,0.0,54.4,41.6,40.0,SAFE_RANGE,True,130.9,SATURATED,130.0,A,335.0,True,45.0,0.0,190.0,,,,,,,,,,,,,,,,,,,,,,,,,,,,
TSK-TRK-0636,TRK-0636,ENGINEERING_TRACK,FZD,ETW,270.74,271.73,DN,"Track maintenance (AVERAGE TGI 61.1, USFD: OBS)",TAMPING,True,False,,0.5375,53.8,HIGH,105,185,56.6,60kg 90UTS,20.0,549.3,48.6,37.8,59.3,69.5,61.13,AVERAGE,OBS,1.0,49.4,35.2,40.0,SAFE_RANGE,True,88.6,FOULED,160.0,A,243.0,False,0.0,1.0,22.0,,,,,,,,,,,,,,,,,,,,,,,,,,,,
TSK-TRK-0813,TRK-0813,ENGINEERING_TRACK,NDLS,GZB,20.68,22.28,DN,"Track maintenance (AVERAGE TGI 55.7, USFD: CLEAR)",MANUAL,False,False,,0.1862,18.6,LOW,145,176,56.6,60kg 90UTS,16.0,369.5,69.1,56.9,63.4,49.7,55.67,AVERAGE,CLEAR,0.0,42.0,28.8,40.0,SAFE_RANGE,True,133.6,SATURATED,130.0,A,201.0,True,75.0,0.0,214.0,,,,,,,,,,,,,,,,,,,,,,,,,,,,
TSK-SIG-0029,SIG-0029,SIGNAL_AND_TELECOM,ALJN,ALJN,131.82,131.92,UP,"Signal maintenance (EI_SYSTEM at ALJN, Tier: HIGH)",NONE,False,True,,0.6335,63.3,HIGH,84,150,56.4,,,,,,,,,,,,,,,,,,,,,342.0,,,1.0,13.0,,,,,,,,,,,,,,,EI_SYSTEM,ALJN,131.82,0.0,0.0,15.0,0.0,0.0,5.0,6.0,14.0,83.9,301.0,35.0
TSK-SIG-0334,SIG-0334,SIGNAL_AND_TELECOM,TDL,TDL,208.85,208.95,UP,"Signal maintenance (EI_SYSTEM at TDL, Tier: HIGH)",NONE,False,True,,0.6335,63.3,HIGH,84,150,56.4,,,,,,,,,,,,,,,,,,,,,341.0,,,1.0,13.0,,,,,,,,,,,,,,,EI_SYSTEM,TDL,208.85,0.0,0.0,15.0,0.0,0.0,5.0,8.0,9.0,74.2,303.0,35.0
TSK-TRK-0651,TRK-0651,ENGINEERING_TRACK,KRJ,ALJN,122.76,123.66,DN,"Track maintenance (AVERAGE TGI 60.3, USFD: IMR)",TAMPING,True,False,,0.2364,23.6,LOW,175,184,56.3,60kg 90UTS,21.0,382.4,63.5,70.9,69.5,56.0,60.34,AVERAGE,IMR,5.0,36.0,24.1,40.0,SAFE_RANGE,True,27.0,GOOD,130.0,A,19.0,True,45.0,1.0,23.0,,,,,,,,,,,,,,,,,,,,,,,,,,,,
TSK-SIG-0306,SIG-0306,SIGNAL_AND_TELECOM,ALJN,ALJN,131.22,131.32,YARD,"Signal maintenance (TRACK_CIRCUIT at ALJN, Tier: LOW)",NONE,False,False,,0.7135,71.3,HIGH,129,150,56.1,,,,,,,,,,,,,,,,,,,,,268.0,,,0.0,244.0,,,,,,,,,,,,,,,TRACK_CIRCUIT,ALJN,131.22,0.0,0.0,15.0,0.0,3.41,2.2,16.0,0.0,81.1,494.0,66.6
TSK-SIG-0420,SIG-0420,SIGNAL_AND_TELECOM,GZB,GZB,24.78,24.88,UP,"Signal maintenance (TRACK_CIRCUIT at GZB, Tier: HIGH)",NONE,False,True,,0.6316,63.2,HIGH,89,150,56.0,,,,,,,,,,,,,,,,,,,,,51.0,,,1.0,19.0,,,,,,,,,,,,,,,TRACK_CIRCUIT,GZB,24.78,0.0,0.0,15.0,0.0,1.95,3.1,12.0,0.0,73.3,591.0,52.45
TSK-SIG-0225,SIG-0225,SIGNAL_AND_TELECOM,DER,DER,37.36,37.46,YARD,"Signal maintenance (AXLE_COUNTER at DER, Tier: HIGH)",NONE,False,True,,0.6212,62.1,HIGH,84,150,56.0,,,,,,,,,,,,,,,,,,,,,340.0,,,1.0,16.0,,,,,,,,,,,,,,,AXLE_COUNTER,DER,37.36,0.0,0.0,15.0,0.0,0.0,5.0,4.0,0.0,89.7,84.0,45.0
TSK-TRK-0567,TRK-0567,ENGINEERING_TRACK,GZB,DER,34.25,35.89,DN,"Track maintenance (AVERAGE TGI 50.9, USFD: CLEAR)",CSM,True,False,,0.1889,18.9,LOW,155,209,56.0,60kg 90UTS,21.0,400.3,56.8,59.4,58.3,46.3,50.91,AVERAGE,CLEAR,0.0,50.1,32.4,40.0,SAFE_RANGE,True,118.9,SATURATED,130.0,A,158.0,True,75.0,0.0,221.0,,,,,,,,,,,,,,,,,,,,,,,,,,,,
TSK-SIG-0063,SIG-0063,SIGNAL_AND_TELECOM,CNB,CNB,438.73,438.83,YARD,"Signal maintenance (TRACK_CIRCUIT at CNB, Tier: HIGH)",NONE,False,True,,0.6316,63.2,HIGH,89,150,56.0,,,,,,,,,,,,,,,,,,,,,51.0,,,1.0,19.0,,,,,,,,,,,,,,,TRACK_CIRCUIT,CNB,438.73,0.0,0.0,15.0,0.0,3.0,0.88,2.0,0.0,75.3,142.0,52.45
TSK-SIG-0264,SIG-0264,SIGNAL_AND_TELECOM,DER,DER,37.54,37.64,YARD,"Signal maintenance (TRACK_CIRCUIT at DER, Tier: LOW)",NONE,False,False,,0.6316,63.2,HIGH,89,150,56.0,,,,,,,,,,,,,,,,,,,,,51.0,,,0.0,355.0,,,,,,,,,,,,,,,TRACK_CIRCUIT,DER,37.54,0.0,0.0,15.0,0.0,3.75,5.51,5.0,0.0,89.9,99.0,97.45
TSK-SIG-0267,SIG-0267,SIGNAL_AND_TELECOM,DER,DER,37.7,37.8,YARD,"Signal maintenance (EI_SYSTEM at DER, Tier: HIGH)",NONE,False,True,,0.6316,63.2,HIGH,89,150,56.0,,,,,,,,,,,,,,,,,,,,,51.0,,,1.0,13.0,,,,,,,,,,,,,,,EI_SYSTEM,DER,37.7,0.0,0.0,15.0,0.0,0.0,5.0,18.0,11.0,80.2,449.0,35.0
TSK-SIG-0262,SIG-0262,SIGNAL_AND_TELECOM,FZD,FZD,226.18,226.28,YARD,"Signal maintenance (AXLE_COUNTER at FZD, Tier: HIGH)",NONE,False,True,,0.6766,67.7,HIGH,114,150,55.9,,,,,,,,,,,,,,,,,,,,,354.0,,,1.0,16.0,,,,,,,,,,,,,,,AXLE_COUNTER,FZD,226.18,0.0,0.0,15.0,0.0,0.0,5.0,2.0,0.0,93.1,548.0,45.0
TSK-SIG-0299,SIG-0299,SIGNAL_AND_TELECOM,FZD,FZD,227.33,227.43,DN,"Signal maintenance (AXLE_COUNTER at FZD, Tier: HIGH)",NONE,False,True,,0.6766,67.7,HIGH,114,150,55.9,,,,,,,,,,,,,,,,,,,,,354.0,,,1.0,16.0,,,,,,,,,,,,,,,AXLE_COUNTER,FZD,227.33,0.0,0.0,15.0,0.0,0.0,5.0,10.0,0.0,97.3,329.0,45.0
TSK-SIG-0298,SIG-0298,SIGNAL_AND_TELECOM,FZD,FZD,224.88,224.98,UP,"Signal maintenance (TRACK_CIRCUIT at FZD, Tier: HIGH)",NONE,False,True,,0.6398,64.0,HIGH,103,150,55.3,,,,,,,,,,,,,,,,,,,,,113.0,,,1.0,18.0,,,,,,,,,,,,,,,TRACK_CIRCUIT,FZD,224.88,0.0,0.0,15.0,0.0,2.47,5.55,13.0,0.0,97.8,172.0,49.35
TSK-SIG-0190,SIG-0190,SIGNAL_AND_TELECOM,DER,DER,36.0,36.1,YARD,"Signal maintenance (EI_SYSTEM at DER, Tier: HIGH)",NONE,False,True,,0.6398,64.0,HIGH,103,150,55.3,,,,,,,,,,,,,,,,,,,,,115.0,,,1.0,13.0,,,,,,,,,,,,,,,EI_SYSTEM,DER,36.0,0.0,0.0,15.0,0.0,0.0,5.0,2.0,10.0,91.9,643.0,35.0
TSK-SIG-0254,SIG-0254,SIGNAL_AND_TELECOM,FZD,FZD,225.99,226.09,YARD,"Signal maintenance (AXLE_COUNTER at FZD, Tier: HIGH)",NONE,False,True,,0.6398,64.0,HIGH,103,150,55.3,,,,,,,,,,,,,,,,,,,,,113.0,,,1.0,16.0,,,,,,,,,,,,,,,AXLE_COUNTER,FZD,225.99,0.0,0.0,15.0,0.0,0.0,5.0,11.0,0.0,91.4,663.0,45.0
TSK-SIG-0023,SIG-0023,SIGNAL_AND_TELECOM,ALJN,ALJN,129.54,129.64,YARD,"Signal maintenance (AXLE_COUNTER at ALJN, Tier: HIGH)",NONE,False,True,,0.6398,64.0,HIGH,103,150,55.3,,,,,,,,,,,,,,,,,,,,,113.0,,,1.0,16.0,,,,,,,,,,,,,,,AXLE_COUNTER,ALJN,129.54,0.0,0.0,15.0,0.0,0.0,5.0,20.0,0.0,73.8,202.0,45.0
TSK-SIG-0183,SIG-0183,SIGNAL_AND_TELECOM,ALJN,ALJN,129.63,129.73,YARD,"Signal maintenance (POINT_MACHINE at ALJN, Tier: HIGH)",NONE,False,True,,0.6856,68.6,HIGH,127,150,55.3,,,,,,,,,,,,,,,,,,,,,226.0,,,1.0,17.0,,,,,,,,,,,,,,,POINT_MACHINE,ALJN,129.63,5.86,1.77,2.3,22153.0,0.0,5.0,5.0,0.0,75.8,306.0,49.0
TSK-TRK-0469,TRK-0469,ENGINEERING_TRACK,NDLS,GZB,19.77,20.67,UP,"Track maintenance (AVERAGE TGI 57.5, USFD: CLEAR)",TAMPING,True,False,,0.2652,26.5,MEDIUM,206,187,55.2,52kg 72UTS,24.0,393.8,55.0,58.0,62.3,57.4,57.470000000000006,AVERAGE,CLEAR,0.0,43.5,25.9,40.0,SAFE_RANGE,True,172.9,SATURATED,130.0,A,54.0,True,30.0,0.0,240.0,,,,,,,,,,,,,,,,,,,,,,,,,,,,
TSK-SIG-0146,SIG-0146,SIGNAL_AND_TELECOM,GZB,GZB,25.38,25.48,UP,"Signal maintenance (TRACK_CIRCUIT at GZB, Tier: LOW)",NONE,False,False,,0.6316,63.2,HIGH,118,150,54.0,,,,,,,,,,,,,,,,,,,,,52.0,,,0.0,355.0,,,,,,,,,,,,,,,TRACK_CIRCUIT,GZB,25.38,0.0,0.0,15.0,0.0,3.86,7.74,11.0,0.0,70.1,143.0,97.4
TSK-TRK-0613,TRK-0613,ENGINEERING_TRACK,KRJ,ALJN,84.26,84.76,DN,"Track maintenance (AVERAGE TGI 63.8, USFD: CLEAR)",MANUAL,False,False,,0.1685,16.9,LOW,173,182,54.0,52kg 72UTS,10.0,341.2,51.3,80.6,69.2,64.3,63.81999999999999,AVERAGE,CLEAR,0.0,53.5,39.7,40.0,SAFE_RANGE,True,117.7,SATURATED,130.0,A,152.0,True,75.0,0.0,222.0,,,,,,,,,,,,,,,,,,,,,,,,,,,,
TSK-TRK-0774,TRK-0774,ENGINEERING_TRACK,ALJN,TDL,180.69,181.73,UP,"Track maintenance (AVERAGE TGI 63.4, USFD: CLEAR)",TAMPING,True,False,,0.1642,16.4,LOW,177,185,53.6,60kg 90UTS,10.0,318.5,66.5,47.1,70.7,63.9,63.42,AVERAGE,CLEAR,0.0,46.4,31.3,40.0,SAFE_RANGE,True,141.5,SATURATED,160.0,A,121.0,True,30.0,0.0,228.0,,,,,,,,,,,,,,,,,,,,,,,,,,,,
TSK-SIG-0247,SIG-0247,SIGNAL_AND_TELECOM,ETW,ETW,301.74,301.84,YARD,"Signal maintenance (EI_SYSTEM at ETW, Tier: HIGH)",NONE,False,True,,0.5812,58.1,HIGH,100,150,53.5,,,,,,,,,,,,,,,,,,,,,29.0,,,1.0,13.0,,,,,,,,,,,,,,,EI_SYSTEM,ETW,301.74,0.0,0.0,15.0,0.0,0.0,5.0,4.0,14.0,85.0,529.0,35.0
TSK-TRK-0714,TRK-0714,ENGINEERING_TRACK,KRJ,ALJN,124.41,125.04,DN,"Track maintenance (AVERAGE TGI 54.1, USFD: CLEAR)",CSM,True,False,,0.1675,16.7,LOW,184,199,53.3,60kg 90UTS,13.0,383.5,62.2,66.6,54.1,49.4,54.15,AVERAGE,CLEAR,0.0,48.2,37.2,40.0,SAFE_RANGE,True,178.5,SATURATED,130.0,A,150.0,True,45.0,0.0,223.0,,,,,,,,,,,,,,,,,,,,,,,,,,,,
TSK-SIG-0363,SIG-0363,SIGNAL_AND_TELECOM,PHD,PHD,358.45,358.55,UP,"Signal maintenance (TRACK_CIRCUIT at PHD, Tier: LOW)",NONE,False,False,,0.6198,62.0,HIGH,122,150,53.3,,,,,,,,,,,,,,,,,,,,,355.0,,,0.0,301.0,,,,,,,,,,,,,,,TRACK_CIRCUIT,PHD,358.45,0.0,0.0,15.0,0.0,6.31,4.98,2.0,0.0,78.7,663.0,82.25
TSK-SIG-0174,SIG-0174,SIGNAL_AND_TELECOM,FZD,FZD,227.25,227.35,DN,"Signal maintenance (AXLE_COUNTER at FZD, Tier: HIGH)",NONE,False,True,,0.5807,58.1,HIGH,103,150,53.3,,,,,,,,,,,,,,,,,,,,,117.0,,,1.0,16.0,,,,,,,,,,,,,,,AXLE_COUNTER,FZD,227.25,0.0,0.0,15.0,0.0,0.0,5.0,9.0,0.0,91.3,350.0,45.0
TSK-SIG-0354,SIG-0354,SIGNAL_AND_TELECOM,NDLS,NDLS,0.0,0.1,YARD,"Signal maintenance (TRACK_CIRCUIT at NDLS, Tier: HIGH)",NONE,False,True,,0.6198,62.0,HIGH,122,150,53.3,,,,,,,,,,,,,,,,,,,,,355.0,,,1.0,13.0,,,,,,,,,,,,,,,TRACK_CIRCUIT,NDLS,0.0,0.0,0.0,15.0,0.0,3.62,1.0,6.0,0.0,98.0,161.0,37.25
TSK-OHE-0236,OHE-0236,TRACTION_DISTRIBUTION_OHE,ETW,PHD,331.5,332.44,DN,"OHE maintenance (Wire wear 68.7%, ATD: NORMAL)",TOWER_WAGON,True,False,,0.5764,57.6,HIGH,102,159,53.2,,,,,,,,,,,,,32.7,,,,,,,,171.0,,,1.0,20.0,331/10,331/24,9.5,68.7,CRITICAL,GOOD,590.0,NORMAL,5477.0,-44.0,FLASHOVER_RISK,15.0,STABLE,True,,,,,,,,,,,,,,
TSK-TRK-0119,TRK-0119,ENGINEERING_TRACK,FZD,ETW,234.21,235.73,DN,"Track maintenance (AVERAGE TGI 58.1, USFD: CLEAR)",TAMPING,True,False,,0.2515,25.2,MEDIUM,228,181,53.2,60kg 90UTS,17.0,481.8,42.0,66.8,47.8,63.7,58.080000000000005,AVERAGE,CLEAR,0.0,32.4,19.2,40.0,SAFE_RANGE,True,107.9,SATURATED,160.0,A,8.0,True,45.0,0.0,248.0,,,,,,,,,,,,,,,,,,,,,,,,,,,,
TSK-TRK-0076,TRK-0076,ENGINEERING_TRACK,ALJN,TDL,175.37,177.01,UP,"Track maintenance (AVERAGE TGI 59.7, USFD: CLEAR)",TAMPING,True,False,,0.1878,18.8,LOW,196,181,53.1,60kg 90UTS,16.0,406.1,58.2,72.0,58.5,58.4,59.73,AVERAGE,CLEAR,0.0,41.7,29.5,40.0,SAFE_RANGE,True,179.5,SATURATED,160.0,A,228.0,True,75.0,0.0,209.0,,,,,,,,,,,,,,,,,,,,,,,,,,,,
TSK-SIG-0412,SIG-0412,SIGNAL_AND_TELECOM,NDLS,NDLS,1.29,1.39,UP,"Signal maintenance (POINT_MACHINE at NDLS, Tier: MEDIUM)",NONE,False,True,,0.6934,69.3,HIGH,163,150,53.1,,,,,,,,,,,,,,,,,,,,,319.0,,,0.0,204.0,,,,,,,,,,,,,,,POINT_MACHINE,NDLS,1.29,5.49,2.74,10.1,32718.0,0.0,5.0,19.0,0.0,85.0,52.0,55.53
TSK-SIG-0328,SIG-0328,SIGNAL_AND_TELECOM,FZD,FZD,224.98,225.08,YARD,"Signal maintenance (TRACK_CIRCUIT at FZD, Tier: HIGH)",NONE,False,True,,0.6044,60.4,HIGH,126,150,52.5,,,,,,,,,,,,,,,,,,,,,59.0,,,1.0,18.0,,,,,,,,,,,,,,,TRACK_CIRCUIT,FZD,224.98,0.0,0.0,15.0,0.0,4.34,1.06,4.0,0.0,78.3,447.0,52.05
TSK-SIG-0272,SIG-0272,SIGNAL_AND_TELECOM,CNB,CNB,440.0,440.1,DN,"Signal maintenance (TRACK_CIRCUIT at CNB, Tier: HIGH)",NONE,False,True,,0.6044,60.4,HIGH,126,150,52.5,,,,,,,,,,,,,,,,,,,,,59.0,,,1.0,18.0,,,,,,,,,,,,,,,TRACK_CIRCUIT,CNB,440.0,0.0,0.0,15.0,0.0,2.54,1.68,6.0,0.0,86.6,117.0,52.05
TSK-SIG-0153,SIG-0153,SIGNAL_AND_TELECOM,ALJN,ALJN,130.23,130.33,YARD,"Signal maintenance (TRACK_CIRCUIT at ALJN, Tier: LOW)",NONE,False,True,,0.6085,60.8,HIGH,128,150,52.5,,,,,,,,,,,,,,,,,,,,,343.0,,,0.0,231.0,,,,,,,,,,,,,,,TRACK_CIRCUIT,ALJN,130.23,0.0,0.0,15.0,0.0,3.3,2.41,16.0,0.0,82.6,616.0,62.85
TSK-SIG-0116,SIG-0116,SIGNAL_AND_TELECOM,TDL,TDL,208.11,208.21,YARD,"Signal maintenance (AXLE_COUNTER at TDL, Tier: HIGH)",NONE,False,True,,0.5484,54.8,HIGH,100,150,52.3,,,,,,,,,,,,,,,,,,,,,28.0,,,1.0,16.0,,,,,,,,,,,,,,,AXLE_COUNTER,TDL,208.11,0.0,0.0,15.0,0.0,0.0,5.0,10.0,0.0,90.9,666.0,45.0
TSK-SIG-0176,SIG-0176,SIGNAL_AND_TELECOM,KRJ,KRJ,83.46,83.56,DN,"Signal maintenance (AXLE_COUNTER at KRJ, Tier: HIGH)",NONE,False,True,,0.622,62.2,HIGH,141,150,52.1,,,,,,,,,,,,,,,,,,,,,100.0,,,1.0,16.0,,,,,,,,,,,,,,,AXLE_COUNTER,KRJ,83.46,0.0,0.0,15.0,0.0,0.0,5.0,19.0,0.0,88.5,527.0,45.0
TSK-SIG-0202,SIG-0202,SIGNAL_AND_TELECOM,TDL,TDL,209.0,209.1,YARD,"Signal maintenance (AXLE_COUNTER at TDL, Tier: HIGH)",NONE,False,True,,0.622,62.2,HIGH,141,150,52.1,,,,,,,,,,,,,,,,,,,,,102.0,,,1.0,16.0,,,,,,,,,,,,,,,AXLE_COUNTER,TDL,209.0,0.0,0.0,15.0,0.0,0.0,5.0,11.0,0.0,90.9,538.0,45.0
TSK-TRK-0486,TRK-0486,ENGINEERING_TRACK,KRJ,ALJN,117.78,118.6,DN,"Track maintenance (AVERAGE TGI 63.0, USFD: CLEAR)",TAMPING,True,False,,0.1165,11.6,LOW,182,179,51.6,60kg 90UTS,18.0,443.9,65.5,47.3,65.6,64.3,62.96999999999999,AVERAGE,CLEAR,0.0,48.1,37.0,40.0,SAFE_RANGE,True,125.8,SATURATED,130.0,A,14.0,True,75.0,0.0,247.0,,,,,,,,,,,,,,,,,,,,,,,,,,,,
TSK-TRK-0603,TRK-0603,ENGINEERING_TRACK,DER,KRJ,47.71,48.27,DN,"Track maintenance (AVERAGE TGI 55.2, USFD: CLEAR)",MANUAL,False,False,,0.1591,15.9,LOW,205,164,51.5,60kg 90UTS,19.0,333.1,50.4,55.7,68.4,54.5,55.19,AVERAGE,CLEAR,0.0,36.3,24.8,40.0,SAFE_RANGE,True,101.2,SATURATED,130.0,A,22.0,True,60.0,0.0,245.0,,,,,,,,,,,,,,,,,,,,,,,,,,,,
TSK-SIG-0090,SIG-0090,SIGNAL_AND_TELECOM,PHD,PHD,355.98,356.08,YARD,"Signal maintenance (AXLE_COUNTER at PHD, Tier: HIGH)",NONE,False,True,,0.5985,59.9,HIGH,141,150,51.3,,,,,,,,,,,,,,,,,,,,,103.0,,,1.0,16.0,,,,,,,,,,,,,,,AXLE_COUNTER,PHD,355.98,0.0,0.0,15.0,0.0,0.0,5.0,18.0,0.0,87.3,330.0,45.0
TSK-SIG-0047,SIG-0047,SIGNAL_AND_TELECOM,NDLS,NDLS,0.0,0.1,DN,"Signal maintenance (POINT_MACHINE at NDLS, Tier: HIGH)",NONE,False,True,,0.4334,43.3,MEDIUM,59,150,51.1,,,,,,,,,,,,,,,,,,,,,311.0,,,1.0,19.0,,,,,,,,,,,,,,,POINT_MACHINE,NDLS,0.0,5.79,2.66,13.9,16853.0,0.0,5.0,4.0,0.0,97.9,323.0,52.91
TSK-SIG-0140,SIG-0140,SIGNAL_AND_TELECOM,KRJ,KRJ,83.3,83.4,UP,"Signal maintenance (EI_SYSTEM at KRJ, Tier: HIGH)",NONE,False,True,,0.6044,60.4,HIGH,150,150,50.9,,,,,,,,,,,,,,,,,,,,,62.0,,,1.0,13.0,,,,,,,,,,,,,,,EI_SYSTEM,KRJ,83.3,0.0,0.0,15.0,0.0,0.0,5.0,15.0,12.0,86.8,288.0,35.0
TSK-SIG-0128,SIG-0128,SIGNAL_AND_TELECOM,CNB,CNB,439.72,439.82,UP,"Signal maintenance (EI_SYSTEM at CNB, Tier: HIGH)",NONE,False,True,,0.6044,60.4,HIGH,150,150,50.9,,,,,,,,,,,,,,,,,,,,,62.0,,,1.0,13.0,,,,,,,,,,,,,,,EI_SYSTEM,CNB,439.72,0.0,0.0,15.0,0.0,0.0,5.0,20.0,12.0,72.4,223.0,35.0
TSK-SIG-0336,SIG-0336,SIGNAL_AND_TELECOM,ETW,ETW,301.54,301.64,UP,"Signal maintenance (AXLE_COUNTER at ETW, Tier: LOW)",NONE,False,False,,0.6044,60.4,HIGH,150,150,50.9,,,,,,,,,,,,,,,,,,,,,60.0,,,0.0,293.0,,,,,,,,,,,,,,,AXLE_COUNTER,ETW,301.54,0.0,0.0,15.0,0.0,0.0,5.0,11.0,0.0,88.1,539.0,80.0
TSK-SIG-0088,SIG-0088,SIGNAL_AND_TELECOM,ALJN,ALJN,130.08,130.18,UP,"Signal maintenance (EI_SYSTEM at ALJN, Tier: HIGH)",NONE,False,True,,0.6044,60.4,HIGH,150,150,50.9,,,,,,,,,,,,,,,,,,,,,61.0,,,1.0,13.0,,,,,,,,,,,,,,,EI_SYSTEM,ALJN,130.08,0.0,0.0,15.0,0.0,0.0,5.0,12.0,13.0,79.8,415.0,35.0
TSK-SIG-0367,SIG-0367,SIGNAL_AND_TELECOM,GZB,GZB,24.87,24.97,UP,"Signal maintenance (EI_SYSTEM at GZB, Tier: HIGH)",NONE,False,True,,0.592,59.2,HIGH,149,150,50.5,,,,,,,,,,,,,,,,,,,,,69.0,,,1.0,13.0,,,,,,,,,,,,,,,EI_SYSTEM,GZB,24.87,0.0,0.0,15.0,0.0,0.0,5.0,16.0,14.0,91.2,490.0,35.0
TSK-SIG-0341,SIG-0341,SIGNAL_AND_TELECOM,PHD,PHD,355.87,355.97,UP,"Signal maintenance (TRACK_CIRCUIT at PHD, Tier: LOW)",NONE,False,False,,0.592,59.2,HIGH,149,150,50.5,,,,,,,,,,,,,,,,,,,,,68.0,,,0.0,280.0,,,,,,,,,,,,,,,TRACK_CIRCUIT,PHD,355.87,0.0,0.0,15.0,0.0,3.66,2.58,20.0,0.0,72.8,91.0,76.6
TSK-SIG-0083,SIG-0083,SIGNAL_AND_TELECOM,ETW,ETW,302.22,302.32,UP,"Signal maintenance (EI_SYSTEM at ETW, Tier: HIGH)",NONE,False,True,,0.592,59.2,HIGH,149,150,50.5,,,,,,,,,,,,,,,,,,,,,69.0,,,1.0,13.0,,,,,,,,,,,,,,,EI_SYSTEM,ETW,302.22,0.0,0.0,15.0,0.0,0.0,5.0,6.0,14.0,74.2,537.0,35.0
TSK-SIG-0162,SIG-0162,SIGNAL_AND_TELECOM,ETW,ETW,300.47,300.57,DN,"Signal maintenance (EI_SYSTEM at ETW, Tier: HIGH)",NONE,False,True,,0.592,59.2,HIGH,149,150,50.5,,,,,,,,,,,,,,,,,,,,,68.0,,,1.0,13.0,,,,,,,,,,,,,,,EI_SYSTEM,ETW,300.47,0.0,0.0,15.0,0.0,0.0,5.0,8.0,11.0,80.3,324.0,35.0
TSK-SIG-0342,SIG-0342,SIGNAL_AND_TELECOM,DER,DER,35.71,35.81,YARD,"Signal maintenance (TRACK_CIRCUIT at DER, Tier: LOW)",NONE,False,False,,0.6044,60.4,HIGH,156,150,50.5,,,,,,,,,,,,,,,,,,,,,65.0,,,0.0,353.0,,,,,,,,,,,,,,,TRACK_CIRCUIT,DER,35.71,0.0,0.0,15.0,0.0,4.22,6.57,7.0,0.0,97.2,288.0,96.75
TSK-SIG-0201,SIG-0201,SIGNAL_AND_TELECOM,KRJ,KRJ,82.07,82.17,UP,"Signal maintenance (TRACK_CIRCUIT at KRJ, Tier: HIGH)",NONE,False,True,,0.6044,60.4,HIGH,156,150,50.5,,,,,,,,,,,,,,,,,,,,,65.0,,,1.0,18.0,,,,,,,,,,,,,,,TRACK_CIRCUIT,KRJ,82.07,0.0,0.0,15.0,0.0,5.42,1.59,1.0,0.0,85.2,383.0,51.75
TSK-TRK-0506,TRK-0506,ENGINEERING_TRACK,FZD,ETW,266.73,267.3,UP,"Track maintenance (AVERAGE TGI 60.6, USFD: CLEAR)",TAMPING,True,False,,0.0967,9.7,LOW,190,185,50.4,60kg 90UTS,11.0,289.4,69.7,71.0,72.5,53.8,60.56999999999999,AVERAGE,CLEAR,0.0,46.3,35.1,40.0,SAFE_RANGE,True,156.4,SATURATED,160.0,A,96.0,True,30.0,0.0,232.0,,,,,,,,,,,,,,,,,,,,,,,,,,,,
TSK-SIG-0184,SIG-0184,SIGNAL_AND_TELECOM,ALJN,ALJN,131.07,131.17,YARD,"Signal maintenance (TRACK_CIRCUIT at ALJN, Tier: HIGH)",NONE,False,True,,0.594,59.4,HIGH,156,150,50.1,,,,,,,,,,,,,,,,,,,,,181.0,,,1.0,16.0,,,,,,,,,,,,,,,TRACK_CIRCUIT,ALJN,131.07,0.0,0.0,15.0,0.0,5.82,1.14,10.0,0.0,95.0,557.0,45.95
TSK-SIG-0035,SIG-0035,SIGNAL_AND_TELECOM,DER,DER,37.46,37.56,YARD,"Signal maintenance (TRACK_CIRCUIT at DER, Tier: HIGH)",NONE,False,True,,0.594,59.4,HIGH,156,150,50.1,,,,,,,,,,,,,,,,,,,,,179.0,,,1.0,16.0,,,,,,,,,,,,,,,TRACK_CIRCUIT,DER,37.46,0.0,0.0,15.0,0.0,2.08,5.63,1.0,0.0,97.3,183.0,46.05
TSK-SIG-0058,SIG-0058,SIGNAL_AND_TELECOM,ALJN,ALJN,129.55,129.65,UP,"Signal maintenance (AXLE_COUNTER at ALJN, Tier: HIGH)",NONE,False,True,,0.6044,60.4,HIGH,164,150,49.9,,,,,,,,,,,,,,,,,,,,,64.0,,,1.0,16.0,,,,,,,,,,,,,,,AXLE_COUNTER,ALJN,129.55,0.0,0.0,15.0,0.0,0.0,5.0,15.0,0.0,81.0,531.0,45.0
TSK-SIG-0034,SIG-0034,SIGNAL_AND_TELECOM,TDL,TDL,209.48,209.58,YARD,"Signal maintenance (TRACK_CIRCUIT at TDL, Tier: HIGH)",NONE,False,True,,0.5881,58.8,HIGH,156,150,49.9,,,,,,,,,,,,,,,,,,,,,178.0,,,1.0,16.0,,,,,,,,,,,,,,,TRACK_CIRCUIT,TDL,209.48,0.0,0.0,15.0,0.0,4.49,1.14,15.0,0.0,84.4,15.0,46.1
TSK-SIG-0001,SIG-0001,SIGNAL_AND_TELECOM,FZD,FZD,226.06,226.16,YARD,"Signal maintenance (AXLE_COUNTER at FZD, Tier: LOW)",NONE,False,False,,0.6044,60.4,HIGH,164,150,49.9,,,,,,,,,,,,,,,,,,,,,64.0,,,0.0,365.0,,,,,,,,,,,,,,,AXLE_COUNTER,FZD,226.06,0.0,0.0,15.0,0.0,0.0,5.0,6.0,0.0,81.0,306.0,100.0
TSK-SIG-0437,SIG-0437,SIGNAL_AND_TELECOM,NDLS,NDLS,0.92,1.02,DN,"Signal maintenance (EI_SYSTEM at NDLS, Tier: HIGH)",NONE,False,True,,0.5859,58.6,HIGH,156,150,49.8,,,,,,,,,,,,,,,,,,,,,98.0,,,1.0,13.0,,,,,,,,,,,,,,,EI_SYSTEM,NDLS,0.92,0.0,0.0,15.0,0.0,0.0,5.0,12.0,15.0,89.0,462.0,35.0
TSK-SIG-0263,SIG-0263,SIGNAL_AND_TELECOM,NDLS,NDLS,0.44,0.54,YARD,"Signal maintenance (AXLE_COUNTER at NDLS, Tier: LOW)",NONE,False,False,,0.5859,58.6,HIGH,156,150,49.8,,,,,,,,,,,,,,,,,,,,,98.0,,,0.0,321.0,,,,,,,,,,,,,,,AXLE_COUNTER,NDLS,0.44,0.0,0.0,15.0,0.0,0.0,5.0,8.0,0.0,92.0,333.0,88.0
TSK-TRK-0840,TRK-0840,ENGINEERING_TRACK,NDLS,GZB,22.16,23.82,DN,"Track maintenance (AVERAGE TGI 52.8, USFD: CLEAR)",CSM,True,False,,0.3037,30.4,MEDIUM,85,225,49.8,60kg 90UTS,24.0,548.1,52.6,50.5,58.9,52.2,52.78000000000001,AVERAGE,CLEAR,0.0,58.9,43.6,40.0,MODERATE_HEAT_EXPANSION,True,152.7,GOOD,130.0,A,16.0,False,0.0,0.0,229.0,,,,,,,,,,,,,,,,,,,,,,,,,,,,
TSK-SIG-0117,SIG-0117,SIGNAL_AND_TELECOM,NDLS,NDLS,0.0,0.1,DN,"Signal maintenance (AXLE_COUNTER at NDLS, Tier: HIGH)",NONE,False,True,,0.4885,48.8,MEDIUM,108,150,49.7,,,,,,,,,,,,,,,,,,,,,358.0,,,1.0,16.0,,,,,,,,,,,,,,,AXLE_COUNTER,NDLS,0.0,0.0,0.0,15.0,0.0,0.0,5.0,6.0,0.0,87.7,335.0,45.0
TSK-SIG-0178,SIG-0178,SIGNAL_AND_TELECOM,CNB,CNB,440.0,440.1,UP,"Signal maintenance (AXLE_COUNTER at CNB, Tier: HIGH)",NONE,False,True,,0.5714,57.1,HIGH,155,150,49.4,,,,,,,,,,,,,,,,,,,,,277.0,,,1.0,16.0,,,,,,,,,,,,,,,AXLE_COUNTER,CNB,440.0,0.0,0.0,15.0,0.0,0.0,5.0,2.0,0.0,73.1,68.0,45.0
TSK-SIG-0167,SIG-0167,SIGNAL_AND_TELECOM,NDLS,NDLS,0.21,0.31,UP,"Signal maintenance (EI_SYSTEM at NDLS, Tier: LOW)",NONE,False,False,,0.5714,57.1,HIGH,155,150,49.4,,,,,,,,,,,,,,,,,,,,,277.0,,,0.0,257.0,,,,,,,,,,,,,,,EI_SYSTEM,NDLS,0.21,0.0,0.0,15.0,0.0,0.0,5.0,10.0,7.0,92.2,674.0,70.0
TSK-SIG-0366,SIG-0366,SIGNAL_AND_TELECOM,FZD,FZD,226.21,226.31,YARD,"Signal maintenance (EI_SYSTEM at FZD, Tier: HIGH)",NONE,False,True,,0.5788,57.9,HIGH,158,150,49.4,,,,,,,,,,,,,,,,,,,,,185.0,,,1.0,13.0,,,,,,,,,,,,,,,EI_SYSTEM,FZD,226.21,0.0,0.0,15.0,0.0,0.0,5.0,12.0,12.0,81.1,512.0,35.0
TSK-SIG-0138,SIG-0138,SIGNAL_AND_TELECOM,FZD,FZD,227.32,227.42,YARD,"Signal maintenance (AXLE_COUNTER at FZD, Tier: HIGH)",NONE,False,True,,0.5788,57.9,HIGH,158,150,49.4,,,,,,,,,,,,,,,,,,,,,186.0,,,1.0,16.0,,,,,,,,,,,,,,,AXLE_COUNTER,FZD,227.32,0.0,0.0,15.0,0.0,0.0,5.0,7.0,0.0,75.5,109.0,45.0
TSK-SIG-0051,SIG-0051,SIGNAL_AND_TELECOM,CNB,CNB,440.0,440.1,YARD,"Signal maintenance (AXLE_COUNTER at CNB, Tier: HIGH)",NONE,False,True,,0.5714,57.1,HIGH,155,150,49.4,,,,,,,,,,,,,,,,,,,,,277.0,,,1.0,16.0,,,,,,,,,,,,,,,AXLE_COUNTER,CNB,440.0,0.0,0.0,15.0,0.0,0.0,5.0,7.0,0.0,84.1,318.0,45.0
TSK-OHE-0164,OHE-0164,TRACTION_DISTRIBUTION_OHE,FZD,ETW,272.41,273.26,UP,"OHE maintenance (Wire wear 80.5%, ATD: NORMAL)",TOWER_WAGON,True,False,,0.5426,54.3,HIGH,142,161,49.3,,,,,,,,,,,,,43.9,,,,,,,,303.0,,,0.0,204.0,272/4,272/18,9.03,80.5,CRITICAL,GOOD,680.2,NORMAL,5473.0,-66.0,CLEAN,14.0,STABLE,True,,,,,,,,,,,,,,
TSK-SIG-0169,SIG-0169,SIGNAL_AND_TELECOM,GZB,GZB,25.9,26.0,YARD,"Signal maintenance (TRACK_CIRCUIT at GZB, Tier: HIGH)",NONE,False,True,,0.5714,57.1,HIGH,158,150,49.2,,,,,,,,,,,,,,,,,,,,,275.0,,,1.0,15.0,,,,,,,,,,,,,,,TRACK_CIRCUIT,GZB,25.9,0.0,0.0,15.0,0.0,6.13,1.6,7.0,0.0,73.4,253.0,41.25
TSK-SIG-0102,SIG-0102,SIGNAL_AND_TELECOM,ETW,ETW,301.22,301.32,UP,"Signal maintenance (EI_SYSTEM at ETW, Tier: HIGH)",NONE,False,True,,0.5594,55.9,HIGH,155,150,49.0,,,,,,,,,,,,,,,,,,,,,278.0,,,1.0,13.0,,,,,,,,,,,,,,,EI_SYSTEM,ETW,301.22,0.0,0.0,15.0,0.0,0.0,5.0,8.0,15.0,87.3,318.0,35.0
TSK-SIG-0018,SIG-0018,SIGNAL_AND_TELECOM,CNB,CNB,440.0,440.1,DN,"Signal maintenance (TRACK_CIRCUIT at CNB, Tier: CRITICAL)",NONE,False,True,,0.5594,55.9,HIGH,155,150,49.0,,,,,,,,,,,,,,,,,,,,,278.0,,,1.0,8.0,,,,,,,,,,,,,,,TRACK_CIRCUIT,CNB,440.0,0.0,0.0,15.0,0.0,1.96,2.49,17.0,0.0,93.9,258.0,21.099999999999994
TSK-SIG-0221,SIG-0221,SIGNAL_AND_TELECOM,ETW,ETW,301.36,301.46,YARD,"Signal maintenance (TRACK_CIRCUIT at ETW, Tier: LOW)",NONE,False,False,,0.5982,59.8,HIGH,176,150,48.9,,,,,,,,,,,,,,,,,,,,,347.0,,,0.0,302.0,,,,,,,,,,,,,,,TRACK_CIRCUIT,ETW,301.36,0.0,0.0,15.0,0.0,4.12,6.96,1.0,0.0,70.5,460.0,82.65
TSK-TRK-0308,TRK-0308,ENGINEERING_TRACK,FZD,ETW,297.71,299.54,DN,"Track maintenance (AVERAGE TGI 60.4, USFD: CLEAR)",TAMPING,True,False,,0.0378,3.8,LOW,182,187,48.9,60kg 90UTS,13.0,286.3,59.7,70.0,80.9,55.6,60.39000000000001,AVERAGE,CLEAR,0.0,44.4,27.8,40.0,SAFE_RANGE,True,142.0,SATURATED,160.0,A,300.0,True,45.0,0.0,197.0,,,,,,,,,,,,,,,,,,,,,,,,,,,,
TSK-SIG-0449,SIG-0449,SIGNAL_AND_TELECOM,DER,DER,37.25,37.35,YARD,"Signal maintenance (TRACK_CIRCUIT at DER, Tier: LOW)",NONE,False,False,,0.5982,59.8,HIGH,176,150,48.9,,,,,,,,,,,,,,,,,,,,,347.0,,,0.0,302.0,,,,,,,,,,,,,,,TRACK_CIRCUIT,DER,37.25,0.0,0.0,15.0,0.0,4.27,7.96,14.0,0.0,72.5,193.0,82.65
TSK-SIG-0010,SIG-0010,SIGNAL_AND_TELECOM,CNB,CNB,439.1,439.2,UP,"Signal maintenance (AXLE_COUNTER at CNB, Tier: HIGH)",NONE,False,True,,0.5788,57.9,HIGH,167,150,48.8,,,,,,,,,,,,,,,,,,,,,189.0,,,1.0,16.0,,,,,,,,,,,,,,,AXLE_COUNTER,CNB,439.1,0.0,0.0,15.0,0.0,0.0,5.0,11.0,0.0,73.3,239.0,45.0
TSK-SIG-0085,SIG-0085,SIGNAL_AND_TELECOM,ETW,ETW,301.77,301.87,UP,"Signal maintenance (EI_SYSTEM at ETW, Tier: LOW)",NONE,False,False,,0.5788,57.9,HIGH,167,150,48.8,,,,,,,,,,,,,,,,,,,,,189.0,,,0.0,365.0,,,,,,,,,,,,,,,EI_SYSTEM,ETW,301.77,0.0,0.0,15.0,0.0,0.0,5.0,17.0,1.0,76.3,659.0,100.0
TSK-SIG-0204,SIG-0204,SIGNAL_AND_TELECOM,CNB,CNB,440.0,440.1,DN,"Signal maintenance (TRACK_CIRCUIT at CNB, Tier: HIGH)",NONE,False,True,,0.5559,55.6,HIGH,156,150,48.8,,,,,,,,,,,,,,,,,,,,,87.0,,,1.0,18.0,,,,,,,,,,,,,,,TRACK_CIRCUIT,CNB,440.0,0.0,0.0,15.0,0.0,4.98,0.94,1.0,0.0,70.6,461.0,50.65
TSK-SIG-0127,SIG-0127,SIGNAL_AND_TELECOM,ETW,ETW,300.92,301.02,YARD,"Signal maintenance (AXLE_COUNTER at ETW, Tier: LOW)",NONE,False,False,,0.5788,57.9,HIGH,167,150,48.8,,,,,,,,,,,,,,,,,,,,,189.0,,,0.0,336.0,,,,,,,,,,,,,,,AXLE_COUNTER,ETW,300.92,0.0,0.0,15.0,0.0,0.0,5.0,14.0,0.0,91.9,309.0,92.0
TSK-SIG-0165,SIG-0165,SIGNAL_AND_TELECOM,FZD,FZD,226.81,226.91,UP,"Signal maintenance (AXLE_COUNTER at FZD, Tier: HIGH)",NONE,False,True,,0.5559,55.6,HIGH,156,150,48.8,,,,,,,,,,,,,,,,,,,,,93.0,,,1.0,16.0,,,,,,,,,,,,,,,AXLE_COUNTER,FZD,226.81,0.0,0.0,15.0,0.0,0.0,5.0,6.0,0.0,71.7,593.0,45.0
TSK-SIG-0279,SIG-0279,SIGNAL_AND_TELECOM,GZB,GZB,26.02,26.12,UP,"Signal maintenance (AXLE_COUNTER at GZB, Tier: LOW)",NONE,False,False,,0.5788,57.9,HIGH,167,150,48.8,,,,,,,,,,,,,,,,,,,,,189.0,,,0.0,321.0,,,,,,,,,,,,,,,AXLE_COUNTER,GZB,26.02,0.0,0.0,15.0,0.0,0.0,5.0,5.0,0.0,88.8,608.0,88.0
TSK-SIG-0222,SIG-0222,SIGNAL_AND_TELECOM,FZD,FZD,226.65,226.75,YARD,"Signal maintenance (EI_SYSTEM at FZD, Tier: HIGH)",NONE,False,True,,0.5788,57.9,HIGH,167,150,48.8,,,,,,,,,,,,,,,,,,,,,191.0,,,1.0,13.0,,,,,,,,,,,,,,,EI_SYSTEM,FZD,226.65,0.0,0.0,15.0,0.0,0.0,5.0,9.0,14.0,73.8,344.0,35.0
TSK-TRK-0431,TRK-0431,ENGINEERING_TRACK,DER,KRJ,39.44,41.14,DN,"Track maintenance (AVERAGE TGI 61.7, USFD: CLEAR)",TAMPING,True,False,,0.0644,6.4,LOW,200,185,48.6,60kg 90UTS,18.0,281.7,65.9,61.1,66.1,59.6,61.66,AVERAGE,CLEAR,0.0,43.9,27.0,40.0,SAFE_RANGE,True,139.7,SATURATED,130.0,A,239.0,True,30.0,0.0,207.0,,,,,,,,,,,,,,,,,,,,,,,,,,,,
TSK-TRK-0433,TRK-0433,ENGINEERING_TRACK,KRJ,ALJN,95.66,97.6,DN,"Track maintenance (AVERAGE TGI 58.2, USFD: CLEAR)",TAMPING,True,False,,0.0628,6.3,LOW,200,182,48.5,60kg 90UTS,12.0,224.1,66.2,77.6,78.1,49.0,58.21,AVERAGE,CLEAR,0.0,42.4,29.0,40.0,SAFE_RANGE,True,135.4,SATURATED,130.0,A,191.0,True,75.0,0.0,216.0,,,,,,,,,,,,,,,,,,,,,,,,,,,,
TSK-TRK-0125,TRK-0125,ENGINEERING_TRACK,KRJ,ALJN,87.83,88.71,UP,"Track maintenance (AVERAGE TGI 66.5, USFD: CLEAR)",TAMPING,True,False,,0.1167,11.7,LOW,227,186,48.5,60kg 90UTS,20.0,361.1,69.6,68.0,58.1,66.6,66.49,AVERAGE,CLEAR,0.0,48.3,37.7,40.0,SAFE_RANGE,True,171.2,SATURATED,130.0,A,326.0,True,75.0,0.0,255.0,,,,,,,,,,,,,,,,,,,,,,,,,,,,
TSK-SIG-0164,SIG-0164,SIGNAL_AND_TELECOM,DER,DER,37.34,37.44,UP,"Signal maintenance (TRACK_CIRCUIT at DER, Tier: LOW)",NONE,False,False,,0.5788,57.9,HIGH,172,150,48.5,,,,,,,,,,,,,,,,,,,,,183.0,,,0.0,332.0,,,,,,,,,,,,,,,TRACK_CIRCUIT,DER,37.34,0.0,0.0,15.0,0.0,4.3,7.46,12.0,0.0,96.9,413.0,90.85
TSK-SIG-0020,SIG-0020,SIGNAL_AND_TELECOM,DER,DER,36.2,36.3,YARD,"Signal maintenance (TRACK_CIRCUIT at DER, Tier: CRITICAL)",NONE,False,True,,0.5637,56.4,HIGH,167,150,48.3,,,,,,,,,,,,,,,,,,,,,192.0,,,1.0,9.0,,,,,,,,,,,,,,,TRACK_CIRCUIT,DER,36.2,0.0,0.0,15.0,0.0,6.09,1.85,17.0,0.0,73.3,343.0,25.40000000000001
TSK-TRK-0397,TRK-0397,ENGINEERING_TRACK,GZB,DER,34.26,36.05,UP,"Track maintenance (AVERAGE TGI 51.7, USFD: OBS)",CSM,True,False,,0.0584,5.8,LOW,201,207,48.3,60kg 90UTS,18.0,340.7,51.4,58.6,67.2,48.1,51.720000000000006,AVERAGE,OBS,1.0,52.1,37.1,40.0,SAFE_RANGE,True,130.9,SATURATED,130.0,A,14.0,True,30.0,0.0,194.0,,,,,,,,,,,,,,,,,,,,,,,,,,,,
TSK-SIG-0207,SIG-0207,SIGNAL_AND_TELECOM,FZD,FZD,227.32,227.42,YARD,"Signal maintenance (AXLE_COUNTER at FZD, Tier: HIGH)",NONE,False,True,,0.5379,53.8,HIGH,156,150,48.1,,,,,,,,,,,,,,,,,,,,,85.0,,,1.0,16.0,,,,,,,,,,,,,,,AXLE_COUNTER,FZD,227.32,0.0,0.0,15.0,0.0,0.0,5.0,14.0,0.0,71.1,470.0,45.0
TSK-SIG-0093,SIG-0093,SIGNAL_AND_TELECOM,FZD,FZD,225.5,225.6,YARD,"Signal maintenance (TRACK_CIRCUIT at FZD, Tier: HIGH)",NONE,False,True,,0.5379,53.8,HIGH,156,150,48.1,,,,,,,,,,,,,,,,,,,,,84.0,,,1.0,18.0,,,,,,,,,,,,,,,TRACK_CIRCUIT,FZD,225.5,0.0,0.0,15.0,0.0,3.17,1.95,15.0,0.0,99.0,73.0,50.8
TSK-TRK-0797,TRK-0797,ENGINEERING_TRACK,KRJ,ALJN,87.3,88.43,UP,"Track maintenance (AVERAGE TGI 60.6, USFD: CLEAR)",TAMPING,True,False,,0.109,10.9,LOW,231,185,48.0,52kg 72UTS,11.0,345.5,60.2,79.8,62.0,57.3,60.6,AVERAGE,CLEAR,0.0,46.2,35.7,40.0,SAFE_RANGE,True,172.6,SATURATED,130.0,A,54.0,True,45.0,0.0,240.0,,,,,,,,,,,,,,,,,,,,,,,,,,,,
TSK-TRK-0176,TRK-0176,ENGINEERING_TRACK,PHD,CNB,394.47,395.88,UP,"Track maintenance (AVERAGE TGI 50.4, USFD: CLEAR)",BCM,True,False,,0.0715,7.2,LOW,212,232,48.0,60kg 90UTS,11.0,369.9,55.8,64.4,59.2,44.8,50.39999999999999,AVERAGE,CLEAR,0.0,39.4,26.3,40.0,SAFE_RANGE,True,111.0,SATURATED,130.0,A,158.0,True,60.0,0.0,221.0,,,,,,,,,,,,,,,,,,,,,,,,,,,,
TSK-TRK-0583,TRK-0583,ENGINEERING_TRACK,FZD,ETW,240.71,242.23,DN,"Track maintenance (AVERAGE TGI 52.5, USFD: CLEAR)",BCM,True,False,,0.0512,5.1,LOW,201,234,48.0,60kg 90UTS,8.0,244.6,71.7,71.5,71.1,39.9,52.54,AVERAGE,CLEAR,0.0,37.3,26.5,40.0,SAFE_RANGE,True,132.8,SATURATED,160.0,A,107.0,True,75.0,0.0,230.0,,,,,,,,,,,,,,,,,,,,,,,,,,,,
TSK-TRK-0205,TRK-0205,ENGINEERING_TRACK,TDL,FZD,212.79,214.6,UP,"Track maintenance (AVERAGE TGI 61.6, USFD: CLEAR)",TAMPING,True,False,,0.0555,5.6,LOW,205,186,47.9,60kg 90UTS,14.0,294.1,61.5,69.2,79.7,57.4,61.63,AVERAGE,CLEAR,0.0,37.2,19.6,40.0,SAFE_RANGE,True,158.3,SATURATED,160.0,A,94.0,True,75.0,0.0,233.0,,,,,,,,,,,,,,,,,,,,,,,,,,,,
TSK-SIG-0013,SIG-0013,SIGNAL_AND_TELECOM,ALJN,ALJN,130.04,130.14,YARD,"Signal maintenance (AXLE_COUNTER at ALJN, Tier: HIGH)",NONE,False,True,,0.5099,51.0,HIGH,145,150,47.9,,,,,,,,,,,,,,,,,,,,,325.0,,,1.0,16.0,,,,,,,,,,,,,,,AXLE_COUNTER,ALJN,130.04,0.0,0.0,15.0,0.0,0.0,5.0,7.0,0.0,94.9,72.0,45.0
TSK-SIG-0331,SIG-0331,SIGNAL_AND_TELECOM,FZD,FZD,227.17,227.27,DN,"Signal maintenance (AXLE_COUNTER at FZD, Tier: HIGH)",NONE,False,True,,0.5099,51.0,HIGH,145,150,47.9,,,,,,,,,,,,,,,,,,,,,324.0,,,1.0,16.0,,,,,,,,,,,,,,,AXLE_COUNTER,FZD,227.17,0.0,0.0,15.0,0.0,0.0,5.0,14.0,0.0,72.1,570.0,45.0
TSK-SIG-0430,SIG-0430,SIGNAL_AND_TELECOM,TDL,TDL,208.5,208.6,UP,"Signal maintenance (TRACK_CIRCUIT at TDL, Tier: LOW)",NONE,False,False,,0.592,59.2,HIGH,189,150,47.8,,,,,,,,,,,,,,,,,,,,,66.0,,,0.0,353.0,,,,,,,,,,,,,,,TRACK_CIRCUIT,TDL,208.5,0.0,0.0,15.0,0.0,2.75,7.14,4.0,0.0,98.2,112.0,96.7
TSK-TRK-0514,TRK-0514,ENGINEERING_TRACK,PHD,CNB,437.95,439.18,DN,"Track maintenance (AVERAGE TGI 64.7, USFD: CLEAR)",TAMPING,True,False,,0.0717,7.2,LOW,215,181,47.8,60kg 90UTS,14.0,380.5,71.0,58.3,78.0,61.5,64.72999999999999,AVERAGE,CLEAR,0.0,40.4,26.2,40.0,SAFE_RANGE,True,179.1,SATURATED,130.0,A,186.0,True,45.0,0.0,216.0,,,,,,,,,,,,,,,,,,,,,,,,,,,,
TSK-SIG-0355,SIG-0355,SIGNAL_AND_TELECOM,ALJN,ALJN,131.06,131.16,DN,"Signal maintenance (TRACK_CIRCUIT at ALJN, Tier: LOW)",NONE,False,False,,0.592,59.2,HIGH,189,150,47.8,,,,,,,,,,,,,,,,,,,,,66.0,,,0.0,353.0,,,,,,,,,,,,,,,TRACK_CIRCUIT,ALJN,131.06,0.0,0.0,15.0,0.0,2.56,4.16,9.0,0.0,81.7,93.0,96.7
TSK-SIG-0168,SIG-0168,SIGNAL_AND_TELECOM,NDLS,NDLS,0.12,0.22,UP,"Signal maintenance (TRACK_CIRCUIT at NDLS, Tier: HIGH)",NONE,False,True,,0.5379,53.8,HIGH,162,150,47.7,,,,,,,,,,,,,,,,,,,,,83.0,,,1.0,18.0,,,,,,,,,,,,,,,TRACK_CIRCUIT,NDLS,0.12,0.0,0.0,15.0,0.0,1.87,4.25,4.0,0.0,81.1,161.0,50.85
TSK-SIG-0220,SIG-0220,SIGNAL_AND_TELECOM,ETW,ETW,301.28,301.38,YARD,"Signal maintenance (AXLE_COUNTER at ETW, Tier: LOW)",NONE,False,False,,0.5379,53.8,HIGH,162,150,47.7,,,,,,,,,,,,,,,,,,,,,82.0,,,0.0,307.0,,,,,,,,,,,,,,,AXLE_COUNTER,ETW,301.28,0.0,0.0,15.0,0.0,0.0,5.0,14.0,0.0,97.1,477.0,84.0
TSK-SIG-0014,SIG-0014,SIGNAL_AND_TELECOM,ETW,ETW,302.38,302.48,DN,"Signal maintenance (EI_SYSTEM at ETW, Tier: HIGH)",NONE,False,True,,0.5571,55.7,HIGH,173,150,47.6,,,,,,,,,,,,,,,,,,,,,38.0,,,1.0,13.0,,,,,,,,,,,,,,,EI_SYSTEM,ETW,302.38,0.0,0.0,15.0,0.0,0.0,5.0,17.0,10.0,91.8,624.0,35.0
TSK-TRK-0406,TRK-0406,ENGINEERING_TRACK,GZB,DER,30.3,31.52,UP,"Track maintenance (AVERAGE TGI 79.3, USFD: OBS)",NONE,False,False,,0.1044,10.4,LOW,236,153,47.5,60kg 90UTS,19.0,346.3,75.3,72.4,78.4,82.0,79.34,AVERAGE,OBS,4.0,28.9,18.6,40.0,SAFE_RANGE,True,103.2,SATURATED,130.0,A,87.0,True,45.0,0.0,244.0,,,,,,,,,,,,,,,,,,,,,,,,,,,,
TSK-TRK-0226,TRK-0226,ENGINEERING_TRACK,FZD,ETW,232.34,233.77,UP,"Track maintenance (AVERAGE TGI 74.8, USFD: OBS)",TAMPING,True,False,,0.0691,6.9,LOW,220,181,47.4,60kg 90UTS,23.0,378.8,75.2,84.1,84.4,71.6,74.85,AVERAGE,OBS,3.0,37.7,22.0,40.0,SAFE_RANGE,True,114.1,SATURATED,160.0,A,204.0,True,60.0,0.0,224.0,,,,,,,,,,,,,,,,,,,,,,,,,,,,
TSK-TRK-0802,TRK-0802,ENGINEERING_TRACK,TDL,FZD,211.81,213.45,DN,"Track maintenance (AVERAGE TGI 51.0, USFD: CLEAR)",BCM,True,False,,0.3115,31.2,MEDIUM,125,220,47.3,60kg 90UTS,22.0,542.1,58.9,44.7,60.5,47.8,50.98,AVERAGE,CLEAR,0.0,41.6,26.7,40.0,SAFE_RANGE,True,105.3,FOULED,160.0,A,200.0,False,0.0,0.0,197.0,,,,,,,,,,,,,,,,,,,,,,,,,,,,
TSK-SIG-0084,SIG-0084,SIGNAL_AND_TELECOM,GZB,GZB,26.41,26.51,UP,"Signal maintenance (TRACK_CIRCUIT at GZB, Tier: LOW)",NONE,False,True,,0.4775,47.8,MEDIUM,145,150,46.8,,,,,,,,,,,,,,,,,,,,,323.0,,,0.0,234.0,,,,,,,,,,,,,,,TRACK_CIRCUIT,GZB,26.41,0.0,0.0,15.0,0.0,6.46,2.65,17.0,0.0,94.8,533.0,63.85
TSK-SIG-0143,SIG-0143,SIGNAL_AND_TELECOM,ALJN,ALJN,131.25,131.35,DN,"Signal maintenance (EI_SYSTEM at ALJN, Tier: HIGH)",NONE,False,True,,0.4775,47.8,MEDIUM,145,150,46.8,,,,,,,,,,,,,,,,,,,,,323.0,,,1.0,13.0,,,,,,,,,,,,,,,EI_SYSTEM,ALJN,131.25,0.0,0.0,15.0,0.0,0.0,5.0,9.0,9.0,75.4,84.0,35.0
TSK-SIG-0382,SIG-0382,SIGNAL_AND_TELECOM,GZB,GZB,25.38,25.48,DN,"Signal maintenance (TRACK_CIRCUIT at GZB, Tier: CRITICAL)",NONE,False,True,,0.4934,49.3,MEDIUM,154,150,46.7,,,,,,,,,,,,,,,,,,,,,131.0,,,1.0,10.0,,,,,,,,,,,,,,,TRACK_CIRCUIT,GZB,25.38,0.0,0.0,15.0,0.0,2.24,1.29,16.0,0.0,88.3,41.0,28.450000000000003
TSK-SIG-0028,SIG-0028,SIGNAL_AND_TELECOM,ALJN,ALJN,132.16,132.26,DN,"Signal maintenance (EI_SYSTEM at ALJN, Tier: HIGH)",NONE,False,True,,0.4934,49.3,MEDIUM,154,150,46.7,,,,,,,,,,,,,,,,,,,,,132.0,,,1.0,13.0,,,,,,,,,,,,,,,EI_SYSTEM,ALJN,132.16,0.0,0.0,15.0,0.0,0.0,5.0,19.0,9.0,78.0,162.0,35.0
TSK-SIG-0285,SIG-0285,SIGNAL_AND_TELECOM,CNB,CNB,440.0,440.1,UP,"Signal maintenance (AXLE_COUNTER at CNB, Tier: HIGH)",NONE,False,True,,0.4934,49.3,MEDIUM,154,150,46.7,,,,,,,,,,,,,,,,,,,,,130.0,,,1.0,16.0,,,,,,,,,,,,,,,AXLE_COUNTER,CNB,440.0,0.0,0.0,15.0,0.0,0.0,5.0,10.0,0.0,90.1,191.0,45.0
TSK-SIG-0076,SIG-0076,SIGNAL_AND_TELECOM,CNB,CNB,438.61,438.71,YARD,"Signal maintenance (AXLE_COUNTER at CNB, Tier: HIGH)",NONE,False,True,,0.4934,49.3,MEDIUM,154,150,46.7,,,,,,,,,,,,,,,,,,,,,130.0,,,1.0,16.0,,,,,,,,,,,,,,,AXLE_COUNTER,CNB,438.61,0.0,0.0,15.0,0.0,0.0,5.0,2.0,0.0,97.4,417.0,45.0
TSK-SIG-0438,SIG-0438,SIGNAL_AND_TELECOM,DER,DER,36.15,36.25,UP,"Signal maintenance (EI_SYSTEM at DER, Tier: HIGH)",NONE,False,True,,0.5065,50.6,HIGH,162,150,46.6,,,,,,,,,,,,,,,,,,,,,80.0,,,1.0,13.0,,,,,,,,,,,,,,,EI_SYSTEM,DER,36.15,0.0,0.0,15.0,0.0,0.0,5.0,6.0,9.0,76.4,23.0,35.0
TSK-SIG-0004,SIG-0004,SIGNAL_AND_TELECOM,CNB,CNB,438.98,439.08,YARD,"Signal maintenance (TRACK_CIRCUIT at CNB, Tier: CRITICAL)",NONE,False,True,,0.527,52.7,HIGH,173,150,46.6,,,,,,,,,,,,,,,,,,,,,40.0,,,1.0,12.0,,,,,,,,,,,,,,,TRACK_CIRCUIT,CNB,438.98,0.0,0.0,15.0,0.0,2.31,5.3,19.0,0.0,72.7,332.0,33.0
TSK-SIG-0239,SIG-0239,SIGNAL_AND_TELECOM,ALJN,ALJN,132.03,132.13,UP,"Signal maintenance (TRACK_CIRCUIT at ALJN, Tier: LOW)",NONE,False,False,,0.5065,50.6,HIGH,162,150,46.6,,,,,,,,,,,,,,,,,,,,,79.0,,,0.0,278.0,,,,,,,,,,,,,,,TRACK_CIRCUIT,ALJN,132.03,0.0,0.0,15.0,0.0,5.21,7.34,17.0,0.0,80.1,628.0,76.05
TSK-TRK-0199,TRK-0199,ENGINEERING_TRACK,NDLS,GZB,9.5,11.22,UP,"Track maintenance (AVERAGE TGI 67.1, USFD: IMR)",CSM,True,False,,0.0524,5.2,LOW,226,188,46.4,60kg 90UTS,19.0,312.8,58.1,66.3,72.2,69.4,67.11,AVERAGE,IMR,4.0,37.5,27.0,40.0,SAFE_RANGE,True,178.9,FOULED,130.0,A,40.0,True,75.0,0.0,200.0,,,,,,,,,,,,,,,,,,,,,,,,,,,,
TSK-SIG-0095,SIG-0095,SIGNAL_AND_TELECOM,PHD,PHD,357.11,357.21,UP,"Signal maintenance (AXLE_COUNTER at PHD, Tier: HIGH)",NONE,False,True,,0.4858,48.6,MEDIUM,158,150,46.2,,,,,,,,,,,,,,,,,,,,,127.0,,,1.0,16.0,,,,,,,,,,,,,,,AXLE_COUNTER,PHD,357.11,0.0,0.0,15.0,0.0,0.0,5.0,9.0,0.0,76.9,87.0,45.0
TSK-TRK-0024,TRK-0024,ENGINEERING_TRACK,TDL,FZD,209.91,211.29,UP,"Track maintenance (AVERAGE TGI 75.9, USFD: OBS)",NONE,False,False,,0.0307,3.1,LOW,220,155,46.0,60kg 90UTS,2.0,68.4,66.0,95.6,96.4,72.5,75.9,AVERAGE,OBS,1.0,31.6,20.1,40.0,SAFE_RANGE,True,107.1,SATURATED,160.0,A,350.0,True,45.0,0.0,198.0,,,,,,,,,,,,,,,,,,,,,,,,,,,,
TSK-SIG-0081,SIG-0081,SIGNAL_AND_TELECOM,PHD,PHD,356.73,356.83,DN,"Signal maintenance (AXLE_COUNTER at PHD, Tier: HIGH)",NONE,False,True,,0.526,52.6,HIGH,182,150,45.9,,,,,,,,,,,,,,,,,,,,,34.0,,,1.0,16.0,,,,,,,,,,,,,,,AXLE_COUNTER,PHD,356.73,0.0,0.0,15.0,0.0,0.0,5.0,13.0,0.0,83.1,508.0,45.0
TSK-TRK-0742,TRK-0742,ENGINEERING_TRACK,PHD,CNB,363.65,365.47,UP,"Track maintenance (AVERAGE TGI 64.6, USFD: CLEAR)",MANUAL,False,False,,0.0348,3.5,LOW,224,177,45.9,52kg 72UTS,18.0,281.1,54.9,68.7,77.8,65.0,64.63,AVERAGE,CLEAR,0.0,55.0,39.6,40.0,SAFE_RANGE,True,121.0,SATURATED,130.0,A,185.0,True,75.0,0.0,217.0,,,,,,,,,,,,,,,,,,,,,,,,,,,,
TSK-SIG-0231,SIG-0231,SIGNAL_AND_TELECOM,ALJN,ALJN,131.77,131.87,DN,"Signal maintenance (TRACK_CIRCUIT at ALJN, Tier: LOW)",NONE,False,False,,0.526,52.6,HIGH,182,150,45.9,,,,,,,,,,,,,,,,,,,,,37.0,,,0.0,358.0,,,,,,,,,,,,,,,TRACK_CIRCUIT,ALJN,131.77,0.0,0.0,15.0,0.0,6.32,4.5,10.0,0.0,95.9,39.0,98.15
TSK-TRK-0294,TRK-0294,ENGINEERING_TRACK,ETW,PHD,302.62,304.14,UP,"Track maintenance (AVERAGE TGI 57.0, USFD: CLEAR)",MANUAL,False,False,,0.0462,4.6,LOW,233,177,45.7,60kg 90UTS,12.0,231.5,76.0,66.1,78.4,45.6,57.010000000000005,AVERAGE,CLEAR,0.0,35.1,22.9,40.0,SAFE_RANGE,True,159.0,SATURATED,160.0,A,22.0,True,45.0,0.0,245.0,,,,,,,,,,,,,,,,,,,,,,,,,,,,
TSK-SIG-0398,SIG-0398,SIGNAL_AND_TELECOM,ALJN,ALJN,129.6,129.7,DN,"Signal maintenance (AXLE_COUNTER at ALJN, Tier: HIGH)",NONE,False,True,,0.4772,47.7,MEDIUM,164,150,45.5,,,,,,,,,,,,,,,,,,,,,77.0,,,1.0,16.0,,,,,,,,,,,,,,,AXLE_COUNTER,ALJN,129.6,0.0,0.0,15.0,0.0,0.0,5.0,14.0,0.0,94.3,274.0,45.0
TSK-TRK-0319,TRK-0319,ENGINEERING_TRACK,KRJ,ALJN,88.93,90.07,DN,"Track maintenance (POOR TGI 49.7, USFD: CLEAR)",BCM,True,False,,0.293,29.3,MEDIUM,142,217,45.5,60kg 90UTS,7.0,244.6,53.4,61.2,74.0,42.5,49.7,POOR,CLEAR,0.0,51.0,34.3,40.0,SAFE_RANGE,True,46.4,GOOD,130.0,A,39.0,False,0.0,0.0,235.0,,,,,,,,,,,,,,,,,,,,,,,,,,,,
TSK-TRK-0219,TRK-0219,ENGINEERING_TRACK,ALJN,TDL,192.21,192.83,DN,"Track maintenance (AVERAGE TGI 63.6, USFD: CLEAR)",MANUAL,False,False,,0.056,5.6,LOW,243,183,45.3,60kg 90UTS,15.0,394.5,57.8,62.2,73.5,64.2,63.65,AVERAGE,CLEAR,0.0,55.5,43.7,40.0,MODERATE_HEAT_EXPANSION,True,123.1,SATURATED,160.0,A,46.0,True,30.0,0.0,241.0,,,,,,,,,,,,,,,,,,,,,,,,,,,,
TSK-TRK-0348,TRK-0348,ENGINEERING_TRACK,GZB,DER,29.58,30.65,DN,"Track maintenance (POOR TGI 48.8, USFD: CLEAR)",TAMPING,True,False,,0.3401,34.0,MEDIUM,170,203,45.3,60kg 90UTS,16.0,464.6,58.2,72.6,68.1,38.4,48.75,POOR,CLEAR,0.0,38.8,23.3,40.0,SAFE_RANGE,True,1.7,FOULED,130.0,A,220.0,False,0.0,0.0,204.0,,,,,,,,,,,,,,,,,,,,,,,,,,,,
TSK-SIG-0293,SIG-0293,SIGNAL_AND_TELECOM,FZD,FZD,226.72,226.82,DN,"Signal maintenance (EI_SYSTEM at FZD, Tier: LOW)",NONE,False,False,,0.4772,47.7,MEDIUM,166,150,45.3,,,,,,,,,,,,,,,,,,,,,76.0,,,0.0,365.0,,,,,,,,,,,,,,,EI_SYSTEM,FZD,226.72,0.0,0.0,15.0,0.0,0.0,5.0,18.0,2.0,90.3,134.0,100.0
TSK-TRK-0697,TRK-0697,ENGINEERING_TRACK,FZD,ETW,298.48,300.25,DN,"Track maintenance (AVERAGE TGI 68.6, USFD: CLEAR)",TAMPING,True,False,,0.0351,3.5,LOW,237,182,45.0,60kg 90UTS,2.0,49.5,83.7,88.9,91.6,56.3,68.57,AVERAGE,CLEAR,0.0,45.3,30.6,40.0,SAFE_RANGE,True,110.1,SATURATED,160.0,A,352.0,True,75.0,0.0,250.0,,,,,,,,,,,,,,,,,,,,,,,,,,,,
TSK-TRK-0151,TRK-0151,ENGINEERING_TRACK,FZD,ETW,251.09,251.87,DN,"Track maintenance (AVERAGE TGI 50.3, USFD: CLEAR)",BCM,True,False,,0.0447,4.5,LOW,245,228,44.8,60kg 90UTS,12.0,401.8,48.5,62.1,66.5,46.3,50.34,AVERAGE,CLEAR,0.0,47.9,31.5,40.0,SAFE_RANGE,True,130.9,SATURATED,160.0,A,45.0,True,75.0,0.0,241.0,,,,,,,,,,,,,,,,,,,,,,,,,,,,
TSK-SIG-0362,SIG-0362,SIGNAL_AND_TELECOM,PHD,PHD,357.21,357.31,UP,"Signal maintenance (AXLE_COUNTER at PHD, Tier: HIGH)",NONE,False,True,,0.4212,42.1,MEDIUM,145,150,44.8,,,,,,,,,,,,,,,,,,,,,319.0,,,1.0,16.0,,,,,,,,,,,,,,,AXLE_COUNTER,PHD,357.21,0.0,0.0,15.0,0.0,0.0,5.0,18.0,0.0,74.6,679.0,45.0
TSK-SIG-0080,SIG-0080,SIGNAL_AND_TELECOM,CNB,CNB,439.8,439.9,YARD,"Signal maintenance (AXLE_COUNTER at CNB, Tier: HIGH)",NONE,False,True,,0.4212,42.1,MEDIUM,145,150,44.8,,,,,,,,,,,,,,,,,,,,,319.0,,,1.0,16.0,,,,,,,,,,,,,,,AXLE_COUNTER,CNB,439.8,0.0,0.0,15.0,0.0,0.0,5.0,20.0,0.0,81.3,658.0,45.0
TSK-TRK-0394,TRK-0394,ENGINEERING_TRACK,KRJ,ALJN,87.7,89.13,UP,"Track maintenance (AVERAGE TGI 64.8, USFD: CLEAR)",TAMPING,True,False,,0.014,1.4,LOW,231,185,44.7,60kg 90UTS,11.0,271.9,67.7,84.9,77.4,58.4,64.81,AVERAGE,CLEAR,0.0,41.8,26.5,40.0,SAFE_RANGE,True,124.8,SATURATED,130.0,A,83.0,True,60.0,0.0,234.0,,,,,,,,,,,,,,,,,,,,,,,,,,,,
TSK-SIG-0356,SIG-0356,SIGNAL_AND_TELECOM,CNB,CNB,439.04,439.14,DN,"Signal maintenance (TRACK_CIRCUIT at CNB, Tier: LOW)",NONE,False,False,,0.4772,47.7,MEDIUM,177,150,44.6,,,,,,,,,,,,,,,,,,,,,71.0,,,0.0,352.0,,,,,,,,,,,,,,,TRACK_CIRCUIT,CNB,439.04,0.0,0.0,15.0,0.0,5.47,5.78,9.0,0.0,78.2,492.0,96.45
TSK-SIG-0399,SIG-0399,SIGNAL_AND_TELECOM,ALJN,ALJN,130.28,130.38,UP,"Signal maintenance (EI_SYSTEM at ALJN, Tier: LOW)",NONE,False,False,,0.4772,47.7,MEDIUM,177,150,44.6,,,,,,,,,,,,,,,,,,,,,71.0,,,0.0,257.0,,,,,,,,,,,,,,,EI_SYSTEM,ALJN,130.28,0.0,0.0,15.0,0.0,0.0,5.0,14.0,8.0,80.1,231.0,70.0
TSK-SIG-0068,SIG-0068,SIGNAL_AND_TELECOM,TDL,TDL,209.27,209.37,DN,"Signal maintenance (TRACK_CIRCUIT at TDL, Tier: LOW)",NONE,False,False,,0.4772,47.7,MEDIUM,178,150,44.5,,,,,,,,,,,,,,,,,,,,,78.0,,,0.0,350.0,,,,,,,,,,,,,,,TRACK_CIRCUIT,TDL,209.27,0.0,0.0,15.0,0.0,2.79,4.8,11.0,0.0,96.2,42.0,96.1
TSK-TRK-0660,TRK-0660,ENGINEERING_TRACK,ALJN,TDL,154.17,156.07,UP,"Track maintenance (AVERAGE TGI 69.8, USFD: CLEAR)",MANUAL,False,False,,0.0076,0.8,LOW,232,172,44.4,60kg 90UTS,10.0,192.1,71.5,78.1,61.3,69.2,69.76,AVERAGE,CLEAR,0.0,58.4,41.1,40.0,MODERATE_HEAT_EXPANSION,True,113.6,SATURATED,160.0,A,334.0,True,75.0,0.0,254.0,,,,,,,,,,,,,,,,,,,,,,,,,,,,
TSK-TRK-0758,TRK-0758,ENGINEERING_TRACK,TDL,FZD,213.98,215.81,UP,"Track maintenance (AVERAGE TGI 66.2, USFD: OBS)",TAMPING,True,False,,0.0088,0.9,LOW,233,183,44.3,52kg 72UTS,5.0,122.0,64.2,75.9,67.7,65.0,66.2,AVERAGE,OBS,1.0,46.0,33.7,40.0,SAFE_RANGE,True,174.6,SATURATED,160.0,A,270.0,True,45.0,0.0,212.0,,,,,,,,,,,,,,,,,,,,,,,,,,,,
TSK-TRK-0237,TRK-0237,ENGINEERING_TRACK,ETW,PHD,333.02,334.32,DN,"Track maintenance (AVERAGE TGI 65.0, USFD: CLEAR)",MANUAL,False,False,,0.0424,4.2,LOW,251,176,44.3,52kg 72UTS,18.0,283.2,73.1,71.0,72.6,60.1,65.03999999999999,AVERAGE,CLEAR,0.0,58.8,43.2,40.0,MODERATE_HEAT_EXPANSION,True,146.2,SATURATED,160.0,A,309.0,True,30.0,0.0,258.0,,,,,,,,,,,,,,,,,,,,,,,,,,,,
TSK-TRK-0711,TRK-0711,ENGINEERING_TRACK,FZD,ETW,230.55,232.19,UP,"Track maintenance (AVERAGE TGI 66.7, USFD: CLEAR)",TAMPING,True,False,,0.0352,3.5,LOW,248,186,44.2,60kg 90UTS,19.0,307.0,51.8,75.2,77.5,68.4,66.67,AVERAGE,CLEAR,0.0,50.1,34.4,40.0,SAFE_RANGE,True,118.9,SATURATED,160.0,A,271.0,True,60.0,0.0,265.0,,,,,,,,,,,,,,,,,,,,,,,,,,,,
TSK-TRK-0806,TRK-0806,ENGINEERING_TRACK,NDLS,GZB,5.5,7.1,DN,"Track maintenance (AVERAGE TGI 71.2, USFD: CLEAR)",MANUAL,False,False,,0.0242,2.4,LOW,243,172,44.2,60kg 90UTS,8.0,152.9,62.4,67.1,72.3,74.6,71.17999999999999,AVERAGE,CLEAR,0.0,36.7,19.4,40.0,SAFE_RANGE,True,177.9,SATURATED,130.0,A,356.0,True,45.0,0.0,250.0,,,,,,,,,,,,,,,,,,,,,,,,,,,,
TSK-TRK-0198,TRK-0198,ENGINEERING_TRACK,ETW,PHD,306.0,307.27,UP,"Track maintenance (AVERAGE TGI 73.8, USFD: CLEAR)",TAMPING,True,False,,0.0317,3.2,LOW,248,182,44.1,60kg 90UTS,15.0,264.6,67.1,79.4,85.7,73.1,73.78999999999999,AVERAGE,CLEAR,0.0,43.3,28.8,40.0,SAFE_RANGE,True,100.6,SATURATED,160.0,A,349.0,True,60.0,0.0,251.0,,,,,,,,,,,,,,,,,,,,,,,,,,,,
TSK-TRK-0229,TRK-0229,ENGINEERING_TRACK,NDLS,GZB,7.0,8.08,UP,"Track maintenance (AVERAGE TGI 59.8, USFD: OBS)",TAMPING,True,False,,0.3376,33.8,MEDIUM,189,185,43.9,60kg 90UTS,24.0,792.5,60.1,56.3,46.8,62.5,59.83,AVERAGE,OBS,2.0,44.3,32.9,40.0,SAFE_RANGE,True,68.5,FOULED,130.0,A,76.0,False,0.0,1.0,26.0,,,,,,,,,,,,,,,,,,,,,,,,,,,,
TSK-TRK-0282,TRK-0282,ENGINEERING_TRACK,KRJ,ALJN,104.8,106.19,DN,"Track maintenance (AVERAGE TGI 55.5, USFD: OBS)",TAMPING,True,False,,0.231,23.1,LOW,136,184,43.8,60kg 90UTS,25.0,762.9,41.9,57.8,65.5,58.0,55.510000000000005,AVERAGE,OBS,5.0,49.8,37.8,40.0,SAFE_RANGE,True,1.1,GOOD,130.0,A,214.0,False,0.0,1.0,23.0,,,,,,,,,,,,,,,,,,,,,,,,,,,,
TSK-TRK-0818,TRK-0818,ENGINEERING_TRACK,GZB,DER,30.7,31.48,DN,"Track maintenance (AVERAGE TGI 75.8, USFD: CLEAR)",NONE,False,False,,0.0205,2.1,LOW,248,154,43.7,60kg 90UTS,6.0,189.6,92.4,87.4,78.1,67.9,75.77000000000001,AVERAGE,CLEAR,0.0,37.0,24.6,40.0,SAFE_RANGE,True,174.2,SATURATED,130.0,A,342.0,True,75.0,0.0,252.0,,,,,,,,,,,,,,,,,,,,,,,,,,,,
TSK-TRK-0663,TRK-0663,ENGINEERING_TRACK,DER,KRJ,37.14,37.94,DN,"Track maintenance (AVERAGE TGI 72.7, USFD: CLEAR)",TAMPING,True,False,,0.004,0.4,LOW,242,179,43.6,52kg 72UTS,11.0,291.7,68.7,53.7,71.3,77.4,72.68,AVERAGE,CLEAR,0.0,32.9,20.9,40.0,SAFE_RANGE,True,128.4,SATURATED,130.0,A,337.0,True,45.0,0.0,253.0,,,,,,,,,,,,,,,,,,,,,,,,,,,,
TSK-TRK-0531,TRK-0531,ENGINEERING_TRACK,ETW,PHD,318.07,319.54,DN,"Track maintenance (AVERAGE TGI 68.3, USFD: CLEAR)",MANUAL,False,False,,0.0282,2.8,LOW,256,173,43.5,60kg 90UTS,16.0,314.1,76.1,61.9,58.7,68.4,68.32000000000001,AVERAGE,CLEAR,0.0,40.7,23.8,40.0,SAFE_RANGE,True,111.0,SATURATED,160.0,A,191.0,True,75.0,0.0,279.0,,,,,,,,,,,,,,,,,,,,,,,,,,,,
TSK-TRK-0252,TRK-0252,ENGINEERING_TRACK,PHD,CNB,424.45,425.01,DN,"Track maintenance (AVERAGE TGI 70.5, USFD: CLEAR)",TAMPING,True,False,,0.038,3.8,LOW,260,183,43.5,52kg 72UTS,18.0,348.7,63.4,79.1,61.6,73.0,70.55,AVERAGE,CLEAR,0.0,45.0,29.1,40.0,SAFE_RANGE,True,117.7,SATURATED,130.0,A,131.0,True,60.0,0.0,289.0,,,,,,,,,,,,,,,,,,,,,,,,,,,,
TSK-SIG-0006,SIG-0006,SIGNAL_AND_TELECOM,DER,DER,36.28,36.38,UP,"Signal maintenance (TRACK_CIRCUIT at DER, Tier: LOW)",NONE,False,False,,0.4844,48.4,MEDIUM,196,150,43.5,,,,,,,,,,,,,,,,,,,,,30.0,,,0.0,359.0,,,,,,,,,,,,,,,TRACK_CIRCUIT,DER,36.28,0.0,0.0,15.0,0.0,5.14,6.12,2.0,0.0,89.5,456.0,98.5
TSK-TRK-0011,TRK-0011,ENGINEERING_TRACK,DER,KRJ,72.64,73.77,UP,"Track maintenance (AVERAGE TGI 63.9, USFD: CLEAR)",MANUAL,False,False,,0.0139,1.4,LOW,249,171,43.4,60kg 90UTS,13.0,294.2,64.7,79.4,75.7,59.0,63.85,AVERAGE,CLEAR,0.0,58.1,43.9,40.0,MODERATE_HEAT_EXPANSION,True,174.8,SATURATED,130.0,A,10.0,True,30.0,0.0,247.0,,,,,,,,,,,,,,,,,,,,,,,,,,,,
TSK-TRK-0815,TRK-0815,ENGINEERING_TRACK,ALJN,TDL,190.39,192.02,DN,"Track maintenance (POOR TGI 46.5, USFD: CLEAR)",TAMPING,True,False,,0.2583,25.8,MEDIUM,155,202,43.4,52kg 72UTS,17.0,496.1,50.2,32.5,49.4,47.1,46.49,POOR,CLEAR,0.0,47.4,34.5,40.0,SAFE_RANGE,True,10.4,GOOD,160.0,A,202.0,False,0.0,0.0,207.0,,,,,,,,,,,,,,,,,,,,,,,,,,,,
TSK-TRK-0315,TRK-0315,ENGINEERING_TRACK,DER,KRJ,57.06,57.95,DN,"Track maintenance (AVERAGE TGI 77.2, USFD: CLEAR)",NONE,False,False,,0.0185,1.8,LOW,253,153,43.3,60kg 90UTS,9.0,175.7,68.8,91.4,82.4,76.7,77.16,AVERAGE,CLEAR,0.0,35.5,25.0,40.0,SAFE_RANGE,True,135.4,SATURATED,130.0,A,346.0,True,30.0,0.0,251.0,,,,,,,,,,,,,,,,,,,,,,,,,,,,
TSK-TRK-0847,TRK-0847,ENGINEERING_TRACK,ETW,PHD,336.28,338.14,UP,"Track maintenance (GOOD TGI 82.2, USFD: CLEAR)",NONE,False,False,,0.0115,1.2,LOW,249,154,43.3,60kg 90UTS,1.0,26.7,84.0,99.5,73.0,80.2,82.17,GOOD,CLEAR,0.0,57.5,43.7,40.0,MODERATE_HEAT_EXPANSION,True,124.9,SATURATED,160.0,A,53.0,True,45.0,0.0,303.0,,,,,,,,,,,,,,,,,,,,,,,,,,,,
TSK-TRK-0326,TRK-0326,ENGINEERING_TRACK,ETW,PHD,342.77,344.57,UP,"Track maintenance (AVERAGE TGI 51.2, USFD: OBS)",TAMPING,True,False,,0.2473,24.7,LOW,151,203,43.3,60kg 90UTS,17.0,524.1,54.0,68.9,62.0,45.6,51.25,AVERAGE,OBS,1.0,40.2,26.1,40.0,SAFE_RANGE,True,24.4,GOOD,160.0,A,273.0,False,0.0,0.0,201.0,,,,,,,,,,,,,,,,,,,,,,,,,,,,
TSK-TRK-0213,TRK-0213,ENGINEERING_TRACK,NDLS,GZB,6.26,8.16,DN,"Track maintenance (AVERAGE TGI 72.7, USFD: CLEAR)",MANUAL,False,False,,0.0223,2.2,LOW,255,169,43.3,60kg 90UTS,10.0,180.5,79.0,89.7,69.5,68.3,72.7,AVERAGE,CLEAR,0.0,39.6,26.6,40.0,SAFE_RANGE,True,150.0,SATURATED,130.0,A,260.0,True,60.0,0.0,267.0,,,,,,,,,,,,,,,,,,,,,,,,,,,,
TSK-TRK-0376,TRK-0376,ENGINEERING_TRACK,TDL,FZD,224.45,225.03,DN,"Track maintenance (AVERAGE TGI 71.2, USFD: CLEAR)",TAMPING,True,False,,0.0094,0.9,LOW,252,172,43.1,60kg 90UTS,7.0,191.9,100.0,88.3,68.0,59.3,71.21,AVERAGE,CLEAR,0.0,55.3,38.3,40.0,MODERATE_HEAT_EXPANSION,True,149.4,SATURATED,160.0,A,329.0,True,60.0,0.0,254.0,,,,,,,,,,,,,,,,,,,,,,,,,,,,
TSK-TRK-0122,TRK-0122,ENGINEERING_TRACK,TDL,FZD,218.21,219.57,DN,"Track maintenance (AVERAGE TGI 75.6, USFD: OBS)",NONE,False,False,,0.0062,0.6,LOW,250,155,43.1,52kg 72UTS,10.0,173.0,81.7,78.4,83.5,71.8,75.60999999999999,AVERAGE,OBS,1.0,31.1,18.5,40.0,SAFE_RANGE,True,144.2,SATURATED,160.0,A,321.0,True,75.0,0.0,203.0,,,,,,,,,,,,,,,,,,,,,,,,,,,,
TSK-TRK-0069,TRK-0069,ENGINEERING_TRACK,NDLS,GZB,3.64,5.36,DN,"Track maintenance (AVERAGE TGI 79.5, USFD: CLEAR)",NONE,False,False,,0.0056,0.6,LOW,250,156,43.1,60kg 90UTS,3.0,104.6,94.3,67.6,70.3,78.1,79.50999999999999,AVERAGE,CLEAR,0.0,37.2,21.1,40.0,SAFE_RANGE,True,109.1,SATURATED,130.0,A,321.0,True,45.0,0.0,256.0,,,,,,,,,,,,,,,,,,,,,,,,,,,,
TSK-TRK-0062,TRK-0062,ENGINEERING_TRACK,PHD,CNB,357.83,359.75,UP,"Track maintenance (AVERAGE TGI 79.2, USFD: OBS)",NONE,False,False,,0.0043,0.4,LOW,250,156,43.0,60kg 90UTS,8.0,235.2,81.1,68.4,62.6,83.1,79.17999999999999,AVERAGE,OBS,1.0,46.8,30.7,40.0,SAFE_RANGE,True,124.3,SATURATED,130.0,A,335.0,True,75.0,0.0,201.0,,,,,,,,,,,,,,,,,,,,,,,,,,,,
TSK-TRK-0459,TRK-0459,ENGINEERING_TRACK,DER,KRJ,53.71,54.34,UP,"Track maintenance (AVERAGE TGI 71.8, USFD: CLEAR)",MANUAL,False,False,,0.0129,1.3,LOW,255,161,43.0,60kg 90UTS,16.0,269.2,55.1,68.0,75.5,77.3,71.75,AVERAGE,CLEAR,0.0,51.5,34.1,40.0,SAFE_RANGE,True,179.5,SATURATED,130.0,A,325.0,True,30.0,0.0,255.0,,,,,,,,,,,,,,,,,,,,,,,,,,,,
TSK-TRK-0633,TRK-0633,ENGINEERING_TRACK,GZB,DER,27.56,28.7,DN,"Track maintenance (AVERAGE TGI 71.2, USFD: CLEAR)",TAMPING,True,False,,0.0075,0.8,LOW,254,173,42.9,52kg 72UTS,9.0,272.7,66.8,82.5,63.1,72.1,71.17999999999999,AVERAGE,CLEAR,0.0,52.6,37.9,40.0,SAFE_RANGE,True,136.1,SATURATED,130.0,A,334.0,True,75.0,0.0,254.0,,,,,,,,,,,,,,,,,,,,,,,,,,,,
TSK-TRK-0786,TRK-0786,ENGINEERING_TRACK,ALJN,TDL,176.24,177.49,DN,"Track maintenance (AVERAGE TGI 79.0, USFD: CLEAR)",NONE,False,False,,0.0083,0.8,LOW,254,154,42.9,60kg 90UTS,9.0,171.3,73.3,91.7,77.6,79.1,79.05,AVERAGE,CLEAR,0.0,57.4,43.8,40.0,MODERATE_HEAT_EXPANSION,True,148.4,SATURATED,160.0,A,314.0,True,45.0,0.0,257.0,,,,,,,,,,,,,,,,,,,,,,,,,,,,
TSK-TRK-0316,TRK-0316,ENGINEERING_TRACK,GZB,DER,32.35,34.06,DN,"Track maintenance (AVERAGE TGI 56.1, USFD: CLEAR)",TAMPING,True,False,,0.2193,21.9,LOW,143,182,42.9,60kg 90UTS,25.0,669.9,42.3,53.7,62.8,60.0,56.11,AVERAGE,CLEAR,0.0,49.1,32.4,40.0,SAFE_RANGE,True,147.3,GOOD,130.0,A,219.0,False,0.0,0.0,193.0,,,,,,,,,,,,,,,,,,,,,,,,,,,,
TSK-TRK-0082,TRK-0082,ENGINEERING_TRACK,ETW,PHD,331.32,332.4,UP,"Track maintenance (AVERAGE TGI 79.2, USFD: CLEAR)",NONE,False,False,,0.0192,1.9,LOW,261,154,42.8,52kg 72UTS,3.0,61.6,83.3,86.8,80.6,76.4,79.24000000000001,AVERAGE,CLEAR,0.0,51.8,38.5,40.0,SAFE_RANGE,True,168.2,SATURATED,160.0,A,264.0,True,60.0,0.0,266.0,,,,,,,,,,,,,,,,,,,,,,,,,,,,
TSK-TRK-0782,TRK-0782,ENGINEERING_TRACK,TDL,FZD,218.11,219.29,DN,"Track maintenance (AVERAGE TGI 75.1, USFD: CLEAR)",NONE,False,False,,0.0056,0.6,LOW,254,155,42.8,60kg 90UTS,3.0,55.3,84.2,79.4,82.7,70.1,75.10999999999999,AVERAGE,CLEAR,0.0,46.9,35.5,40.0,SAFE_RANGE,True,148.8,SATURATED,160.0,A,313.0,True,75.0,0.0,257.0,,,,,,,,,,,,,,,,,,,,,,,,,,,,
TSK-TRK-0362,TRK-0362,ENGINEERING_TRACK,ETW,PHD,318.38,320.35,UP,"Track maintenance (AVERAGE TGI 76.8, USFD: CLEAR)",NONE,False,False,,0.0056,0.6,LOW,254,155,42.8,52kg 72UTS,4.0,92.3,71.6,83.9,80.2,76.8,76.80999999999999,AVERAGE,CLEAR,0.0,33.3,18.9,40.0,SAFE_RANGE,True,148.7,SATURATED,160.0,A,314.0,True,60.0,0.0,257.0,,,,,,,,,,,,,,,,,,,,,,,,,,,,
TSK-TRK-0642,TRK-0642,ENGINEERING_TRACK,TDL,FZD,215.09,216.23,DN,"Track maintenance (AVERAGE TGI 69.7, USFD: CLEAR)",TAMPING,True,False,,0.0103,1.0,LOW,257,177,42.8,60kg 90UTS,14.0,308.4,59.9,70.3,84.1,70.5,69.72,AVERAGE,CLEAR,0.0,47.2,35.2,40.0,SAFE_RANGE,True,116.7,SATURATED,160.0,A,308.0,True,30.0,0.0,258.0,,,,,,,,,,,,,,,,,,,,,,,,,,,,
TSK-TRK-0139,TRK-0139,ENGINEERING_TRACK,DER,KRJ,73.76,75.46,UP,"Track maintenance (AVERAGE TGI 77.7, USFD: CLEAR)",NONE,False,False,,0.0088,0.9,LOW,256,156,42.8,60kg 90UTS,9.0,144.4,90.3,81.0,83.7,71.9,77.67,AVERAGE,CLEAR,0.0,43.5,30.5,40.0,SAFE_RANGE,True,168.2,SATURATED,130.0,A,269.0,True,30.0,0.0,265.0,,,,,,,,,,,,,,,,,,,,,,,,,,,,
TSK-TRK-0616,TRK-0616,ENGINEERING_TRACK,DER,KRJ,51.39,53.21,UP,"Track maintenance (AVERAGE TGI 65.2, USFD: CLEAR)",TAMPING,True,False,,0.0317,3.2,LOW,268,178,42.8,60kg 90UTS,12.0,219.2,81.8,66.3,89.7,55.4,65.2,AVERAGE,CLEAR,0.0,38.5,25.1,40.0,SAFE_RANGE,True,164.2,SATURATED,130.0,A,187.0,True,30.0,0.0,279.0,,,,,,,,,,,,,,,,,,,,,,,,,,,,
TSK-TRK-0586,TRK-0586,ENGINEERING_TRACK,ETW,PHD,326.22,326.98,DN,"Track maintenance (AVERAGE TGI 70.5, USFD: CLEAR)",TAMPING,True,False,,0.0053,0.5,LOW,255,174,42.7,60kg 90UTS,8.0,261.8,84.2,62.0,87.6,64.5,70.5,AVERAGE,CLEAR,0.0,50.0,33.7,40.0,SAFE_RANGE,True,114.8,SATURATED,160.0,A,318.0,True,45.0,0.0,256.0,,,,,,,,,,,,,,,,,,,,,,,,,,,,
TSK-TRK-0285,TRK-0285,ENGINEERING_TRACK,PHD,CNB,390.87,392.71,DN,"Track maintenance (AVERAGE TGI 68.2, USFD: CLEAR)",TAMPING,True,False,,0.0566,5.7,LOW,282,189,42.7,60kg 90UTS,24.0,400.8,57.4,58.9,64.5,73.9,68.16,AVERAGE,CLEAR,0.0,31.6,20.5,40.0,SAFE_RANGE,True,147.6,SATURATED,130.0,A,43.0,True,30.0,0.0,304.0,,,,,,,,,,,,,,,,,,,,,,,,,,,,
TSK-TRK-0220,TRK-0220,ENGINEERING_TRACK,GZB,DER,29.46,30.53,DN,"Track maintenance (GOOD TGI 86.4, USFD: CLEAR)",NONE,False,False,,0.0056,0.6,LOW,255,151,42.7,60kg 90UTS,2.0,55.5,100.0,95.2,71.6,82.9,86.42,GOOD,CLEAR,0.0,47.0,36.3,40.0,SAFE_RANGE,True,152.2,SATURATED,130.0,A,335.0,True,60.0,0.0,253.0,,,,,,,,,,,,,,,,,,,,,,,,,,,,
TSK-TRK-0538,TRK-0538,ENGINEERING_TRACK,DER,KRJ,66.74,67.92,DN,"Track maintenance (AVERAGE TGI 72.2, USFD: CLEAR)",TAMPING,True,False,,0.0192,1.9,LOW,262,183,42.7,60kg 90UTS,13.0,355.0,74.7,77.3,68.4,71.1,72.17,AVERAGE,CLEAR,0.0,41.2,29.6,40.0,SAFE_RANGE,True,157.9,SATURATED,130.0,A,158.0,True,60.0,0.0,284.0,,,,,,,,,,,,,,,,,,,,,,,,,,,,
TSK-TRK-0591,TRK-0591,ENGINEERING_TRACK,ETW,PHD,326.51,327.22,DN,"Track maintenance (GOOD TGI 83.1, USFD: CLEAR)",NONE,False,False,,0.0052,0.5,LOW,255,150,42.7,60kg 90UTS,6.0,184.8,82.8,70.8,66.1,88.1,83.10999999999999,GOOD,CLEAR,0.0,41.3,27.6,40.0,SAFE_RANGE,True,114.0,SATURATED,160.0,A,326.0,True,30.0,0.0,255.0,,,,,,,,,,,,,,,,,,,,,,,,,,,,
TSK-TRK-0549,TRK-0549,ENGINEERING_TRACK,ALJN,TDL,135.73,136.94,UP,"Track maintenance (AVERAGE TGI 67.1, USFD: CLEAR)",MANUAL,False,False,,0.0392,3.9,LOW,273,172,42.7,60kg 90UTS,19.0,304.6,76.7,76.5,78.8,60.4,67.10999999999999,AVERAGE,CLEAR,0.0,60.2,43.7,40.0,HIGH_BUCKLING_RISK,False,112.4,SATURATED,160.0,A,151.0,True,75.0,0.0,286.0,,,,,,,,,,,,,,,,,,,,,,,,,,,,
TSK-TRK-0442,TRK-0442,ENGINEERING_TRACK,ALJN,TDL,203.41,204.96,UP,"Track maintenance (GOOD TGI 81.9, USFD: CLEAR)",NONE,False,False,,0.006,0.6,LOW,257,153,42.6,60kg 90UTS,7.0,128.4,84.7,88.0,89.4,78.7,81.9,GOOD,CLEAR,0.0,31.2,20.7,40.0,SAFE_RANGE,True,158.2,SATURATED,160.0,A,285.0,True,30.0,0.0,262.0,,,,,,,,,,,,,,,,,,,,,,,,,,,,
TSK-TRK-0185,TRK-0185,ENGINEERING_TRACK,ALJN,TDL,202.84,204.38,UP,"Track maintenance (AVERAGE TGI 67.3, USFD: CLEAR)",TAMPING,True,False,,0.0065,0.6,LOW,258,182,42.6,60kg 90UTS,4.0,109.3,62.3,83.8,95.3,61.5,67.27000000000001,AVERAGE,CLEAR,0.0,45.2,33.3,40.0,SAFE_RANGE,True,120.6,SATURATED,160.0,A,276.0,True,45.0,0.0,264.0,,,,,,,,,,,,,,,,,,,,,,,,,,,,
TSK-TRK-0745,TRK-0745,ENGINEERING_TRACK,TDL,FZD,209.59,210.83,UP,"Track maintenance (GOOD TGI 88.0, USFD: CLEAR)",NONE,False,False,,0.0083,0.8,LOW,259,152,42.6,60kg 90UTS,1.0,18.9,87.6,64.6,79.3,93.5,88.00999999999999,GOOD,CLEAR,0.0,52.5,39.3,40.0,SAFE_RANGE,True,156.6,SATURATED,160.0,A,296.0,True,75.0,0.0,260.0,,,,,,,,,,,,,,,,,,,,,,,,,,,,
TSK-TRK-0107,TRK-0107,ENGINEERING_TRACK,TDL,FZD,209.25,210.15,UP,"Track maintenance (AVERAGE TGI 51.7, USFD: CLEAR)",CSM,True,False,,0.2138,21.4,LOW,144,201,42.6,52kg 72UTS,24.0,562.1,43.9,64.0,48.6,52.8,51.71999999999999,AVERAGE,CLEAR,0.0,31.5,21.0,40.0,SAFE_RANGE,True,80.7,FOULED,160.0,A,190.0,False,0.0,0.0,198.0,,,,,,,,,,,,,,,,,,,,,,,,,,,,
TSK-TRK-0238,TRK-0238,ENGINEERING_TRACK,GZB,DER,33.46,34.95,DN,"Track maintenance (GOOD TGI 86.9, USFD: OBS)",NONE,False,False,,0.0045,0.5,LOW,258,152,42.5,60kg 90UTS,6.0,167.6,62.7,83.1,69.6,98.4,86.85000000000001,GOOD,OBS,1.0,37.1,19.2,40.0,SAFE_RANGE,True,121.9,SATURATED,130.0,A,209.0,True,60.0,0.0,223.0,,,,,,,,,,,,,,,,,,,,,,,,,,,,
TSK-TRK-0429,TRK-0429,ENGINEERING_TRACK,KRJ,ALJN,122.31,123.34,UP,"Track maintenance (GOOD TGI 80.0, USFD: CLEAR)",NONE,False,False,,0.0055,0.5,LOW,259,154,42.5,60kg 90UTS,4.0,133.6,70.8,84.4,73.4,83.5,80.03999999999999,GOOD,CLEAR,0.0,50.9,35.6,40.0,SAFE_RANGE,True,110.5,SATURATED,130.0,A,282.0,True,30.0,0.0,263.0,,,,,,,,,,,,,,,,,,,,,,,,,,,,
TSK-TRK-0165,TRK-0165,ENGINEERING_TRACK,GZB,DER,30.53,31.28,UP,"Track maintenance (GOOD TGI 81.8, USFD: CLEAR)",NONE,False,False,,0.008,0.8,LOW,259,151,42.5,60kg 90UTS,6.0,169.0,65.3,82.5,86.9,86.4,81.84,GOOD,CLEAR,0.0,51.5,36.7,40.0,SAFE_RANGE,True,151.7,SATURATED,130.0,A,293.0,True,30.0,0.0,261.0,,,,,,,,,,,,,,,,,,,,,,,,,,,,
TSK-TRK-0703,TRK-0703,ENGINEERING_TRACK,TDL,FZD,219.83,220.59,UP,"Track maintenance (GOOD TGI 87.0, USFD: CLEAR)",NONE,False,False,,0.0137,1.4,LOW,262,151,42.5,60kg 90UTS,3.0,65.3,79.7,99.4,90.1,86.9,87.03,GOOD,CLEAR,0.0,32.8,21.0,40.0,SAFE_RANGE,True,101.2,SATURATED,160.0,A,254.0,True,60.0,0.0,268.0,,,,,,,,,,,,,,,,,,,,,,,,,,,,
TSK-TRK-0435,TRK-0435,ENGINEERING_TRACK,DER,KRJ,73.0,74.61,DN,"Track maintenance (GOOD TGI 80.8, USFD: CLEAR)",NONE,False,False,,0.0093,0.9,LOW,261,154,42.4,60kg 90UTS,1.0,18.5,86.3,77.9,82.4,79.2,80.81,GOOD,CLEAR,0.0,49.0,31.0,40.0,SAFE_RANGE,True,152.9,SATURATED,130.0,A,269.0,True,60.0,0.0,265.0,,,,,,,,,,,,,,,,,,,,,,,,,,,,
TSK-TRK-0031,TRK-0031,ENGINEERING_TRACK,ALJN,TDL,143.44,144.6,DN,"Track maintenance (AVERAGE TGI 69.5, USFD: CLEAR)",MANUAL,False,False,,0.0121,1.2,LOW,264,168,42.3,52kg 72UTS,18.0,273.5,58.3,55.5,70.5,75.4,69.5,AVERAGE,CLEAR,0.0,37.1,20.0,40.0,SAFE_RANGE,True,162.7,SATURATED,160.0,A,284.0,True,30.0,0.0,262.0,,,,,,,,,,,,,,,,,,,,,,,,,,,,
TSK-TRK-0590,TRK-0590,ENGINEERING_TRACK,KRJ,ALJN,89.24,90.18,UP,"Track maintenance (GOOD TGI 89.7, USFD: CLEAR)",NONE,False,False,,0.006,0.6,LOW,261,151,42.3,60kg 90UTS,1.0,24.6,92.2,94.1,89.0,88.2,89.67,GOOD,CLEAR,0.0,41.5,25.9,40.0,SAFE_RANGE,True,154.4,SATURATED,130.0,A,303.0,True,30.0,0.0,259.0,,,,,,,,,,,,,,,,,,,,,,,,,,,,
TSK-TRK-0214,TRK-0214,ENGINEERING_TRACK,ALJN,TDL,189.78,191.01,DN,"Track maintenance (AVERAGE TGI 78.6, USFD: CLEAR)",NONE,False,False,,0.0087,0.9,LOW,264,155,42.2,60kg 90UTS,15.0,275.5,60.8,70.9,85.6,84.7,78.63000000000001,AVERAGE,CLEAR,0.0,50.1,38.7,40.0,SAFE_RANGE,True,129.7,SATURATED,160.0,A,255.0,True,45.0,0.0,267.0,,,,,,,,,,,,,,,,,,,,,,,,,,,,
TSK-TRK-0332,TRK-0332,ENGINEERING_TRACK,FZD,ETW,292.27,294.05,DN,"Track maintenance (AVERAGE TGI 77.9, USFD: CLEAR)",NONE,False,False,,0.0047,0.5,LOW,263,159,42.2,60kg 90UTS,9.0,174.3,77.6,77.2,74.7,78.7,77.92999999999999,AVERAGE,CLEAR,0.0,40.1,25.9,40.0,SAFE_RANGE,True,112.2,SATURATED,160.0,A,304.0,True,30.0,0.0,259.0,,,,,,,,,,,,,,,,,,,,,,,,,,,,
TSK-TRK-0830,TRK-0830,ENGINEERING_TRACK,ALJN,TDL,177.75,179.32,UP,"Track maintenance (GOOD TGI 86.8, USFD: CLEAR)",NONE,False,False,,0.0063,0.6,LOW,265,153,42.1,60kg 90UTS,5.0,124.8,74.5,73.6,85.4,93.4,86.84,GOOD,CLEAR,0.0,37.0,20.3,40.0,SAFE_RANGE,True,179.3,SATURATED,160.0,A,244.0,True,45.0,0.0,269.0,,,,,,,,,,,,,,,,,,,,,,,,,,,,
TSK-TRK-0582,TRK-0582,ENGINEERING_TRACK,NDLS,GZB,2.51,3.09,UP,"Track maintenance (AVERAGE TGI 66.5, USFD: CLEAR)",MANUAL,False,False,,0.0102,1.0,LOW,268,170,42.0,52kg 72UTS,6.0,184.3,78.9,91.4,77.3,56.4,66.49,AVERAGE,CLEAR,0.0,41.5,30.6,40.0,SAFE_RANGE,True,161.1,SATURATED,130.0,A,232.0,True,60.0,0.0,271.0,,,,,,,,,,,,,,,,,,,,,,,,,,,,
TSK-SIG-0208,SIG-0208,SIGNAL_AND_TELECOM,ETW,ETW,300.28,300.38,YARD,"Signal maintenance (TRACK_CIRCUIT at ETW, Tier: HIGH)",NONE,False,True,,0.412,41.2,MEDIUM,182,150,42.0,,,,,,,,,,,,,,,,,,,,,329.0,,,1.0,14.0,,,,,,,,,,,,,,,TRACK_CIRCUIT,ETW,300.28,0.0,0.0,15.0,0.0,3.6,1.23,9.0,0.0,74.5,512.0,38.55
TSK-SIG-0021,SIG-0021,SIGNAL_AND_TELECOM,NDLS,NDLS,0.0,0.1,DN,"Signal maintenance (TRACK_CIRCUIT at NDLS, Tier: LOW)",NONE,False,False,,0.412,41.2,MEDIUM,182,150,42.0,,,,,,,,,,,,,,,,,,,,,330.0,,,0.0,305.0,,,,,,,,,,,,,,,TRACK_CIRCUIT,NDLS,0.0,0.0,0.0,15.0,0.0,5.29,5.74,13.0,0.0,81.1,657.0,83.5
TSK-SIG-0327,SIG-0327,SIGNAL_AND_TELECOM,PHD,PHD,356.04,356.14,DN,"Signal maintenance (TRACK_CIRCUIT at PHD, Tier: HIGH)",NONE,False,True,,0.412,41.2,MEDIUM,182,150,42.0,,,,,,,,,,,,,,,,,,,,,329.0,,,1.0,14.0,,,,,,,,,,,,,,,TRACK_CIRCUIT,PHD,356.04,0.0,0.0,15.0,0.0,2.54,1.29,15.0,0.0,83.7,382.0,38.55
TSK-SIG-0139,SIG-0139,SIGNAL_AND_TELECOM,CNB,CNB,440.0,440.1,DN,"Signal maintenance (AXLE_COUNTER at CNB, Tier: HIGH)",NONE,False,True,,0.3808,38.1,MEDIUM,166,150,42.0,,,,,,,,,,,,,,,,,,,,,311.0,,,1.0,16.0,,,,,,,,,,,,,,,AXLE_COUNTER,CNB,440.0,0.0,0.0,15.0,0.0,0.0,5.0,16.0,0.0,98.4,540.0,45.0
TSK-TRK-0443,TRK-0443,ENGINEERING_TRACK,NDLS,GZB,18.5,19.79,UP,"Track maintenance (GOOD TGI 80.1, USFD: OBS)",NONE,False,False,,0.0061,0.6,LOW,266,154,42.0,60kg 90UTS,4.0,81.0,70.1,100.0,92.7,78.0,80.09,GOOD,OBS,1.0,37.2,22.0,40.0,SAFE_RANGE,True,159.4,SATURATED,130.0,A,163.0,True,45.0,0.0,231.0,,,,,,,,,,,,,,,,,,,,,,,,,,,,
TSK-TRK-0327,TRK-0327,ENGINEERING_TRACK,NDLS,GZB,4.17,5.98,UP,"Track maintenance (AVERAGE TGI 73.5, USFD: OBS)",TAMPING,True,False,,0.0044,0.4,LOW,266,181,41.9,60kg 90UTS,2.0,40.0,88.7,83.1,85.6,64.8,73.49,AVERAGE,OBS,1.0,47.2,29.9,40.0,SAFE_RANGE,True,126.8,SATURATED,130.0,A,145.0,True,60.0,0.0,234.0,,,,,,,,,,,,,,,,,,,,,,,,,,,,
TSK-TRK-0423,TRK-0423,ENGINEERING_TRACK,PHD,CNB,432.03,433.05,DN,"Track maintenance (AVERAGE TGI 73.5, USFD: OBS)",TAMPING,True,False,,0.0075,0.8,LOW,271,175,41.7,60kg 90UTS,8.0,217.0,66.4,82.3,87.1,72.2,73.54,AVERAGE,OBS,1.0,40.5,23.1,40.0,SAFE_RANGE,True,103.5,SATURATED,130.0,A,138.0,True,45.0,0.0,235.0,,,,,,,,,,,,,,,,,,,,,,,,,,,,
TSK-TRK-0272,TRK-0272,ENGINEERING_TRACK,GZB,DER,32.05,33.36,UP,"Track maintenance (AVERAGE TGI 76.8, USFD: OBS)",NONE,False,False,,0.0059,0.6,LOW,270,155,41.7,52kg 72UTS,9.0,150.0,82.7,93.8,88.6,70.1,76.83999999999999,AVERAGE,OBS,1.0,37.5,20.1,40.0,SAFE_RANGE,True,175.4,SATURATED,130.0,A,84.0,True,60.0,0.0,245.0,,,,,,,,,,,,,,,,,,,,,,,,,,,,
TSK-TRK-0249,TRK-0249,ENGINEERING_TRACK,NDLS,GZB,20.77,22.7,DN,"Track maintenance (GOOD TGI 80.3, USFD: CLEAR)",NONE,False,False,,0.0048,0.5,LOW,269,154,41.7,60kg 90UTS,5.0,94.5,71.3,84.1,86.0,81.8,80.35,GOOD,CLEAR,0.0,42.5,28.0,40.0,SAFE_RANGE,True,117.6,SATURATED,130.0,A,214.0,True,75.0,0.0,275.0,,,,,,,,,,,,,,,,,,,,,,,,,,,,
TSK-TRK-0821,TRK-0821,ENGINEERING_TRACK,ALJN,TDL,187.44,188.2,DN,"Track maintenance (AVERAGE TGI 76.1, USFD: CLEAR)",NONE,False,False,,0.0065,0.6,LOW,271,154,41.7,60kg 90UTS,6.0,174.5,74.2,71.1,75.6,77.6,76.07000000000001,AVERAGE,CLEAR,0.0,34.6,23.1,40.0,SAFE_RANGE,True,170.7,SATURATED,160.0,A,235.0,True,45.0,0.0,271.0,,,,,,,,,,,,,,,,,,,,,,,,,,,,
TSK-TRK-0452,TRK-0452,ENGINEERING_TRACK,DER,KRJ,80.75,81.67,UP,"Track maintenance (AVERAGE TGI 51.3, USFD: CLEAR)",BCM,True,False,,0.2242,22.4,LOW,164,228,41.6,60kg 90UTS,23.0,546.7,35.7,39.4,53.4,58.1,51.28000000000001,AVERAGE,CLEAR,0.0,28.9,18.2,40.0,SAFE_RANGE,True,2.7,GOOD,130.0,A,116.0,False,0.0,0.0,211.0,,,,,,,,,,,,,,,,,,,,,,,,,,,,
TSK-TRK-0460,TRK-0460,ENGINEERING_TRACK,NDLS,GZB,8.53,9.26,UP,"Track maintenance (GOOD TGI 88.1, USFD: CLEAR)",NONE,False,False,,0.0086,0.9,LOW,273,150,41.6,52kg 72UTS,5.0,123.8,80.3,77.6,93.7,91.6,88.14999999999999,GOOD,CLEAR,0.0,40.7,26.2,40.0,SAFE_RANGE,True,116.0,SATURATED,130.0,A,182.0,True,75.0,0.0,280.0,,,,,,,,,,,,,,,,,,,,,,,,,,,,
TSK-TRK-0669,TRK-0669,ENGINEERING_TRACK,KRJ,ALJN,102.66,103.77,UP,"Track maintenance (GOOD TGI 85.1, USFD: CLEAR)",NONE,False,False,,0.0103,1.0,LOW,274,151,41.6,52kg 72UTS,1.0,20.8,92.6,73.0,90.4,83.7,85.08000000000001,GOOD,CLEAR,0.0,39.7,24.8,40.0,SAFE_RANGE,True,163.3,SATURATED,130.0,A,194.0,True,75.0,0.0,278.0,,,,,,,,,,,,,,,,,,,,,,,,,,,,
TSK-OHE-0182,OHE-0182,TRACTION_DISTRIBUTION_OHE,FZD,ETW,248.42,249.81,UP,"OHE maintenance (Wire wear 69.4%, ATD: NORMAL)",TOWER_WAGON,True,False,,0.343,34.3,MEDIUM,154,161,41.5,,,,,,,,,,,,,21.8,,,,,,,,199.0,,,0.0,220.0,248/9,248/17,9.47,69.4,CRITICAL,GOOD,506.1,NORMAL,5436.0,46.0,CLEAN,15.0,STABLE,True,,,,,,,,,,,,,,
TSK-SIG-0059,SIG-0059,SIGNAL_AND_TELECOM,KRJ,KRJ,82.07,82.17,YARD,"Signal maintenance (AXLE_COUNTER at KRJ, Tier: LOW)",NONE,False,False,,0.4206,42.1,MEDIUM,193,150,41.5,,,,,,,,,,,,,,,,,,,,,194.0,,,0.0,336.0,,,,,,,,,,,,,,,AXLE_COUNTER,KRJ,82.07,0.0,0.0,15.0,0.0,0.0,5.0,13.0,0.0,94.2,31.0,92.0
TSK-SIG-0071,SIG-0071,SIGNAL_AND_TELECOM,GZB,GZB,25.73,25.83,UP,"Signal maintenance (EI_SYSTEM at GZB, Tier: LOW)",NONE,False,False,,0.4206,42.1,MEDIUM,193,150,41.5,,,,,,,,,,,,,,,,,,,,,195.0,,,0.0,365.0,,,,,,,,,,,,,,,EI_SYSTEM,GZB,25.73,0.0,0.0,15.0,0.0,0.0,5.0,3.0,0.0,87.6,692.0,100.0
TSK-SIG-0065,SIG-0065,SIGNAL_AND_TELECOM,NDLS,NDLS,0.0,0.1,DN,"Signal maintenance (TRACK_CIRCUIT at NDLS, Tier: HIGH)",NONE,False,True,,0.4206,42.1,MEDIUM,193,150,41.5,,,,,,,,,,,,,,,,,,,,,195.0,,,1.0,16.0,,,,,,,,,,,,,,,TRACK_CIRCUIT,NDLS,0.0,0.0,0.0,15.0,0.0,3.5,1.74,15.0,0.0,93.9,221.0,45.25
TSK-TRK-0510,TRK-0510,ENGINEERING_TRACK,NDLS,GZB,4.44,5.02,DN,"Track maintenance (GOOD TGI 81.7, USFD: CLEAR)",NONE,False,False,,0.0066,0.7,LOW,274,150,41.5,60kg 90UTS,2.0,35.8,94.6,88.9,87.5,75.2,81.68,GOOD,CLEAR,0.0,33.4,18.8,40.0,SAFE_RANGE,True,108.6,SATURATED,130.0,A,174.0,True,30.0,0.0,282.0,,,,,,,,,,,,,,,,,,,,,,,,,,,,
TSK-TRK-0222,TRK-0222,ENGINEERING_TRACK,ALJN,TDL,200.25,201.6,UP,"Track maintenance (AVERAGE TGI 66.8, USFD: CLEAR)",TAMPING,True,False,,0.006,0.6,LOW,274,182,41.4,60kg 90UTS,6.0,201.5,84.4,71.0,80.3,57.9,66.75,AVERAGE,CLEAR,0.0,43.9,26.2,40.0,SAFE_RANGE,True,105.7,SATURATED,160.0,A,208.0,True,30.0,0.0,276.0,,,,,,,,,,,,,,,,,,,,,,,,,,,,
TSK-TRK-0183,TRK-0183,ENGINEERING_TRACK,ETW,PHD,318.44,319.46,DN,"Track maintenance (AVERAGE TGI 72.2, USFD: CLEAR)",TAMPING,True,False,,0.0063,0.6,LOW,275,174,41.4,60kg 90UTS,10.0,174.4,81.4,71.4,94.4,65.5,72.16,AVERAGE,CLEAR,0.0,48.6,35.6,40.0,SAFE_RANGE,True,176.4,SATURATED,160.0,A,181.0,True,45.0,0.0,280.0,,,,,,,,,,,,,,,,,,,,,,,,,,,,
TSK-TRK-0490,TRK-0490,ENGINEERING_TRACK,NDLS,GZB,0.95,2.83,DN,"Track maintenance (AVERAGE TGI 68.3, USFD: CLEAR)",MANUAL,False,False,,0.0067,0.7,LOW,275,176,41.4,60kg 90UTS,11.0,272.8,73.5,90.1,67.1,63.1,68.28,AVERAGE,CLEAR,0.0,47.5,37.4,40.0,SAFE_RANGE,True,123.2,SATURATED,130.0,A,186.0,True,60.0,0.0,279.0,,,,,,,,,,,,,,,,,,,,,,,,,,,,
TSK-TRK-0753,TRK-0753,ENGINEERING_TRACK,FZD,ETW,249.18,250.95,UP,"Track maintenance (GOOD TGI 83.5, USFD: OBS)",NONE,False,False,,0.0058,0.6,LOW,274,152,41.4,60kg 90UTS,5.0,81.2,67.2,95.4,91.1,85.7,83.51,GOOD,OBS,1.0,49.3,38.9,40.0,SAFE_RANGE,True,109.9,SATURATED,160.0,A,226.0,True,30.0,0.0,220.0,,,,,,,,,,,,,,,,,,,,,,,,,,,,
TSK-TRK-0032,TRK-0032,ENGINEERING_TRACK,TDL,FZD,218.32,219.04,UP,"Track maintenance (AVERAGE TGI 75.1, USFD: CLEAR)",NONE,False,False,,0.0098,1.0,LOW,276,153,41.4,60kg 90UTS,2.0,42.3,73.3,86.9,88.0,71.6,75.10999999999999,AVERAGE,CLEAR,0.0,57.8,41.4,40.0,MODERATE_HEAT_EXPANSION,True,154.9,SATURATED,160.0,A,188.0,True,45.0,0.0,279.0,,,,,,,,,,,,,,,,,,,,,,,,,,,,
TSK-TRK-0012,TRK-0012,ENGINEERING_TRACK,PHD,CNB,418.57,420.22,DN,"Track maintenance (AVERAGE TGI 74.6, USFD: CLEAR)",MANUAL,False,False,,0.0044,0.4,LOW,274,166,41.4,60kg 90UTS,4.0,83.5,53.2,90.9,85.8,77.2,74.63000000000001,AVERAGE,CLEAR,0.0,32.1,22.1,40.0,SAFE_RANGE,True,130.0,SATURATED,130.0,A,139.0,True,45.0,0.0,288.0,,,,,,,,,,,,,,,,,,,,,,,,,,,,
TSK-TRK-0114,TRK-0114,ENGINEERING_TRACK,ALJN,TDL,177.23,178.26,UP,"Track maintenance (GOOD TGI 85.8, USFD: CLEAR)",NONE,False,False,,0.0084,0.8,LOW,277,152,41.3,52kg 72UTS,5.0,140.7,78.2,88.9,95.1,86.3,85.82,GOOD,CLEAR,0.0,34.7,23.8,40.0,SAFE_RANGE,True,152.2,SATURATED,160.0,A,193.0,True,30.0,0.0,278.0,,,,,,,,,,,,,,,,,,,,,,,,,,,,
TSK-SIG-0384,SIG-0384,SIGNAL_AND_TELECOM,ETW,ETW,300.53,300.63,YARD,"Signal maintenance (EI_SYSTEM at ETW, Tier: LOW)",NONE,False,False,,0.3614,36.1,MEDIUM,166,150,41.3,,,,,,,,,,,,,,,,,,,,,317.0,,,0.0,257.0,,,,,,,,,,,,,,,EI_SYSTEM,ETW,300.53,0.0,0.0,15.0,0.0,0.0,5.0,1.0,6.0,96.4,164.0,70.0
TSK-SIG-0098,SIG-0098,SIGNAL_AND_TELECOM,ETW,ETW,301.18,301.28,UP,"Signal maintenance (EI_SYSTEM at ETW, Tier: LOW)",NONE,False,False,,0.412,41.2,MEDIUM,191,150,41.3,,,,,,,,,,,,,,,,,,,,,328.0,,,0.0,365.0,,,,,,,,,,,,,,,EI_SYSTEM,ETW,301.18,0.0,0.0,15.0,0.0,0.0,5.0,12.0,0.0,87.6,208.0,100.0
TSK-TRK-0147,TRK-0147,ENGINEERING_TRACK,TDL,FZD,221.62,222.64,UP,"Track maintenance (AVERAGE TGI 56.0, USFD: CLEAR)",MANUAL,False,False,,0.1913,19.1,LOW,153,170,41.2,60kg 90UTS,25.0,666.0,50.7,54.5,60.1,57.3,55.98,AVERAGE,CLEAR,0.0,48.8,37.7,40.0,SAFE_RANGE,True,63.4,GOOD,160.0,A,178.0,False,0.0,0.0,200.0,,,,,,,,,,,,,,,,,,,,,,,,,,,,
TSK-TRK-0060,TRK-0060,ENGINEERING_TRACK,TDL,FZD,222.63,224.38,UP,"Track maintenance (AVERAGE TGI 69.4, USFD: CLEAR)",MANUAL,False,False,,0.0077,0.8,LOW,279,169,41.2,60kg 90UTS,9.0,293.7,46.3,73.0,77.4,75.1,69.35999999999999,AVERAGE,CLEAR,0.0,38.0,24.3,40.0,SAFE_RANGE,True,109.9,SATURATED,160.0,A,199.0,True,60.0,0.0,277.0,,,,,,,,,,,,,,,,,,,,,,,,,,,,
TSK-TRK-0170,TRK-0170,ENGINEERING_TRACK,ALJN,TDL,203.79,205.59,DN,"Track maintenance (AVERAGE TGI 72.5, USFD: CLEAR)",MANUAL,False,False,,0.005,0.5,LOW,279,170,41.1,60kg 90UTS,8.0,274.0,75.4,75.6,75.2,70.5,72.46000000000001,AVERAGE,CLEAR,0.0,58.0,41.5,40.0,MODERATE_HEAT_EXPANSION,True,168.1,SATURATED,160.0,A,165.0,True,45.0,0.0,283.0,,,,,,,,,,,,,,,,,,,,,,,,,,,,
TSK-TRK-0354,TRK-0354,ENGINEERING_TRACK,NDLS,GZB,20.45,21.95,UP,"Track maintenance (AVERAGE TGI 75.0, USFD: CLEAR)",NONE,False,False,,0.0173,1.7,LOW,286,156,41.0,60kg 90UTS,11.0,243.7,86.9,73.0,73.9,71.6,75.03,AVERAGE,CLEAR,0.0,44.4,29.4,40.0,SAFE_RANGE,True,158.1,SATURATED,130.0,A,52.0,True,60.0,0.0,303.0,,,,,,,,,,,,,,,,,,,,,,,,,,,,
TSK-TRK-0845,TRK-0845,ENGINEERING_TRACK,TDL,FZD,218.49,220.44,DN,"Track maintenance (AVERAGE TGI 77.7, USFD: CLEAR)",NONE,False,False,,0.0054,0.5,LOW,280,156,41.0,60kg 90UTS,8.0,125.4,80.2,75.4,84.3,76.1,77.67,AVERAGE,CLEAR,0.0,38.2,24.3,40.0,SAFE_RANGE,True,123.8,SATURATED,160.0,A,93.0,True,75.0,0.0,296.0,,,,,,,,,,,,,,,,,,,,,,,,,,,,
TSK-TRK-0622,TRK-0622,ENGINEERING_TRACK,KRJ,ALJN,89.05,90.59,UP,"Track maintenance (AVERAGE TGI 75.2, USFD: OBS)",NONE,False,False,,0.0059,0.6,LOW,280,156,41.0,52kg 72UTS,10.0,175.1,78.6,72.1,74.6,74.6,75.15,AVERAGE,OBS,1.0,32.0,21.4,40.0,SAFE_RANGE,True,124.3,SATURATED,130.0,A,62.0,True,30.0,0.0,249.0,,,,,,,,,,,,,,,,,,,,,,,,,,,,
TSK-SIG-0238,SIG-0238,SIGNAL_AND_TELECOM,FZD,FZD,226.82,226.92,YARD,"Signal maintenance (TRACK_CIRCUIT at FZD, Tier: HIGH)",NONE,False,True,,0.3808,38.1,MEDIUM,182,150,40.9,,,,,,,,,,,,,,,,,,,,,309.0,,,1.0,14.0,,,,,,,,,,,,,,,TRACK_CIRCUIT,FZD,226.82,0.0,0.0,15.0,0.0,2.46,7.52,14.0,0.0,70.9,280.0,39.55
TSK-TRK-0413,TRK-0413,ENGINEERING_TRACK,FZD,ETW,251.94,253.65,UP,"Track maintenance (AVERAGE TGI 66.5, USFD: CLEAR)",TAMPING,True,False,,0.0092,0.9,LOW,284,184,40.9,60kg 90UTS,14.0,247.5,68.9,77.9,55.3,65.7,66.52000000000001,AVERAGE,CLEAR,0.0,42.3,30.4,40.0,SAFE_RANGE,True,154.6,SATURATED,160.0,A,150.0,True,75.0,0.0,286.0,,,,,,,,,,,,,,,,,,,,,,,,,,,,
TSK-TRK-0044,TRK-0044,ENGINEERING_TRACK,KRJ,ALJN,116.76,117.84,DN,"Track maintenance (GOOD TGI 80.5, USFD: CLEAR)",NONE,False,False,,0.0089,0.9,LOW,284,153,40.9,60kg 90UTS,8.0,143.6,76.1,75.1,82.5,82.6,80.53999999999999,GOOD,CLEAR,0.0,53.0,35.9,40.0,SAFE_RANGE,True,154.9,SATURATED,130.0,A,59.0,True,75.0,0.0,302.0,,,,,,,,,,,,,,,,,,,,,,,,,,,,
TSK-SIG-0347,SIG-0347,SIGNAL_AND_TELECOM,KRJ,KRJ,81.62,81.72,YARD,"Signal maintenance (TRACK_CIRCUIT at KRJ, Tier: LOW)",NONE,False,False,,0.3808,38.1,MEDIUM,182,150,40.9,,,,,,,,,,,,,,,,,,,,,308.0,,,0.0,309.0,,,,,,,,,,,,,,,TRACK_CIRCUIT,KRJ,81.62,0.0,0.0,15.0,0.0,5.95,4.43,2.0,0.0,91.7,677.0,84.6
TSK-TRK-0088,TRK-0088,ENGINEERING_TRACK,PHD,CNB,359.94,360.54,DN,"Track maintenance (AVERAGE TGI 71.6, USFD: CLEAR)",TAMPING,True,False,,0.007,0.7,LOW,283,176,40.9,60kg 90UTS,8.0,239.5,71.9,93.6,83.0,66.0,71.64,AVERAGE,CLEAR,0.0,40.1,29.3,40.0,SAFE_RANGE,True,114.1,SATURATED,130.0,A,56.0,True,75.0,0.0,302.0,,,,,,,,,,,,,,,,,,,,,,,,,,,,
TSK-SIG-0424,SIG-0424,SIGNAL_AND_TELECOM,CNB,CNB,440.0,440.1,UP,"Signal maintenance (TRACK_CIRCUIT at CNB, Tier: LOW)",NONE,False,True,,0.3808,38.1,MEDIUM,182,150,40.9,,,,,,,,,,,,,,,,,,,,,309.0,,,0.0,237.0,,,,,,,,,,,,,,,TRACK_CIRCUIT,CNB,440.0,0.0,0.0,15.0,0.0,3.01,2.26,16.0,0.0,86.7,592.0,64.55
TSK-SIG-0364,SIG-0364,SIGNAL_AND_TELECOM,GZB,GZB,25.44,25.54,UP,"Signal maintenance (TRACK_CIRCUIT at GZB, Tier: LOW)",NONE,False,False,,0.4192,41.9,MEDIUM,203,150,40.8,,,,,,,,,,,,,,,,,,,,,109.0,,,0.0,345.0,,,,,,,,,,,,,,,TRACK_CIRCUIT,GZB,25.44,0.0,0.0,15.0,0.0,3.94,5.84,13.0,0.0,70.7,27.0,94.55
TSK-TRK-0476,TRK-0476,ENGINEERING_TRACK,TDL,FZD,211.5,212.4,UP,"Track maintenance (AVERAGE TGI 71.4, USFD: CLEAR)",MANUAL,False,False,,0.0081,0.8,LOW,285,163,40.8,60kg 90UTS,8.0,161.0,89.9,69.2,84.8,63.4,71.42,AVERAGE,CLEAR,0.0,40.4,25.8,40.0,SAFE_RANGE,True,102.4,SATURATED,160.0,A,116.0,True,30.0,0.0,292.0,,,,,,,,,,,,,,,,,,,,,,,,,,,,
TSK-SIG-0046,SIG-0046,SIGNAL_AND_TELECOM,FZD,FZD,225.48,225.58,YARD,"Signal maintenance (AXLE_COUNTER at FZD, Tier: HIGH)",NONE,False,True,,0.3866,38.7,MEDIUM,186,150,40.8,,,,,,,,,,,,,,,,,,,,,288.0,,,1.0,16.0,,,,,,,,,,,,,,,AXLE_COUNTER,FZD,225.48,0.0,0.0,15.0,0.0,0.0,5.0,18.0,0.0,77.5,385.0,45.0
TSK-SIG-0326,SIG-0326,SIGNAL_AND_TELECOM,ALJN,ALJN,130.43,130.53,DN,"Signal maintenance (EI_SYSTEM at ALJN, Tier: LOW)",NONE,False,False,,0.3866,38.7,MEDIUM,186,150,40.8,,,,,,,,,,,,,,,,,,,,,288.0,,,0.0,257.0,,,,,,,,,,,,,,,EI_SYSTEM,ALJN,130.43,0.0,0.0,15.0,0.0,0.0,5.0,16.0,6.0,92.9,500.0,70.0
TSK-SIG-0361,SIG-0361,SIGNAL_AND_TELECOM,NDLS,NDLS,0.22,0.32,YARD,"Signal maintenance (TRACK_CIRCUIT at NDLS, Tier: HIGH)",NONE,False,True,,0.3866,38.7,MEDIUM,186,150,40.8,,,,,,,,,,,,,,,,,,,,,289.0,,,1.0,14.0,,,,,,,,,,,,,,,TRACK_CIRCUIT,NDLS,0.22,0.0,0.0,15.0,0.0,2.35,2.74,14.0,0.0,84.5,185.0,40.55
TSK-SIG-0218,SIG-0218,SIGNAL_AND_TELECOM,KRJ,KRJ,83.26,83.36,UP,"Signal maintenance (EI_SYSTEM at KRJ, Tier: LOW)",NONE,False,False,,0.3623,36.2,MEDIUM,173,150,40.8,,,,,,,,,,,,,,,,,,,,,133.0,,,0.0,365.0,,,,,,,,,,,,,,,EI_SYSTEM,KRJ,83.26,0.0,0.0,15.0,0.0,0.0,5.0,9.0,1.0,97.3,192.0,100.0
TSK-SIG-0210,SIG-0210,SIGNAL_AND_TELECOM,ALJN,ALJN,130.79,130.89,UP,"Signal maintenance (TRACK_CIRCUIT at ALJN, Tier: LOW)",NONE,False,False,,0.4192,41.9,MEDIUM,203,150,40.8,,,,,,,,,,,,,,,,,,,,,110.0,,,0.0,345.0,,,,,,,,,,,,,,,TRACK_CIRCUIT,ALJN,130.79,0.0,0.0,15.0,0.0,3.45,7.25,3.0,0.0,75.9,435.0,94.5
TSK-SIG-0241,SIG-0241,SIGNAL_AND_TELECOM,ALJN,ALJN,131.23,131.33,UP,"Signal maintenance (TRACK_CIRCUIT at ALJN, Tier: HIGH)",NONE,False,True,,0.4192,41.9,MEDIUM,203,150,40.8,,,,,,,,,,,,,,,,,,,,,109.0,,,1.0,18.0,,,,,,,,,,,,,,,TRACK_CIRCUIT,ALJN,131.23,0.0,0.0,15.0,0.0,2.16,7.1,5.0,0.0,95.9,298.0,49.55
TSK-SIG-0407,SIG-0407,SIGNAL_AND_TELECOM,GZB,GZB,24.37,24.47,UP,"Signal maintenance (TRACK_CIRCUIT at GZB, Tier: LOW)",NONE,False,False,,0.3866,38.7,MEDIUM,186,150,40.8,,,,,,,,,,,,,,,,,,,,,289.0,,,0.0,240.0,,,,,,,,,,,,,,,TRACK_CIRCUIT,GZB,24.37,0.0,0.0,15.0,0.0,5.51,3.07,16.0,0.0,71.9,482.0,65.55
TSK-SIG-0290,SIG-0290,SIGNAL_AND_TELECOM,DER,DER,35.8,35.9,UP,"Signal maintenance (TRACK_CIRCUIT at DER, Tier: LOW)",NONE,False,False,,0.4192,41.9,MEDIUM,203,150,40.8,,,,,,,,,,,,,,,,,,,,,109.0,,,0.0,345.0,,,,,,,,,,,,,,,TRACK_CIRCUIT,DER,35.8,0.0,0.0,15.0,0.0,5.19,6.69,11.0,0.0,89.8,306.0,94.55
TSK-TRK-0746,TRK-0746,ENGINEERING_TRACK,DER,KRJ,61.83,63.32,UP,"Track maintenance (GOOD TGI 83.7, USFD: CLEAR)",NONE,False,False,,0.0051,0.5,LOW,285,153,40.7,60kg 90UTS,3.0,80.3,98.2,92.6,86.0,77.0,83.7,GOOD,CLEAR,0.0,48.4,37.4,40.0,SAFE_RANGE,True,168.0,SATURATED,130.0,A,121.0,True,60.0,0.0,291.0,,,,,,,,,,,,,,,,,,,,,,,,,,,,
TSK-TRK-0829,TRK-0829,ENGINEERING_TRACK,ETW,PHD,313.85,315.08,UP,"Track maintenance (AVERAGE TGI 69.9, USFD: CLEAR)",MANUAL,False,False,,0.0051,0.5,LOW,285,180,40.7,60kg 90UTS,12.0,282.7,59.5,62.3,68.5,74.8,69.85999999999999,AVERAGE,CLEAR,0.0,59.6,42.2,40.0,MODERATE_HEAT_EXPANSION,True,177.6,SATURATED,160.0,A,56.0,True,75.0,0.0,302.0,,,,,,,,,,,,,,,,,,,,,,,,,,,,
TSK-TRK-0233,TRK-0233,ENGINEERING_TRACK,KRJ,ALJN,105.51,106.28,DN,"Track maintenance (AVERAGE TGI 70.4, USFD: CLEAR)",TAMPING,True,False,,0.0072,0.7,LOW,285,177,40.7,60kg 90UTS,11.0,229.1,41.0,71.9,83.8,77.7,70.39000000000001,AVERAGE,CLEAR,0.0,50.0,36.1,40.0,SAFE_RANGE,True,103.7,SATURATED,130.0,A,129.0,True,60.0,0.0,289.0,,,,,,,,,,,,,,,,,,,,,,,,,,,,
TSK-SIG-0092,SIG-0092,SIGNAL_AND_TELECOM,PHD,PHD,358.23,358.33,YARD,"Signal maintenance (TRACK_CIRCUIT at PHD, Tier: LOW)",NONE,False,False,,0.4192,41.9,MEDIUM,206,150,40.6,,,,,,,,,,,,,,,,,,,,,108.0,,,0.0,345.0,,,,,,,,,,,,,,,TRACK_CIRCUIT,PHD,358.23,0.0,0.0,15.0,0.0,2.59,5.71,11.0,0.0,83.5,331.0,94.6
TSK-TRK-0254,TRK-0254,ENGINEERING_TRACK,FZD,ETW,238.28,238.99,UP,"Track maintenance (AVERAGE TGI 69.3, USFD: CLEAR)",TAMPING,True,False,,0.0068,0.7,LOW,286,176,40.6,60kg 90UTS,7.0,217.8,66.6,65.0,90.2,67.5,69.34,AVERAGE,CLEAR,0.0,47.1,32.8,40.0,SAFE_RANGE,True,107.4,SATURATED,160.0,A,91.0,True,60.0,0.0,296.0,,,,,,,,,,,,,,,,,,,,,,,,,,,,
TSK-SIG-0064,SIG-0064,SIGNAL_AND_TELECOM,TDL,TDL,210.24,210.34,YARD,"Signal maintenance (TRACK_CIRCUIT at TDL, Tier: LOW)",NONE,False,False,,0.4192,41.9,MEDIUM,206,150,40.6,,,,,,,,,,,,,,,,,,,,,106.0,,,0.0,273.0,,,,,,,,,,,,,,,TRACK_CIRCUIT,TDL,210.24,0.0,0.0,15.0,0.0,2.92,7.14,17.0,0.0,88.1,576.0,74.7
TSK-TRK-0116,TRK-0116,ENGINEERING_TRACK,TDL,FZD,209.1,210.9,DN,"Track maintenance (AVERAGE TGI 74.5, USFD: CLEAR)",MANUAL,False,False,,0.0081,0.8,LOW,287,170,40.6,60kg 90UTS,3.0,53.5,94.8,75.8,91.5,64.7,74.51,AVERAGE,CLEAR,0.0,44.7,34.5,40.0,SAFE_RANGE,True,134.3,SATURATED,160.0,A,115.0,True,75.0,0.0,292.0,,,,,,,,,,,,,,,,,,,,,,,,,,,,
TSK-OHE-0284,OHE-0284,TRACTION_DISTRIBUTION_OHE,PHD,CNB,433.73,434.66,UP,"OHE maintenance (Wire wear 78.2%, ATD: NORMAL)",TOWER_WAGON,True,False,,0.3212,32.1,MEDIUM,156,161,40.6,,,,,,,,,,,,,39.5,,,,,,,,315.0,,,0.0,203.0,433/5,433/19,9.12,78.2,CRITICAL,WORN,674.3,NORMAL,5566.0,-128.0,CLEAN,13.0,STABLE,True,,,,,,,,,,,,,,
TSK-SIG-0265,SIG-0265,SIGNAL_AND_TELECOM,ALJN,ALJN,131.0,131.1,YARD,"Signal maintenance (TRACK_CIRCUIT at ALJN, Tier: LOW)",NONE,False,False,,0.4192,41.9,MEDIUM,206,150,40.6,,,,,,,,,,,,,,,,,,,,,108.0,,,0.0,273.0,,,,,,,,,,,,,,,TRACK_CIRCUIT,ALJN,131.0,0.0,0.0,15.0,0.0,2.51,7.64,20.0,0.0,76.1,543.0,74.6
TSK-SIG-0211,SIG-0211,SIGNAL_AND_TELECOM,ETW,ETW,299.93,300.03,DN,"Signal maintenance (TRACK_CIRCUIT at ETW, Tier: LOW)",NONE,False,False,,0.4192,41.9,MEDIUM,206,150,40.6,,,,,,,,,,,,,,,,,,,,,107.0,,,0.0,345.0,,,,,,,,,,,,,,,TRACK_CIRCUIT,ETW,299.93,0.0,0.0,15.0,0.0,3.94,4.48,2.0,0.0,75.4,259.0,94.65
TSK-OHE-0378,OHE-0378,TRACTION_DISTRIBUTION_OHE,FZD,ETW,249.87,251.21,UP,"OHE maintenance (Wire wear 44.6%, ATD: NORMAL)",NONE,True,False,,0.1584,15.8,LOW,73,154,40.5,,,,,,,,,,,,,21.8,,,,,,,,48.0,,,1.0,20.0,249/2,249/22,10.46,44.6,WORN,GOOD,556.2,NORMAL,5605.0,-66.0,FLASHOVER_RISK,19.0,STABLE,False,,,,,,,,,,,,,,
TSK-SIG-0340,SIG-0340,SIGNAL_AND_TELECOM,TDL,TDL,208.64,208.74,UP,"Signal maintenance (TRACK_CIRCUIT at TDL, Tier: LOW)",NONE,False,False,,0.3866,38.7,MEDIUM,191,150,40.4,,,,,,,,,,,,,,,,,,,,,286.0,,,0.0,313.0,,,,,,,,,,,,,,,TRACK_CIRCUIT,TDL,208.64,0.0,0.0,15.0,0.0,5.1,2.41,9.0,0.0,89.9,559.0,85.7
TSK-SIG-0381,SIG-0381,SIGNAL_AND_TELECOM,KRJ,KRJ,83.74,83.84,YARD,"Signal maintenance (AXLE_COUNTER at KRJ, Tier: HIGH)",NONE,False,True,,0.3902,39.0,MEDIUM,193,150,40.4,,,,,,,,,,,,,,,,,,,,,297.0,,,1.0,16.0,,,,,,,,,,,,,,,AXLE_COUNTER,KRJ,83.74,0.0,0.0,15.0,0.0,0.0,5.0,18.0,0.0,86.7,636.0,45.0
TSK-SIG-0154,SIG-0154,SIGNAL_AND_TELECOM,NDLS,NDLS,0.0,0.1,DN,"Signal maintenance (TRACK_CIRCUIT at NDLS, Tier: HIGH)",NONE,False,True,,0.3902,39.0,MEDIUM,193,150,40.4,,,,,,,,,,,,,,,,,,,,,293.0,,,1.0,14.0,,,,,,,,,,,,,,,TRACK_CIRCUIT,NDLS,0.0,0.0,0.0,15.0,0.0,3.34,0.8,13.0,0.0,92.5,556.0,40.35
TSK-SIG-0292,SIG-0292,SIGNAL_AND_TELECOM,ETW,ETW,302.33,302.43,YARD,"Signal maintenance (EI_SYSTEM at ETW, Tier: HIGH)",NONE,False,True,,0.3866,38.7,MEDIUM,191,150,40.4,,,,,,,,,,,,,,,,,,,,,286.0,,,1.0,13.0,,,,,,,,,,,,,,,EI_SYSTEM,ETW,302.33,0.0,0.0,15.0,0.0,0.0,5.0,1.0,13.0,71.8,391.0,35.0
TSK-SIG-0097,SIG-0097,SIGNAL_AND_TELECOM,NDLS,NDLS,0.57,0.67,YARD,"Signal maintenance (TRACK_CIRCUIT at NDLS, Tier: LOW)",NONE,False,False,,0.3902,39.0,MEDIUM,193,150,40.4,,,,,,,,,,,,,,,,,,,,,294.0,,,0.0,312.0,,,,,,,,,,,,,,,TRACK_CIRCUIT,NDLS,0.57,0.0,0.0,15.0,0.0,4.44,5.18,2.0,0.0,71.0,498.0,85.3
TSK-TRK-0716,TRK-0716,ENGINEERING_TRACK,FZD,ETW,299.03,299.7,UP,"Track maintenance (AVERAGE TGI 71.8, USFD: CLEAR)",TAMPING,True,False,,0.0077,0.8,LOW,291,180,40.3,60kg 90UTS,12.0,242.3,73.7,53.2,59.5,76.4,71.85,AVERAGE,CLEAR,0.0,42.2,31.2,40.0,SAFE_RANGE,True,136.2,SATURATED,160.0,A,68.0,True,75.0,0.0,300.0,,,,,,,,,,,,,,,,,,,,,,,,,,,,
TSK-SIG-0227,SIG-0227,SIGNAL_AND_TELECOM,GZB,GZB,25.11,25.21,DN,"Signal maintenance (TRACK_CIRCUIT at GZB, Tier: LOW)",NONE,False,False,,0.3646,36.5,MEDIUM,182,150,40.3,,,,,,,,,,,,,,,,,,,,,334.0,,,0.0,304.0,,,,,,,,,,,,,,,TRACK_CIRCUIT,GZB,25.11,0.0,0.0,15.0,0.0,4.48,6.96,3.0,0.0,90.2,10.0,83.3
TSK-SIG-0408,SIG-0408,SIGNAL_AND_TELECOM,PHD,PHD,356.08,356.18,YARD,"Signal maintenance (TRACK_CIRCUIT at PHD, Tier: CRITICAL)",NONE,False,True,,0.3646,36.5,MEDIUM,182,150,40.3,,,,,,,,,,,,,,,,,,,,,334.0,,,1.0,7.0,,,,,,,,,,,,,,,TRACK_CIRCUIT,PHD,356.08,0.0,0.0,15.0,0.0,1.82,2.94,17.0,0.0,90.7,599.0,18.3
TSK-SIG-0369,SIG-0369,SIGNAL_AND_TELECOM,KRJ,KRJ,84.1,84.2,DN,"Signal maintenance (TRACK_CIRCUIT at KRJ, Tier: LOW)",NONE,False,False,,0.3845,38.4,MEDIUM,193,150,40.2,,,,,,,,,,,,,,,,,,,,,205.0,,,0.0,256.0,,,,,,,,,,,,,,,TRACK_CIRCUIT,KRJ,84.1,0.0,0.0,15.0,0.0,4.57,2.21,17.0,0.0,73.7,614.0,69.75
TSK-SIG-0275,SIG-0275,SIGNAL_AND_TELECOM,CNB,CNB,440.0,440.1,UP,"Signal maintenance (TRACK_CIRCUIT at CNB, Tier: HIGH)",NONE,False,True,,0.3845,38.4,MEDIUM,193,150,40.2,,,,,,,,,,,,,,,,,,,,,205.0,,,1.0,16.0,,,,,,,,,,,,,,,TRACK_CIRCUIT,CNB,440.0,0.0,0.0,15.0,0.0,2.46,2.03,15.0,0.0,86.1,383.0,44.75
TSK-SIG-0212,SIG-0212,SIGNAL_AND_TELECOM,FZD,FZD,226.86,226.96,DN,"Signal maintenance (AXLE_COUNTER at FZD, Tier: HIGH)",NONE,False,True,,0.3845,38.4,MEDIUM,193,150,40.2,,,,,,,,,,,,,,,,,,,,,205.0,,,1.0,16.0,,,,,,,,,,,,,,,AXLE_COUNTER,FZD,226.86,0.0,0.0,15.0,0.0,0.0,5.0,14.0,0.0,75.5,485.0,45.0
TSK-SIG-0041,SIG-0041,SIGNAL_AND_TELECOM,CNB,CNB,440.0,440.1,YARD,"Signal maintenance (TRACK_CIRCUIT at CNB, Tier: LOW)",NONE,False,False,,0.4885,48.8,MEDIUM,246,150,40.2,,,,,,,,,,,,,,,,,,,,,359.0,,,0.0,300.0,,,,,,,,,,,,,,,TRACK_CIRCUIT,CNB,440.0,0.0,0.0,15.0,0.0,4.25,7.94,2.0,0.0,81.3,614.0,82.05
TSK-SIG-0206,SIG-0206,SIGNAL_AND_TELECOM,TDL,TDL,210.11,210.21,DN,"Signal maintenance (TRACK_CIRCUIT at TDL, Tier: LOW)",NONE,False,False,,0.4885,48.8,MEDIUM,246,150,40.2,,,,,,,,,,,,,,,,,,,,,361.0,,,0.0,300.0,,,,,,,,,,,,,,,TRACK_CIRCUIT,TDL,210.11,0.0,0.0,15.0,0.0,2.5,5.94,5.0,0.0,76.6,221.0,81.95
TSK-SIG-0120,SIG-0120,SIGNAL_AND_TELECOM,CNB,CNB,439.68,439.78,YARD,"Signal maintenance (EI_SYSTEM at CNB, Tier: LOW)",NONE,False,False,,0.4885,48.8,MEDIUM,246,150,40.2,,,,,,,,,,,,,,,,,,,,,362.0,,,0.0,257.0,,,,,,,,,,,,,,,EI_SYSTEM,CNB,439.68,0.0,0.0,15.0,0.0,0.0,5.0,19.0,5.0,83.0,426.0,70.0
TSK-SIG-0380,SIG-0380,SIGNAL_AND_TELECOM,ALJN,ALJN,130.78,130.88,DN,"Signal maintenance (EI_SYSTEM at ALJN, Tier: LOW)",NONE,False,False,,0.3845,38.4,MEDIUM,193,150,40.2,,,,,,,,,,,,,,,,,,,,,205.0,,,0.0,365.0,,,,,,,,,,,,,,,EI_SYSTEM,ALJN,130.78,0.0,0.0,15.0,0.0,0.0,5.0,6.0,0.0,81.8,27.0,100.0
TSK-SIG-0022,SIG-0022,SIGNAL_AND_TELECOM,ETW,ETW,300.16,300.26,UP,"Signal maintenance (EI_SYSTEM at ETW, Tier: HIGH)",NONE,False,True,,0.4885,48.8,MEDIUM,246,150,40.2,,,,,,,,,,,,,,,,,,,,,359.0,,,1.0,13.0,,,,,,,,,,,,,,,EI_SYSTEM,ETW,300.16,0.0,0.0,15.0,0.0,0.0,5.0,5.0,10.0,91.3,15.0,35.0
TSK-SIG-0305,SIG-0305,SIGNAL_AND_TELECOM,TDL,TDL,209.4,209.5,DN,"Signal maintenance (TRACK_CIRCUIT at TDL, Tier: LOW)",NONE,False,False,,0.372,37.2,MEDIUM,188,150,40.1,,,,,,,,,,,,,,,,,,,,,304.0,,,0.0,310.0,,,,,,,,,,,,,,,TRACK_CIRCUIT,TDL,209.4,0.0,0.0,15.0,0.0,4.76,2.62,8.0,0.0,79.2,25.0,84.8
TSK-SIG-0170,SIG-0170,SIGNAL_AND_TELECOM,PHD,PHD,356.41,356.51,UP,"Signal maintenance (AXLE_COUNTER at PHD, Tier: HIGH)",NONE,False,True,,0.372,37.2,MEDIUM,188,150,40.1,,,,,,,,,,,,,,,,,,,,,304.0,,,1.0,16.0,,,,,,,,,,,,,,,AXLE_COUNTER,PHD,356.41,0.0,0.0,15.0,0.0,0.0,5.0,13.0,0.0,86.1,438.0,45.0
TSK-SIG-0259,SIG-0259,SIGNAL_AND_TELECOM,GZB,GZB,24.18,24.28,DN,"Signal maintenance (TRACK_CIRCUIT at GZB, Tier: LOW)",NONE,False,False,,0.3902,39.0,MEDIUM,200,150,40.0,,,,,,,,,,,,,,,,,,,,,291.0,,,0.0,312.0,,,,,,,,,,,,,,,TRACK_CIRCUIT,GZB,24.18,0.0,0.0,15.0,0.0,4.4,6.47,7.0,0.0,88.2,374.0,85.45
TSK-SIG-0054,SIG-0054,SIGNAL_AND_TELECOM,ETW,ETW,300.55,300.65,UP,"Signal maintenance (TRACK_CIRCUIT at ETW, Tier: HIGH)",NONE,False,True,,0.1886,18.9,LOW,99,150,39.8,,,,,,,,,,,,,,,,,,,,,10.0,,,1.0,19.0,,,,,,,,,,,,,,,TRACK_CIRCUIT,ETW,300.55,0.0,0.0,15.0,0.0,6.13,1.05,6.0,0.0,77.5,671.0,54.5
TSK-SIG-0152,SIG-0152,SIGNAL_AND_TELECOM,DER,DER,35.98,36.08,DN,"Signal maintenance (TRACK_CIRCUIT at DER, Tier: LOW)",NONE,False,False,,0.4704,47.0,MEDIUM,244,150,39.8,,,,,,,,,,,,,,,,,,,,,118.0,,,0.0,343.0,,,,,,,,,,,,,,,TRACK_CIRCUIT,DER,35.98,0.0,0.0,15.0,0.0,4.47,6.67,14.0,0.0,74.5,454.0,94.1
TSK-SIG-0425,SIG-0425,SIGNAL_AND_TELECOM,CNB,CNB,439.74,439.84,DN,"Signal maintenance (TRACK_CIRCUIT at CNB, Tier: LOW)",NONE,False,False,,0.4704,47.0,MEDIUM,244,150,39.8,,,,,,,,,,,,,,,,,,,,,120.0,,,0.0,343.0,,,,,,,,,,,,,,,TRACK_CIRCUIT,CNB,439.74,0.0,0.0,15.0,0.0,2.74,7.76,8.0,0.0,79.0,611.0,94.0
TSK-SIG-0032,SIG-0032,SIGNAL_AND_TELECOM,DER,DER,36.53,36.63,DN,"Signal maintenance (TRACK_CIRCUIT at DER, Tier: LOW)",NONE,False,False,,0.4704,47.0,MEDIUM,244,150,39.8,,,,,,,,,,,,,,,,,,,,,120.0,,,0.0,343.0,,,,,,,,,,,,,,,TRACK_CIRCUIT,DER,36.53,0.0,0.0,15.0,0.0,6.49,4.68,14.0,0.0,82.5,43.0,94.0
TSK-SIG-0109,SIG-0109,SIGNAL_AND_TELECOM,DER,DER,37.29,37.39,YARD,"Signal maintenance (AXLE_COUNTER at DER, Tier: LOW)",NONE,False,False,,0.3801,38.0,MEDIUM,199,150,39.7,,,,,,,,,,,,,,,,,,,,,24.0,,,0.0,321.0,,,,,,,,,,,,,,,AXLE_COUNTER,DER,37.29,0.0,0.0,15.0,0.0,0.0,5.0,18.0,0.0,87.9,15.0,88.0
TSK-SIG-0295,SIG-0295,SIGNAL_AND_TELECOM,GZB,GZB,23.65,23.75,DN,"Signal maintenance (TRACK_CIRCUIT at GZB, Tier: LOW)",NONE,False,False,,0.3801,38.0,MEDIUM,199,150,39.7,,,,,,,,,,,,,,,,,,,,,25.0,,,0.0,360.0,,,,,,,,,,,,,,,TRACK_CIRCUIT,GZB,23.65,0.0,0.0,15.0,0.0,4.18,3.93,8.0,0.0,72.8,462.0,98.75
TSK-TRK-0049,TRK-0049,ENGINEERING_TRACK,FZD,ETW,250.49,251.69,UP,"Track maintenance (AVERAGE TGI 75.4, USFD: OBS)",NONE,False,False,,0.0021,0.2,LOW,297,155,39.7,52kg 72UTS,7.0,221.6,85.8,69.6,73.8,73.1,75.35999999999999,AVERAGE,OBS,1.0,44.3,28.1,40.0,SAFE_RANGE,True,170.3,SATURATED,160.0,A,15.0,True,75.0,0.0,257.0,,,,,,,,,,,,,,,,,,,,,,,,,,,,
TSK-SIG-0242,SIG-0242,SIGNAL_AND_TELECOM,ALJN,ALJN,131.95,132.05,DN,"Signal maintenance (AXLE_COUNTER at ALJN, Tier: HIGH)",NONE,False,True,,0.3801,38.0,MEDIUM,199,150,39.7,,,,,,,,,,,,,,,,,,,,,25.0,,,1.0,16.0,,,,,,,,,,,,,,,AXLE_COUNTER,ALJN,131.95,0.0,0.0,15.0,0.0,0.0,5.0,6.0,0.0,76.0,501.0,45.0
TSK-TRK-0656,TRK-0656,ENGINEERING_TRACK,KRJ,ALJN,126.97,127.8,UP,"Track maintenance (AVERAGE TGI 71.2, USFD: CLEAR)",TAMPING,True,False,,0.0076,0.8,LOW,303,179,39.5,60kg 90UTS,6.0,115.7,80.5,75.3,90.0,64.3,71.21,AVERAGE,CLEAR,0.0,38.4,25.1,40.0,SAFE_RANGE,True,155.3,SATURATED,130.0,A,33.0,True,75.0,0.0,306.0,,,,,,,,,,,,,,,,,,,,,,,,,,,,
TSK-SIG-0158,SIG-0158,SIGNAL_AND_TELECOM,FZD,FZD,226.77,226.87,DN,"Signal maintenance (AXLE_COUNTER at FZD, Tier: HIGH)",NONE,False,True,,0.358,35.8,MEDIUM,191,150,39.4,,,,,,,,,,,,,,,,,,,,,285.0,,,1.0,16.0,,,,,,,,,,,,,,,AXLE_COUNTER,FZD,226.77,0.0,0.0,15.0,0.0,0.0,5.0,13.0,0.0,78.7,16.0,45.0
TSK-SIG-0040,SIG-0040,SIGNAL_AND_TELECOM,FZD,FZD,224.55,224.65,YARD,"Signal maintenance (TRACK_CIRCUIT at FZD, Tier: LOW)",NONE,False,False,,0.3703,37.0,MEDIUM,200,150,39.3,,,,,,,,,,,,,,,,,,,,,290.0,,,0.0,312.0,,,,,,,,,,,,,,,TRACK_CIRCUIT,FZD,224.55,0.0,0.0,15.0,0.0,5.45,5.34,3.0,0.0,73.3,628.0,85.5
TSK-SIG-0042,SIG-0042,SIGNAL_AND_TELECOM,KRJ,KRJ,84.45,84.55,YARD,"Signal maintenance (TRACK_CIRCUIT at KRJ, Tier: LOW)",NONE,False,False,,0.3588,35.9,MEDIUM,193,150,39.3,,,,,,,,,,,,,,,,,,,,,199.0,,,0.0,329.0,,,,,,,,,,,,,,,TRACK_CIRCUIT,KRJ,84.45,0.0,0.0,15.0,0.0,2.78,2.64,4.0,0.0,88.8,146.0,90.05
TSK-TRK-0338,TRK-0338,ENGINEERING_TRACK,TDL,FZD,214.95,216.33,DN,"Track maintenance (AVERAGE TGI 75.8, USFD: CLEAR)",NONE,False,False,,0.0041,0.4,LOW,304,156,39.3,60kg 90UTS,4.0,97.6,63.2,82.1,86.0,77.3,75.83,AVERAGE,CLEAR,0.0,55.2,40.5,40.0,MODERATE_HEAT_EXPANSION,True,170.0,SATURATED,160.0,A,41.0,True,75.0,0.0,305.0,,,,,,,,,,,,,,,,,,,,,,,,,,,,
TSK-SIG-0038,SIG-0038,SIGNAL_AND_TELECOM,NDLS,NDLS,0.16,0.26,YARD,"Signal maintenance (EI_SYSTEM at NDLS, Tier: LOW)",NONE,False,False,,0.3703,37.0,MEDIUM,200,150,39.3,,,,,,,,,,,,,,,,,,,,,290.0,,,0.0,365.0,,,,,,,,,,,,,,,EI_SYSTEM,NDLS,0.16,0.0,0.0,15.0,0.0,0.0,5.0,11.0,3.0,94.2,518.0,100.0
TSK-TRK-0482,TRK-0482,ENGINEERING_TRACK,ETW,PHD,322.74,324.1,UP,"Track maintenance (AVERAGE TGI 73.6, USFD: CLEAR)",TAMPING,True,False,,0.0027,0.3,LOW,305,178,39.2,60kg 90UTS,8.0,131.5,85.2,84.2,91.8,65.0,73.64000000000001,AVERAGE,CLEAR,0.0,50.8,38.2,40.0,SAFE_RANGE,True,166.3,SATURATED,160.0,A,50.0,True,30.0,0.0,303.0,,,,,,,,,,,,,,,,,,,,,,,,,,,,
TSK-TRK-0658,TRK-0658,ENGINEERING_TRACK,TDL,FZD,216.6,217.65,DN,"Track maintenance (GOOD TGI 82.7, USFD: CLEAR)",NONE,False,False,,0.0041,0.4,LOW,306,153,39.2,52kg 72UTS,1.0,27.9,81.9,94.7,87.5,80.2,82.72,GOOD,CLEAR,0.0,51.8,41.5,40.0,SAFE_RANGE,True,133.1,SATURATED,160.0,A,32.0,True,45.0,0.0,306.0,,,,,,,,,,,,,,,,,,,,,,,,,,,,
TSK-TRK-0750,TRK-0750,ENGINEERING_TRACK,KRJ,ALJN,128.97,130.11,UP,"Track maintenance (AVERAGE TGI 78.7, USFD: CLEAR)",NONE,False,False,,0.0019,0.2,LOW,305,154,39.2,52kg 72UTS,8.0,151.5,90.9,85.7,81.2,73.0,78.67,AVERAGE,CLEAR,0.0,37.1,26.6,40.0,SAFE_RANGE,True,112.6,SATURATED,130.0,A,19.0,True,75.0,0.0,309.0,,,,,,,,,,,,,,,,,,,,,,,,,,,,
TSK-TRK-0203,TRK-0203,ENGINEERING_TRACK,GZB,DER,25.35,26.84,UP,"Track maintenance (GOOD TGI 80.0, USFD: CLEAR)",NONE,False,False,,0.007,0.7,LOW,308,153,39.1,60kg 90UTS,8.0,153.0,84.3,63.5,60.6,84.6,80.03,GOOD,CLEAR,0.0,30.9,20.6,40.0,SAFE_RANGE,True,107.6,SATURATED,130.0,A,29.0,True,45.0,0.0,307.0,,,,,,,,,,,,,,,,,,,,,,,,,,,,
TSK-TRK-0409,TRK-0409,ENGINEERING_TRACK,FZD,ETW,270.46,272.15,UP,"Track maintenance (AVERAGE TGI 61.3, USFD: CLEAR)",TAMPING,True,False,,0.1498,15.0,LOW,164,188,39.0,60kg 90UTS,20.0,563.9,58.6,57.8,62.6,62.5,61.260000000000005,AVERAGE,CLEAR,0.0,40.7,24.9,40.0,SAFE_RANGE,True,61.7,FOULED,160.0,A,237.0,False,0.0,0.0,190.0,,,,,,,,,,,,,,,,,,,,,,,,,,,,
TSK-TRK-0487,TRK-0487,ENGINEERING_TRACK,PHD,CNB,360.57,361.33,DN,"Track maintenance (AVERAGE TGI 74.0, USFD: CLEAR)",TAMPING,True,False,,0.0031,0.3,LOW,308,175,39.0,60kg 90UTS,7.0,215.5,53.9,84.9,76.0,78.6,74.03,AVERAGE,CLEAR,0.0,44.5,34.1,40.0,SAFE_RANGE,True,117.9,SATURATED,130.0,A,9.0,True,30.0,0.0,310.0,,,,,,,,,,,,,,,,,,,,,,,,,,,,
TSK-SIG-0172,SIG-0172,SIGNAL_AND_TELECOM,CNB,CNB,440.0,440.1,UP,"Signal maintenance (TRACK_CIRCUIT at CNB, Tier: HIGH)",NONE,False,True,,0.3401,34.0,MEDIUM,190,150,38.9,,,,,,,,,,,,,,,,,,,,,149.0,,,1.0,17.0,,,,,,,,,,,,,,,TRACK_CIRCUIT,CNB,440.0,0.0,0.0,15.0,0.0,3.6,1.96,13.0,0.0,85.2,527.0,47.55
TSK-SIG-0230,SIG-0230,SIGNAL_AND_TELECOM,KRJ,KRJ,83.45,83.55,YARD,"Signal maintenance (AXLE_COUNTER at KRJ, Tier: LOW)",NONE,False,False,,0.3732,37.3,MEDIUM,207,150,38.9,,,,,,,,,,,,,,,,,,,,,26.0,,,0.0,293.0,,,,,,,,,,,,,,,AXLE_COUNTER,KRJ,83.45,0.0,0.0,15.0,0.0,0.0,5.0,19.0,0.0,97.1,388.0,80.0
TSK-SIG-0191,SIG-0191,SIGNAL_AND_TELECOM,FZD,FZD,226.64,226.74,UP,"Signal maintenance (TRACK_CIRCUIT at FZD, Tier: HIGH)",NONE,False,True,,0.3401,34.0,MEDIUM,190,150,38.9,,,,,,,,,,,,,,,,,,,,,149.0,,,1.0,17.0,,,,,,,,,,,,,,,TRACK_CIRCUIT,FZD,226.64,0.0,0.0,15.0,0.0,2.34,4.11,15.0,0.0,83.0,85.0,47.55
TSK-SIG-0015,SIG-0015,SIGNAL_AND_TELECOM,PHD,PHD,357.89,357.99,UP,"Signal maintenance (AXLE_COUNTER at PHD, Tier: LOW)",NONE,False,False,,0.3401,34.0,MEDIUM,190,150,38.9,,,,,,,,,,,,,,,,,,,,,150.0,,,0.0,307.0,,,,,,,,,,,,,,,AXLE_COUNTER,PHD,357.89,0.0,0.0,15.0,0.0,0.0,5.0,16.0,0.0,78.7,422.0,84.0
TSK-TRK-0078,TRK-0078,ENGINEERING_TRACK,PHD,CNB,360.01,360.64,DN,"Track maintenance (GOOD TGI 86.7, USFD: CLEAR)",NONE,False,False,,0.0038,0.4,LOW,311,149,38.8,52kg 72UTS,11.0,190.5,89.2,84.8,78.8,87.5,86.7,GOOD,CLEAR,0.0,55.0,38.1,40.0,SAFE_RANGE,True,148.5,SATURATED,130.0,A,5.0,True,75.0,0.0,311.0,,,,,,,,,,,,,,,,,,,,,,,,,,,,
TSK-SIG-0112,SIG-0112,SIGNAL_AND_TELECOM,GZB,GZB,26.3,26.4,DN,"Signal maintenance (AXLE_COUNTER at GZB, Tier: HIGH)",NONE,False,True,,0.3358,33.6,MEDIUM,194,150,38.5,,,,,,,,,,,,,,,,,,,,,240.0,,,1.0,16.0,,,,,,,,,,,,,,,AXLE_COUNTER,GZB,26.3,0.0,0.0,15.0,0.0,0.0,5.0,11.0,0.0,99.0,61.0,45.0
TSK-SIG-0311,SIG-0311,SIGNAL_AND_TELECOM,ETW,ETW,301.7,301.8,YARD,"Signal maintenance (TRACK_CIRCUIT at ETW, Tier: LOW)",NONE,False,False,,0.3403,34.0,MEDIUM,199,150,38.3,,,,,,,,,,,,,,,,,,,,,284.0,,,0.0,313.0,,,,,,,,,,,,,,,TRACK_CIRCUIT,ETW,301.7,0.0,0.0,15.0,0.0,4.97,3.58,5.0,0.0,96.8,168.0,85.8
TSK-SIG-0219,SIG-0219,SIGNAL_AND_TELECOM,DER,DER,36.62,36.72,UP,"Signal maintenance (TRACK_CIRCUIT at DER, Tier: LOW)",NONE,False,False,,0.3403,34.0,MEDIUM,199,150,38.3,,,,,,,,,,,,,,,,,,,,,281.0,,,0.0,314.0,,,,,,,,,,,,,,,TRACK_CIRCUIT,DER,36.62,0.0,0.0,15.0,0.0,5.85,7.62,4.0,0.0,80.2,241.0,85.95
TSK-SIG-0033,SIG-0033,SIGNAL_AND_TELECOM,FZD,FZD,224.79,224.89,UP,"Signal maintenance (EI_SYSTEM at FZD, Tier: LOW)",NONE,False,False,,0.3403,34.0,MEDIUM,199,150,38.3,,,,,,,,,,,,,,,,,,,,,280.0,,,0.0,257.0,,,,,,,,,,,,,,,EI_SYSTEM,FZD,224.79,0.0,0.0,15.0,0.0,0.0,5.0,10.0,6.0,70.6,663.0,70.0
TSK-SIG-0203,SIG-0203,SIGNAL_AND_TELECOM,ETW,ETW,300.37,300.47,UP,"Signal maintenance (TRACK_CIRCUIT at ETW, Tier: LOW)",NONE,False,False,,0.3281,32.8,MEDIUM,194,150,38.2,,,,,,,,,,,,,,,,,,,,,147.0,,,0.0,338.0,,,,,,,,,,,,,,,TRACK_CIRCUIT,ETW,300.37,0.0,0.0,15.0,0.0,3.05,2.13,12.0,0.0,73.7,597.0,92.65
TSK-SIG-0308,SIG-0308,SIGNAL_AND_TELECOM,GZB,GZB,26.13,26.23,YARD,"Signal maintenance (EI_SYSTEM at GZB, Tier: LOW)",NONE,False,False,,0.3281,32.8,MEDIUM,194,150,38.2,,,,,,,,,,,,,,,,,,,,,145.0,,,0.0,365.0,,,,,,,,,,,,,,,EI_SYSTEM,GZB,26.13,0.0,0.0,15.0,0.0,0.0,5.0,12.0,2.0,81.8,572.0,100.0
TSK-SIG-0332,SIG-0332,SIGNAL_AND_TELECOM,GZB,GZB,24.51,24.61,YARD,"Signal maintenance (AXLE_COUNTER at GZB, Tier: LOW)",NONE,False,False,,0.3281,32.8,MEDIUM,194,150,38.2,,,,,,,,,,,,,,,,,,,,,148.0,,,0.0,293.0,,,,,,,,,,,,,,,AXLE_COUNTER,GZB,24.51,0.0,0.0,15.0,0.0,0.0,5.0,1.0,0.0,75.5,583.0,80.0
TSK-SIG-0393,SIG-0393,SIGNAL_AND_TELECOM,GZB,GZB,25.68,25.78,UP,"Signal maintenance (AXLE_COUNTER at GZB, Tier: LOW)",NONE,False,False,,0.3281,32.8,MEDIUM,194,150,38.2,,,,,,,,,,,,,,,,,,,,,140.0,,,0.0,278.0,,,,,,,,,,,,,,,AXLE_COUNTER,GZB,25.68,0.0,0.0,15.0,0.0,0.0,5.0,5.0,0.0,76.9,264.0,76.0
TSK-SIG-0296,SIG-0296,SIGNAL_AND_TELECOM,NDLS,NDLS,0.6,0.7,YARD,"Signal maintenance (TRACK_CIRCUIT at NDLS, Tier: LOW)",NONE,False,False,,0.3281,32.8,MEDIUM,194,150,38.2,,,,,,,,,,,,,,,,,,,,,145.0,,,0.0,338.0,,,,,,,,,,,,,,,TRACK_CIRCUIT,NDLS,0.6,0.0,0.0,15.0,0.0,4.59,2.7,9.0,0.0,93.4,211.0,92.75
TSK-SIG-0103,SIG-0103,SIGNAL_AND_TELECOM,DER,DER,38.14,38.24,DN,"Signal maintenance (AXLE_COUNTER at DER, Tier: HIGH)",NONE,False,True,,0.3281,32.8,MEDIUM,194,150,38.2,,,,,,,,,,,,,,,,,,,,,147.0,,,1.0,16.0,,,,,,,,,,,,,,,AXLE_COUNTER,DER,38.14,0.0,0.0,15.0,0.0,0.0,5.0,6.0,0.0,76.5,39.0,45.0
TSK-SIG-0433,SIG-0433,SIGNAL_AND_TELECOM,ALJN,ALJN,129.65,129.75,DN,"Signal maintenance (TRACK_CIRCUIT at ALJN, Tier: HIGH)",NONE,False,True,,0.3269,32.7,MEDIUM,195,150,38.1,,,,,,,,,,,,,,,,,,,,,227.0,,,1.0,16.0,,,,,,,,,,,,,,,TRACK_CIRCUIT,ALJN,129.65,0.0,0.0,15.0,0.0,5.78,1.16,3.0,0.0,75.7,376.0,43.65
TSK-SIG-0368,SIG-0368,SIGNAL_AND_TELECOM,GZB,GZB,24.42,24.52,DN,"Signal maintenance (TRACK_CIRCUIT at GZB, Tier: LOW)",NONE,False,False,,0.3203,32.0,MEDIUM,193,150,38.0,,,,,,,,,,,,,,,,,,,,,298.0,,,0.0,311.0,,,,,,,,,,,,,,,TRACK_CIRCUIT,GZB,24.42,0.0,0.0,15.0,0.0,3.59,4.8,8.0,0.0,90.2,317.0,85.1
TSK-SIG-0385,SIG-0385,SIGNAL_AND_TELECOM,CNB,CNB,438.86,438.96,DN,"Signal maintenance (TRACK_CIRCUIT at CNB, Tier: HIGH)",NONE,False,True,,0.3173,31.7,MEDIUM,195,150,37.7,,,,,,,,,,,,,,,,,,,,,222.0,,,1.0,16.0,,,,,,,,,,,,,,,TRACK_CIRCUIT,CNB,438.86,0.0,0.0,15.0,0.0,2.29,2.33,6.0,0.0,83.3,241.0,43.9
TSK-SIG-0142,SIG-0142,SIGNAL_AND_TELECOM,NDLS,NDLS,0.0,0.1,DN,"Signal maintenance (AXLE_COUNTER at NDLS, Tier: LOW)",NONE,False,False,,0.3173,31.7,MEDIUM,195,150,37.7,,,,,,,,,,,,,,,,,,,,,223.0,,,0.0,336.0,,,,,,,,,,,,,,,AXLE_COUNTER,NDLS,0.0,0.0,0.0,15.0,0.0,0.0,5.0,16.0,0.0,82.6,114.0,92.0
TSK-SIG-0307,SIG-0307,SIGNAL_AND_TELECOM,FZD,FZD,226.17,226.27,UP,"Signal maintenance (TRACK_CIRCUIT at FZD, Tier: CRITICAL)",NONE,False,True,,0.3153,31.5,MEDIUM,196,150,37.6,,,,,,,,,,,,,,,,,,,,,212.0,,,1.0,9.0,,,,,,,,,,,,,,,TRACK_CIRCUIT,FZD,226.17,0.0,0.0,15.0,0.0,2.43,2.92,17.0,0.0,98.0,338.0,24.40000000000001
TSK-SIG-0160,SIG-0160,SIGNAL_AND_TELECOM,CNB,CNB,438.76,438.86,YARD,"Signal maintenance (AXLE_COUNTER at CNB, Tier: HIGH)",NONE,False,True,,0.3269,32.7,MEDIUM,204,150,37.5,,,,,,,,,,,,,,,,,,,,,230.0,,,1.0,16.0,,,,,,,,,,,,,,,AXLE_COUNTER,CNB,438.76,0.0,0.0,15.0,0.0,0.0,5.0,5.0,0.0,79.3,331.0,45.0
TSK-SIG-0344,SIG-0344,SIGNAL_AND_TELECOM,FZD,FZD,225.6,225.7,DN,"Signal maintenance (TRACK_CIRCUIT at FZD, Tier: LOW)",NONE,False,False,,0.3232,32.3,MEDIUM,201,150,37.5,,,,,,,,,,,,,,,,,,,,,302.0,,,0.0,310.0,,,,,,,,,,,,,,,TRACK_CIRCUIT,FZD,225.6,0.0,0.0,15.0,0.0,2.74,2.9,6.0,0.0,97.1,669.0,84.9
TSK-SIG-0284,SIG-0284,SIGNAL_AND_TELECOM,GZB,GZB,24.32,24.42,UP,"Signal maintenance (TRACK_CIRCUIT at GZB, Tier: LOW)",NONE,False,False,,0.3686,36.9,MEDIUM,225,150,37.5,,,,,,,,,,,,,,,,,,,,,41.0,,,0.0,357.0,,,,,,,,,,,,,,,TRACK_CIRCUIT,GZB,24.32,0.0,0.0,15.0,0.0,6.4,4.21,13.0,0.0,90.9,238.0,97.95
TSK-SIG-0394,SIG-0394,SIGNAL_AND_TELECOM,FZD,FZD,226.33,226.43,YARD,"Signal maintenance (AXLE_COUNTER at FZD, Tier: LOW)",NONE,False,False,,0.3269,32.7,MEDIUM,204,150,37.5,,,,,,,,,,,,,,,,,,,,,230.0,,,0.0,365.0,,,,,,,,,,,,,,,AXLE_COUNTER,FZD,226.33,0.0,0.0,15.0,0.0,0.0,5.0,1.0,0.0,86.4,220.0,100.0
TSK-SIG-0228,SIG-0228,SIGNAL_AND_TELECOM,CNB,CNB,440.0,440.1,DN,"Signal maintenance (AXLE_COUNTER at CNB, Tier: HIGH)",NONE,False,True,,0.3686,36.9,MEDIUM,225,150,37.5,,,,,,,,,,,,,,,,,,,,,41.0,,,1.0,16.0,,,,,,,,,,,,,,,AXLE_COUNTER,CNB,440.0,0.0,0.0,15.0,0.0,0.0,5.0,19.0,0.0,78.1,626.0,45.0
TSK-SIG-0166,SIG-0166,SIGNAL_AND_TELECOM,CNB,CNB,440.0,440.1,YARD,"Signal maintenance (TRACK_CIRCUIT at CNB, Tier: LOW)",NONE,False,False,,0.3269,32.7,MEDIUM,204,150,37.5,,,,,,,,,,,,,,,,,,,,,229.0,,,0.0,251.0,,,,,,,,,,,,,,,TRACK_CIRCUIT,CNB,440.0,0.0,0.0,15.0,0.0,6.28,6.61,16.0,0.0,90.2,442.0,68.55
TSK-SIG-0186,SIG-0186,SIGNAL_AND_TELECOM,CNB,CNB,440.0,440.1,DN,"Signal maintenance (TRACK_CIRCUIT at CNB, Tier: LOW)",NONE,False,False,,0.3686,36.9,MEDIUM,225,150,37.5,,,,,,,,,,,,,,,,,,,,,41.0,,,0.0,357.0,,,,,,,,,,,,,,,TRACK_CIRCUIT,CNB,440.0,0.0,0.0,15.0,0.0,6.25,6.84,8.0,0.0,83.3,103.0,97.95
TSK-SIG-0199,SIG-0199,SIGNAL_AND_TELECOM,PHD,PHD,356.88,356.98,UP,"Signal maintenance (EI_SYSTEM at PHD, Tier: LOW)",NONE,False,False,,0.3269,32.7,MEDIUM,204,150,37.5,,,,,,,,,,,,,,,,,,,,,230.0,,,0.0,365.0,,,,,,,,,,,,,,,EI_SYSTEM,PHD,356.88,0.0,0.0,15.0,0.0,0.0,5.0,10.0,2.0,89.4,59.0,100.0
TSK-SIG-0009,SIG-0009,SIGNAL_AND_TELECOM,DER,DER,35.53,35.63,UP,"Signal maintenance (TRACK_CIRCUIT at DER, Tier: LOW)",NONE,False,True,,0.3232,32.3,MEDIUM,201,150,37.5,,,,,,,,,,,,,,,,,,,,,301.0,,,0.0,238.0,,,,,,,,,,,,,,,TRACK_CIRCUIT,DER,35.53,0.0,0.0,15.0,0.0,3.12,7.6,20.0,0.0,88.8,566.0,64.95
TSK-SIG-0124,SIG-0124,SIGNAL_AND_TELECOM,TDL,TDL,209.38,209.48,UP,"Signal maintenance (TRACK_CIRCUIT at TDL, Tier: LOW)",NONE,False,False,,0.3686,36.9,MEDIUM,225,150,37.5,,,,,,,,,,,,,,,,,,,,,41.0,,,0.0,357.0,,,,,,,,,,,,,,,TRACK_CIRCUIT,TDL,209.38,0.0,0.0,15.0,0.0,4.28,7.92,15.0,0.0,95.1,205.0,97.95
TSK-SIG-0180,SIG-0180,SIGNAL_AND_TELECOM,DER,DER,35.92,36.02,UP,"Signal maintenance (EI_SYSTEM at DER, Tier: LOW)",NONE,False,False,,0.306,30.6,MEDIUM,196,150,37.3,,,,,,,,,,,,,,,,,,,,,209.0,,,0.0,365.0,,,,,,,,,,,,,,,EI_SYSTEM,DER,35.92,0.0,0.0,15.0,0.0,0.0,5.0,12.0,3.0,90.8,594.0,100.0
TSK-SIG-0066,SIG-0066,SIGNAL_AND_TELECOM,GZB,GZB,24.98,25.08,UP,"Signal maintenance (EI_SYSTEM at GZB, Tier: HIGH)",NONE,False,True,,0.306,30.6,MEDIUM,196,150,37.3,,,,,,,,,,,,,,,,,,,,,210.0,,,1.0,13.0,,,,,,,,,,,,,,,EI_SYSTEM,GZB,24.98,0.0,0.0,15.0,0.0,0.0,5.0,8.0,13.0,94.5,385.0,35.0
TSK-SIG-0287,SIG-0287,SIGNAL_AND_TELECOM,KRJ,KRJ,82.74,82.84,UP,"Signal maintenance (EI_SYSTEM at KRJ, Tier: LOW)",NONE,False,False,,0.306,30.6,MEDIUM,196,150,37.3,,,,,,,,,,,,,,,,,,,,,210.0,,,0.0,257.0,,,,,,,,,,,,,,,EI_SYSTEM,KRJ,82.74,0.0,0.0,15.0,0.0,0.0,5.0,15.0,8.0,72.8,22.0,70.0
TSK-SIG-0283,SIG-0283,SIGNAL_AND_TELECOM,KRJ,KRJ,82.38,82.48,YARD,"Signal maintenance (TRACK_CIRCUIT at KRJ, Tier: LOW)",NONE,False,False,,0.306,30.6,MEDIUM,196,150,37.3,,,,,,,,,,,,,,,,,,,,,210.0,,,0.0,327.0,,,,,,,,,,,,,,,TRACK_CIRCUIT,KRJ,82.38,0.0,0.0,15.0,0.0,3.93,3.6,2.0,0.0,93.7,666.0,89.5
TSK-SIG-0017,SIG-0017,SIGNAL_AND_TELECOM,DER,DER,35.72,35.82,DN,"Signal maintenance (AXLE_COUNTER at DER, Tier: LOW)",NONE,False,False,,0.306,30.6,MEDIUM,196,150,37.3,,,,,,,,,,,,,,,,,,,,,207.0,,,0.0,307.0,,,,,,,,,,,,,,,AXLE_COUNTER,DER,35.72,0.0,0.0,15.0,0.0,0.0,5.0,12.0,0.0,96.4,96.0,84.0
TSK-SIG-0403,SIG-0403,SIGNAL_AND_TELECOM,TDL,TDL,208.29,208.39,UP,"Signal maintenance (TRACK_CIRCUIT at TDL, Tier: LOW)",NONE,False,False,,0.306,30.6,MEDIUM,196,150,37.3,,,,,,,,,,,,,,,,,,,,,208.0,,,0.0,327.0,,,,,,,,,,,,,,,TRACK_CIRCUIT,TDL,208.29,0.0,0.0,15.0,0.0,3.17,4.72,13.0,0.0,86.8,264.0,89.6
TSK-SIG-0188,SIG-0188,SIGNAL_AND_TELECOM,FZD,FZD,225.75,225.85,UP,"Signal maintenance (EI_SYSTEM at FZD, Tier: LOW)",NONE,False,False,,0.3281,32.8,MEDIUM,209,150,37.2,,,,,,,,,,,,,,,,,,,,,138.0,,,0.0,257.0,,,,,,,,,,,,,,,EI_SYSTEM,FZD,225.75,0.0,0.0,15.0,0.0,0.0,5.0,8.0,5.0,90.4,460.0,70.0
TSK-SIG-0269,SIG-0269,SIGNAL_AND_TELECOM,PHD,PHD,357.43,357.53,DN,"Signal maintenance (TRACK_CIRCUIT at PHD, Tier: LOW)",NONE,False,False,,0.3281,32.8,MEDIUM,209,150,37.2,,,,,,,,,,,,,,,,,,,,,138.0,,,0.0,340.0,,,,,,,,,,,,,,,TRACK_CIRCUIT,PHD,357.43,0.0,0.0,15.0,0.0,6.45,4.65,5.0,0.0,74.7,514.0,93.1
TSK-SIG-0280,SIG-0280,SIGNAL_AND_TELECOM,DER,DER,37.6,37.7,YARD,"Signal maintenance (TRACK_CIRCUIT at DER, Tier: LOW)",NONE,False,False,,0.3263,32.6,MEDIUM,209,150,37.1,,,,,,,,,,,,,,,,,,,,,241.0,,,0.0,321.0,,,,,,,,,,,,,,,TRACK_CIRCUIT,DER,37.6,0.0,0.0,15.0,0.0,4.41,5.96,12.0,0.0,74.8,550.0,87.95
TSK-SIG-0179,SIG-0179,SIGNAL_AND_TELECOM,GZB,GZB,25.76,25.86,UP,"Signal maintenance (AXLE_COUNTER at GZB, Tier: LOW)",NONE,False,False,,0.3263,32.6,MEDIUM,209,150,37.1,,,,,,,,,,,,,,,,,,,,,242.0,,,0.0,321.0,,,,,,,,,,,,,,,AXLE_COUNTER,GZB,25.76,0.0,0.0,15.0,0.0,0.0,5.0,2.0,0.0,76.8,676.0,88.0
TSK-SIG-0436,SIG-0436,SIGNAL_AND_TELECOM,PHD,PHD,358.29,358.39,DN,"Signal maintenance (TRACK_CIRCUIT at PHD, Tier: LOW)",NONE,False,False,,0.3115,31.1,MEDIUM,204,150,36.9,,,,,,,,,,,,,,,,,,,,,238.0,,,0.0,322.0,,,,,,,,,,,,,,,TRACK_CIRCUIT,PHD,358.29,0.0,0.0,15.0,0.0,3.08,3.95,5.0,0.0,76.3,57.0,88.1
TSK-SIG-0339,SIG-0339,SIGNAL_AND_TELECOM,DER,DER,37.65,37.75,DN,"Signal maintenance (TRACK_CIRCUIT at DER, Tier: CRITICAL)",NONE,False,True,,0.3115,31.1,MEDIUM,204,150,36.9,,,,,,,,,,,,,,,,,,,,,231.0,,,1.0,8.0,,,,,,,,,,,,,,,TRACK_CIRCUIT,DER,37.65,0.0,0.0,15.0,0.0,1.83,4.17,20.0,0.0,94.4,370.0,23.450000000000003
TSK-SIG-0335,SIG-0335,SIGNAL_AND_TELECOM,CNB,CNB,439.69,439.79,YARD,"Signal maintenance (TRACK_CIRCUIT at CNB, Tier: LOW)",NONE,False,False,,0.3115,31.1,MEDIUM,204,150,36.9,,,,,,,,,,,,,,,,,,,,,236.0,,,0.0,250.0,,,,,,,,,,,,,,,TRACK_CIRCUIT,CNB,439.69,0.0,0.0,15.0,0.0,4.22,4.74,17.0,0.0,73.5,132.0,68.2
TSK-SIG-0329,SIG-0329,SIGNAL_AND_TELECOM,GZB,GZB,25.59,25.69,YARD,"Signal maintenance (EI_SYSTEM at GZB, Tier: LOW)",NONE,False,False,,0.3115,31.1,MEDIUM,204,150,36.9,,,,,,,,,,,,,,,,,,,,,235.0,,,0.0,365.0,,,,,,,,,,,,,,,EI_SYSTEM,GZB,25.59,0.0,0.0,15.0,0.0,0.0,5.0,17.0,3.0,97.0,242.0,100.0
TSK-SIG-0317,SIG-0317,SIGNAL_AND_TELECOM,GZB,GZB,24.91,25.01,UP,"Signal maintenance (TRACK_CIRCUIT at GZB, Tier: LOW)",NONE,False,False,,0.3115,31.1,MEDIUM,204,150,36.9,,,,,,,,,,,,,,,,,,,,,231.0,,,0.0,323.0,,,,,,,,,,,,,,,TRACK_CIRCUIT,GZB,24.91,0.0,0.0,15.0,0.0,6.28,5.53,4.0,0.0,80.8,685.0,88.45
TSK-SIG-0432,SIG-0432,SIGNAL_AND_TELECOM,GZB,GZB,23.86,23.96,UP,"Signal maintenance (TRACK_CIRCUIT at GZB, Tier: LOW)",NONE,False,True,,0.2862,28.6,MEDIUM,194,150,36.7,,,,,,,,,,,,,,,,,,,,,338.0,,,0.0,232.0,,,,,,,,,,,,,,,TRACK_CIRCUIT,GZB,23.86,0.0,0.0,15.0,0.0,6.18,2.87,19.0,0.0,82.5,454.0,63.1
TSK-SIG-0149,SIG-0149,SIGNAL_AND_TELECOM,KRJ,KRJ,83.99,84.09,DN,"Signal maintenance (TRACK_CIRCUIT at KRJ, Tier: LOW)",NONE,False,False,,0.2862,28.6,MEDIUM,194,150,36.7,,,,,,,,,,,,,,,,,,,,,335.0,,,0.0,304.0,,,,,,,,,,,,,,,TRACK_CIRCUIT,KRJ,83.99,0.0,0.0,15.0,0.0,3.04,3.05,10.0,0.0,71.0,279.0,83.25
TSK-SIG-0386,SIG-0386,SIGNAL_AND_TELECOM,NDLS,NDLS,0.62,0.72,YARD,"Signal maintenance (EI_SYSTEM at NDLS, Tier: LOW)",NONE,False,False,,0.2862,28.6,MEDIUM,194,150,36.7,,,,,,,,,,,,,,,,,,,,,338.0,,,0.0,257.0,,,,,,,,,,,,,,,EI_SYSTEM,NDLS,0.62,0.0,0.0,15.0,0.0,0.0,5.0,12.0,7.0,90.1,22.0,70.0
TSK-SIG-0104,SIG-0104,SIGNAL_AND_TELECOM,NDLS,NDLS,0.0,0.1,DN,"Signal maintenance (EI_SYSTEM at NDLS, Tier: HIGH)",NONE,False,True,,0.2862,28.6,MEDIUM,194,150,36.7,,,,,,,,,,,,,,,,,,,,,337.0,,,1.0,13.0,,,,,,,,,,,,,,,EI_SYSTEM,NDLS,0.0,0.0,0.0,15.0,0.0,0.0,5.0,3.0,10.0,87.2,345.0,35.0
TSK-SIG-0417,SIG-0417,SIGNAL_AND_TELECOM,CNB,CNB,438.68,438.78,UP,"Signal maintenance (TRACK_CIRCUIT at CNB, Tier: LOW)",NONE,False,False,,0.308,30.8,MEDIUM,209,150,36.5,,,,,,,,,,,,,,,,,,,,,245.0,,,0.0,320.0,,,,,,,,,,,,,,,TRACK_CIRCUIT,CNB,438.68,0.0,0.0,15.0,0.0,3.86,3.73,10.0,0.0,82.3,552.0,87.75
TSK-SIG-0214,SIG-0214,SIGNAL_AND_TELECOM,GZB,GZB,24.59,24.69,YARD,"Signal maintenance (EI_SYSTEM at GZB, Tier: LOW)",NONE,False,False,,0.3139,31.4,MEDIUM,212,150,36.5,,,,,,,,,,,,,,,,,,,,,300.0,,,0.0,365.0,,,,,,,,,,,,,,,EI_SYSTEM,GZB,24.59,0.0,0.0,15.0,0.0,0.0,5.0,3.0,3.0,76.4,628.0,100.0
TSK-SIG-0126,SIG-0126,SIGNAL_AND_TELECOM,NDLS,NDLS,1.26,1.36,YARD,"Signal maintenance (TRACK_CIRCUIT at NDLS, Tier: CRITICAL)",NONE,False,True,,0.3187,31.9,MEDIUM,214,150,36.5,,,,,,,,,,,,,,,,,,,,,171.0,,,1.0,10.0,,,,,,,,,,,,,,,TRACK_CIRCUIT,NDLS,1.26,0.0,0.0,15.0,0.0,2.78,0.96,19.0,0.0,90.0,538.0,26.450000000000003
TSK-SIG-0209,SIG-0209,SIGNAL_AND_TELECOM,ETW,ETW,299.94,300.04,UP,"Signal maintenance (TRACK_CIRCUIT at ETW, Tier: LOW)",NONE,False,False,,0.3139,31.4,MEDIUM,212,150,36.5,,,,,,,,,,,,,,,,,,,,,300.0,,,0.0,311.0,,,,,,,,,,,,,,,TRACK_CIRCUIT,ETW,299.94,0.0,0.0,15.0,0.0,2.54,5.67,6.0,0.0,80.8,424.0,85.0
TSK-SIG-0118,SIG-0118,SIGNAL_AND_TELECOM,ALJN,ALJN,129.67,129.77,DN,"Signal maintenance (EI_SYSTEM at ALJN, Tier: LOW)",NONE,False,False,,0.282,28.2,MEDIUM,198,150,36.3,,,,,,,,,,,,,,,,,,,,,151.0,,,0.0,257.0,,,,,,,,,,,,,,,EI_SYSTEM,ALJN,129.67,0.0,0.0,15.0,0.0,0.0,5.0,11.0,6.0,91.5,450.0,70.0
TSK-SIG-0216,SIG-0216,SIGNAL_AND_TELECOM,ALJN,ALJN,131.11,131.21,YARD,"Signal maintenance (TRACK_CIRCUIT at ALJN, Tier: LOW)",NONE,False,False,,0.282,28.2,MEDIUM,198,150,36.3,,,,,,,,,,,,,,,,,,,,,154.0,,,0.0,337.0,,,,,,,,,,,,,,,TRACK_CIRCUIT,ALJN,131.11,0.0,0.0,15.0,0.0,3.95,3.15,10.0,0.0,96.9,238.0,92.3
TSK-SIG-0229,SIG-0229,SIGNAL_AND_TELECOM,CNB,CNB,440.0,440.1,YARD,"Signal maintenance (AXLE_COUNTER at CNB, Tier: LOW)",NONE,False,False,,0.282,28.2,MEDIUM,198,150,36.3,,,,,,,,,,,,,,,,,,,,,154.0,,,0.0,293.0,,,,,,,,,,,,,,,AXLE_COUNTER,CNB,440.0,0.0,0.0,15.0,0.0,0.0,5.0,19.0,0.0,91.5,564.0,80.0
TSK-SIG-0173,SIG-0173,SIGNAL_AND_TELECOM,ETW,ETW,301.94,302.04,YARD,"Signal maintenance (TRACK_CIRCUIT at ETW, Tier: HIGH)",NONE,False,True,,0.282,28.2,MEDIUM,198,150,36.3,,,,,,,,,,,,,,,,,,,,,153.0,,,1.0,17.0,,,,,,,,,,,,,,,TRACK_CIRCUIT,ETW,301.94,0.0,0.0,15.0,0.0,2.54,0.94,14.0,0.0,98.4,261.0,47.35
TSK-TRK-0568,TRK-0568,ENGINEERING_TRACK,GZB,DER,31.94,32.98,UP,"Track maintenance (AVERAGE TGI 52.3, USFD: CLEAR)",CSM,True,False,,0.1442,14.4,LOW,202,198,36.2,60kg 90UTS,21.0,499.0,53.5,69.4,65.6,46.9,52.34,AVERAGE,CLEAR,0.0,33.2,22.9,40.0,SAFE_RANGE,True,4.6,FOULED,130.0,A,308.0,False,0.0,0.0,248.0,,,,,,,,,,,,,,,,,,,,,,,,,,,,
TSK-SIG-0395,SIG-0395,SIGNAL_AND_TELECOM,FZD,FZD,227.37,227.47,YARD,"Signal maintenance (TRACK_CIRCUIT at FZD, Tier: LOW)",NONE,False,False,,0.3066,30.7,MEDIUM,214,150,36.1,,,,,,,,,,,,,,,,,,,,,174.0,,,0.0,261.0,,,,,,,,,,,,,,,TRACK_CIRCUIT,FZD,227.37,0.0,0.0,15.0,0.0,3.66,4.39,17.0,0.0,71.6,188.0,71.3
TSK-SIG-0379,SIG-0379,SIGNAL_AND_TELECOM,GZB,GZB,26.44,26.54,UP,"Signal maintenance (TRACK_CIRCUIT at GZB, Tier: LOW)",NONE,False,True,,0.2975,29.8,MEDIUM,210,150,36.0,,,,,,,,,,,,,,,,,,,,,339.0,,,0.0,231.0,,,,,,,,,,,,,,,TRACK_CIRCUIT,GZB,26.44,0.0,0.0,15.0,0.0,5.46,6.59,18.0,0.0,84.1,439.0,63.05
TSK-SIG-0072,SIG-0072,SIGNAL_AND_TELECOM,ALJN,ALJN,129.64,129.74,DN,"Signal maintenance (TRACK_CIRCUIT at ALJN, Tier: LOW)",NONE,False,False,,0.2975,29.8,MEDIUM,210,150,36.0,,,,,,,,,,,,,,,,,,,,,339.0,,,0.0,303.0,,,,,,,,,,,,,,,TRACK_CIRCUIT,ALJN,129.64,0.0,0.0,15.0,0.0,3.42,5.47,4.0,0.0,87.5,670.0,83.05
TSK-SIG-0019,SIG-0019,SIGNAL_AND_TELECOM,ETW,ETW,299.72,299.82,DN,"Signal maintenance (AXLE_COUNTER at ETW, Tier: LOW)",NONE,False,False,,0.2869,28.7,MEDIUM,207,150,35.9,,,,,,,,,,,,,,,,,,,,,216.0,,,0.0,307.0,,,,,,,,,,,,,,,AXLE_COUNTER,ETW,299.72,0.0,0.0,15.0,0.0,0.0,5.0,5.0,0.0,98.7,473.0,84.0
TSK-SIG-0400,SIG-0400,SIGNAL_AND_TELECOM,TDL,TDL,209.2,209.3,UP,"Signal maintenance (AXLE_COUNTER at TDL, Tier: LOW)",NONE,False,False,,0.3066,30.7,MEDIUM,218,150,35.8,,,,,,,,,,,,,,,,,,,,,176.0,,,0.0,365.0,,,,,,,,,,,,,,,AXLE_COUNTER,TDL,209.2,0.0,0.0,15.0,0.0,0.0,5.0,17.0,0.0,76.3,609.0,100.0
TSK-SIG-0251,SIG-0251,SIGNAL_AND_TELECOM,CNB,CNB,440.0,440.1,DN,"Signal maintenance (AXLE_COUNTER at CNB, Tier: LOW)",NONE,False,False,,0.3066,30.7,MEDIUM,218,150,35.8,,,,,,,,,,,,,,,,,,,,,176.0,,,0.0,293.0,,,,,,,,,,,,,,,AXLE_COUNTER,CNB,440.0,0.0,0.0,15.0,0.0,0.0,5.0,2.0,0.0,81.3,178.0,80.0
TSK-SIG-0442,SIG-0442,SIGNAL_AND_TELECOM,TDL,TDL,207.67,207.77,YARD,"Signal maintenance (TRACK_CIRCUIT at TDL, Tier: LOW)",NONE,False,False,,0.3066,30.7,MEDIUM,218,150,35.8,,,,,,,,,,,,,,,,,,,,,177.0,,,0.0,333.0,,,,,,,,,,,,,,,TRACK_CIRCUIT,TDL,207.67,0.0,0.0,15.0,0.0,2.51,4.63,6.0,0.0,96.3,537.0,91.15
TSK-SIG-0348,SIG-0348,SIGNAL_AND_TELECOM,FZD,FZD,224.75,224.85,DN,"Signal maintenance (AXLE_COUNTER at FZD, Tier: LOW)",NONE,False,False,,0.4109,41.1,MEDIUM,271,150,35.8,,,,,,,,,,,,,,,,,,,,,54.0,,,0.0,293.0,,,,,,,,,,,,,,,AXLE_COUNTER,FZD,224.75,0.0,0.0,15.0,0.0,0.0,5.0,12.0,0.0,88.5,572.0,80.0
TSK-SIG-0171,SIG-0171,SIGNAL_AND_TELECOM,KRJ,KRJ,81.67,81.77,DN,"Signal maintenance (TRACK_CIRCUIT at KRJ, Tier: LOW)",NONE,False,False,,0.4109,41.1,MEDIUM,271,150,35.8,,,,,,,,,,,,,,,,,,,,,54.0,,,0.0,355.0,,,,,,,,,,,,,,,TRACK_CIRCUIT,KRJ,81.67,0.0,0.0,15.0,0.0,3.57,6.47,3.0,0.0,87.4,525.0,97.3
TSK-SIG-0005,SIG-0005,SIGNAL_AND_TELECOM,ALJN,ALJN,129.61,129.71,DN,"Signal maintenance (EI_SYSTEM at ALJN, Tier: LOW)",NONE,False,False,,0.4109,41.1,MEDIUM,271,150,35.8,,,,,,,,,,,,,,,,,,,,,54.0,,,0.0,257.0,,,,,,,,,,,,,,,EI_SYSTEM,ALJN,129.61,0.0,0.0,15.0,0.0,0.0,5.0,16.0,6.0,83.8,205.0,70.0
TSK-SIG-0236,SIG-0236,SIGNAL_AND_TELECOM,NDLS,NDLS,0.76,0.86,YARD,"Signal maintenance (EI_SYSTEM at NDLS, Tier: LOW)",NONE,False,False,,0.4109,41.1,MEDIUM,271,150,35.8,,,,,,,,,,,,,,,,,,,,,54.0,,,0.0,365.0,,,,,,,,,,,,,,,EI_SYSTEM,NDLS,0.76,0.0,0.0,15.0,0.0,0.0,5.0,20.0,2.0,83.8,587.0,100.0
TSK-SIG-0255,SIG-0255,SIGNAL_AND_TELECOM,ALJN,ALJN,130.09,130.19,UP,"Signal maintenance (TRACK_CIRCUIT at ALJN, Tier: LOW)",NONE,False,False,,0.3066,30.7,MEDIUM,218,150,35.8,,,,,,,,,,,,,,,,,,,,,175.0,,,0.0,333.0,,,,,,,,,,,,,,,TRACK_CIRCUIT,ALJN,130.09,0.0,0.0,15.0,0.0,6.3,4.79,2.0,0.0,84.9,505.0,91.25
TSK-OHE-0031,OHE-0031,TRACTION_DISTRIBUTION_OHE,ETW,PHD,316.54,317.15,DN,"OHE maintenance (Wire wear 66.9%, ATD: NORMAL)",TOWER_WAGON,True,False,,0.1355,13.6,LOW,134,158,35.6,,,,,,,,,,,,,28.3,,,,,,,,65.0,,,0.0,241.0,316/9,316/21,9.57,66.9,CRITICAL,GOOD,533.7,NORMAL,5556.0,105.0,CLEAN,13.0,STABLE,True,,,,,,,,,,,,,,
TSK-SIG-0100,SIG-0100,SIGNAL_AND_TELECOM,ALJN,ALJN,132.08,132.18,UP,"Signal maintenance (AXLE_COUNTER at ALJN, Tier: LOW)",NONE,False,False,,0.2869,28.7,MEDIUM,214,150,35.4,,,,,,,,,,,,,,,,,,,,,220.0,,,0.0,336.0,,,,,,,,,,,,,,,AXLE_COUNTER,ALJN,132.08,0.0,0.0,15.0,0.0,0.0,5.0,11.0,0.0,70.8,281.0,92.0
TSK-SIG-0151,SIG-0151,SIGNAL_AND_TELECOM,TDL,TDL,207.59,207.69,DN,"Signal maintenance (TRACK_CIRCUIT at TDL, Tier: LOW)",NONE,False,False,,0.2869,28.7,MEDIUM,214,150,35.4,,,,,,,,,,,,,,,,,,,,,217.0,,,0.0,325.0,,,,,,,,,,,,,,,TRACK_CIRCUIT,TDL,207.59,0.0,0.0,15.0,0.0,5.74,5.79,8.0,0.0,96.8,606.0,89.15
TSK-SIG-0175,SIG-0175,SIGNAL_AND_TELECOM,GZB,GZB,25.67,25.77,DN,"Signal maintenance (AXLE_COUNTER at GZB, Tier: LOW)",NONE,False,False,,0.2869,28.7,MEDIUM,214,150,35.4,,,,,,,,,,,,,,,,,,,,,218.0,,,0.0,350.0,,,,,,,,,,,,,,,AXLE_COUNTER,GZB,25.67,0.0,0.0,15.0,0.0,0.0,5.0,1.0,0.0,94.3,622.0,96.0
TSK-SIG-0260,SIG-0260,SIGNAL_AND_TELECOM,ALJN,ALJN,131.13,131.23,UP,"Signal maintenance (TRACK_CIRCUIT at ALJN, Tier: LOW)",NONE,False,False,,0.2869,28.7,MEDIUM,214,150,35.4,,,,,,,,,,,,,,,,,,,,,221.0,,,0.0,325.0,,,,,,,,,,,,,,,TRACK_CIRCUIT,ALJN,131.13,0.0,0.0,15.0,0.0,5.63,5.23,5.0,0.0,71.4,413.0,88.95
TSK-SIG-0235,SIG-0235,SIGNAL_AND_TELECOM,ALJN,ALJN,131.98,132.08,DN,"Signal maintenance (EI_SYSTEM at ALJN, Tier: LOW)",NONE,False,False,,0.2869,28.7,MEDIUM,214,150,35.4,,,,,,,,,,,,,,,,,,,,,221.0,,,0.0,257.0,,,,,,,,,,,,,,,EI_SYSTEM,ALJN,131.98,0.0,0.0,15.0,0.0,0.0,5.0,17.0,7.0,88.7,49.0,70.0
TSK-SIG-0439,SIG-0439,SIGNAL_AND_TELECOM,TDL,TDL,208.66,208.76,YARD,"Signal maintenance (EI_SYSTEM at TDL, Tier: LOW)",NONE,False,False,,0.2869,28.7,MEDIUM,214,150,35.4,,,,,,,,,,,,,,,,,,,,,221.0,,,0.0,365.0,,,,,,,,,,,,,,,EI_SYSTEM,TDL,208.66,0.0,0.0,15.0,0.0,0.0,5.0,12.0,2.0,94.9,397.0,100.0
TSK-SIG-0406,SIG-0406,SIGNAL_AND_TELECOM,ETW,ETW,300.08,300.18,DN,"Signal maintenance (TRACK_CIRCUIT at ETW, Tier: LOW)",NONE,False,False,,0.3413,34.1,MEDIUM,243,150,35.3,,,,,,,,,,,,,,,,,,,,,253.0,,,0.0,319.0,,,,,,,,,,,,,,,TRACK_CIRCUIT,ETW,300.08,0.0,0.0,15.0,0.0,4.05,7.86,2.0,0.0,86.9,296.0,87.35
TSK-TRK-0019,TRK-0019,ENGINEERING_TRACK,ETW,PHD,345.41,346.2,UP,"Track maintenance (AVERAGE TGI 55.8, USFD: OBS)",TAMPING,True,False,,0.0863,8.6,LOW,196,189,34.6,52kg 72UTS,22.0,519.7,58.0,43.6,53.5,57.4,55.75,AVERAGE,OBS,4.0,45.6,28.7,40.0,SAFE_RANGE,True,9.8,GOOD,160.0,A,339.0,False,0.0,0.0,190.0,,,,,,,,,,,,,,,,,,,,,,,,,,,,
TSK-SIG-0301,SIG-0301,SIGNAL_AND_TELECOM,PHD,PHD,358.06,358.16,YARD,"Signal maintenance (TRACK_CIRCUIT at PHD, Tier: LOW)",NONE,False,False,,0.2574,25.7,MEDIUM,214,150,34.4,,,,,,,,,,,,,,,,,,,,,169.0,,,0.0,334.0,,,,,,,,,,,,,,,TRACK_CIRCUIT,PHD,358.06,0.0,0.0,15.0,0.0,3.07,4.53,6.0,0.0,71.8,73.0,91.55
TSK-SIG-0286,SIG-0286,SIGNAL_AND_TELECOM,PHD,PHD,356.11,356.21,YARD,"Signal maintenance (AXLE_COUNTER at PHD, Tier: LOW)",NONE,False,False,,0.2574,25.7,MEDIUM,214,150,34.4,,,,,,,,,,,,,,,,,,,,,169.0,,,0.0,307.0,,,,,,,,,,,,,,,AXLE_COUNTER,PHD,356.11,0.0,0.0,15.0,0.0,0.0,5.0,1.0,0.0,90.5,672.0,84.0
TSK-SIG-0185,SIG-0185,SIGNAL_AND_TELECOM,TDL,TDL,209.57,209.67,UP,"Signal maintenance (TRACK_CIRCUIT at TDL, Tier: LOW)",NONE,False,False,,0.308,30.8,MEDIUM,243,150,34.1,,,,,,,,,,,,,,,,,,,,,252.0,,,0.0,247.0,,,,,,,,,,,,,,,TRACK_CIRCUIT,TDL,209.57,0.0,0.0,15.0,0.0,5.47,7.05,17.0,0.0,96.6,71.0,67.4
TSK-TRK-0594,TRK-0594,ENGINEERING_TRACK,TDL,FZD,214.86,216.33,UP,"Track maintenance (AVERAGE TGI 51.6, USFD: CLEAR)",CSM,True,False,,0.0817,8.2,LOW,203,199,34.0,52kg 72UTS,18.0,525.4,53.3,56.4,45.8,51.2,51.6,AVERAGE,CLEAR,0.0,41.2,23.3,40.0,SAFE_RANGE,True,43.0,FOULED,160.0,A,63.0,False,0.0,0.0,220.0,,,,,,,,,,,,,,,,,,,,,,,,,,,,
TSK-TRK-0417,TRK-0417,ENGINEERING_TRACK,FZD,ETW,280.45,282.23,UP,"Track maintenance (AVERAGE TGI 54.0, USFD: CLEAR)",BCM,True,False,,0.1268,12.7,LOW,227,238,33.9,60kg 90UTS,24.0,470.3,57.1,61.3,57.2,51.3,54.05,AVERAGE,CLEAR,0.0,56.0,38.4,40.0,MODERATE_HEAT_EXPANSION,True,18.1,GOOD,160.0,A,265.0,False,0.0,0.0,255.0,,,,,,,,,,,,,,,,,,,,,,,,,,,,
TSK-SIG-0271,SIG-0271,SIGNAL_AND_TELECOM,TDL,TDL,207.5,207.6,DN,"Signal maintenance (AXLE_COUNTER at TDL, Tier: LOW)",NONE,False,False,,0.308,30.8,MEDIUM,248,150,33.8,,,,,,,,,,,,,,,,,,,,,249.0,,,0.0,350.0,,,,,,,,,,,,,,,AXLE_COUNTER,TDL,207.5,0.0,0.0,15.0,0.0,0.0,5.0,9.0,0.0,71.6,524.0,96.0
TSK-SIG-0416,SIG-0416,SIGNAL_AND_TELECOM,CNB,CNB,438.77,438.87,DN,"Signal maintenance (EI_SYSTEM at CNB, Tier: LOW)",NONE,False,False,,0.308,30.8,MEDIUM,248,150,33.8,,,,,,,,,,,,,,,,,,,,,251.0,,,0.0,365.0,,,,,,,,,,,,,,,EI_SYSTEM,CNB,438.77,0.0,0.0,15.0,0.0,0.0,5.0,19.0,3.0,74.7,568.0,100.0
TSK-SIG-0291,SIG-0291,SIGNAL_AND_TELECOM,NDLS,NDLS,0.0,0.1,UP,"Signal maintenance (TRACK_CIRCUIT at NDLS, Tier: LOW)",NONE,False,False,,0.308,30.8,MEDIUM,248,150,33.8,,,,,,,,,,,,,,,,,,,,,250.0,,,0.0,320.0,,,,,,,,,,,,,,,TRACK_CIRCUIT,NDLS,0.0,0.0,0.0,15.0,0.0,4.79,6.42,14.0,0.0,71.5,15.0,87.5
TSK-SIG-0150,SIG-0150,SIGNAL_AND_TELECOM,PHD,PHD,356.11,356.21,UP,"Signal maintenance (TRACK_CIRCUIT at PHD, Tier: LOW)",NONE,False,False,,0.308,30.8,MEDIUM,248,150,33.8,,,,,,,,,,,,,,,,,,,,,250.0,,,0.0,320.0,,,,,,,,,,,,,,,TRACK_CIRCUIT,PHD,356.11,0.0,0.0,15.0,0.0,2.9,2.85,4.0,0.0,80.3,160.0,87.5
TSK-TRK-0357,TRK-0357,ENGINEERING_TRACK,FZD,ETW,283.66,285.08,UP,"Track maintenance (AVERAGE TGI 57.1, USFD: CLEAR)",TAMPING,True,False,,0.0857,8.6,LOW,207,184,33.8,60kg 90UTS,16.0,534.5,34.1,65.3,53.8,63.9,57.07000000000001,AVERAGE,CLEAR,0.0,34.2,20.9,40.0,SAFE_RANGE,True,8.3,FOULED,160.0,A,138.0,False,0.0,0.0,207.0,,,,,,,,,,,,,,,,,,,,,,,,,,,,
TSK-SIG-0121,SIG-0121,SIGNAL_AND_TELECOM,GZB,GZB,24.37,24.47,UP,"Signal maintenance (AXLE_COUNTER at GZB, Tier: LOW)",NONE,False,False,,0.2314,23.1,LOW,214,150,33.4,,,,,,,,,,,,,,,,,,,,,167.0,,,0.0,365.0,,,,,,,,,,,,,,,AXLE_COUNTER,GZB,24.37,0.0,0.0,15.0,0.0,0.0,5.0,20.0,0.0,83.3,489.0,100.0
TSK-SIG-0322,SIG-0322,SIGNAL_AND_TELECOM,CNB,CNB,438.95,439.05,UP,"Signal maintenance (TRACK_CIRCUIT at CNB, Tier: LOW)",NONE,False,False,,0.2314,23.1,LOW,214,150,33.4,,,,,,,,,,,,,,,,,,,,,168.0,,,0.0,262.0,,,,,,,,,,,,,,,TRACK_CIRCUIT,CNB,438.95,0.0,0.0,15.0,0.0,3.44,6.82,18.0,0.0,95.4,145.0,71.6
TSK-SIG-0273,SIG-0273,SIGNAL_AND_TELECOM,CNB,CNB,439.91,440.01,UP,"Signal maintenance (TRACK_CIRCUIT at CNB, Tier: LOW)",NONE,False,False,,0.2267,22.7,LOW,214,150,33.3,,,,,,,,,,,,,,,,,,,,,156.0,,,0.0,336.0,,,,,,,,,,,,,,,TRACK_CIRCUIT,CNB,439.91,0.0,0.0,15.0,0.0,4.39,5.32,6.0,0.0,74.7,128.0,92.2
TSK-SIG-0323,SIG-0323,SIGNAL_AND_TELECOM,CNB,CNB,440.0,440.1,YARD,"Signal maintenance (TRACK_CIRCUIT at CNB, Tier: LOW)",NONE,False,False,,0.2267,22.7,LOW,214,150,33.3,,,,,,,,,,,,,,,,,,,,,158.0,,,0.0,264.0,,,,,,,,,,,,,,,TRACK_CIRCUIT,CNB,440.0,0.0,0.0,15.0,0.0,2.95,6.24,18.0,0.0,85.6,307.0,72.1
TSK-SIG-0079,SIG-0079,SIGNAL_AND_TELECOM,KRJ,KRJ,81.61,81.71,UP,"Signal maintenance (TRACK_CIRCUIT at KRJ, Tier: LOW)",NONE,False,False,,0.2267,22.7,LOW,214,150,33.3,,,,,,,,,,,,,,,,,,,,,157.0,,,0.0,264.0,,,,,,,,,,,,,,,TRACK_CIRCUIT,KRJ,81.61,0.0,0.0,15.0,0.0,5.26,3.93,19.0,0.0,80.8,439.0,72.15
TSK-SIG-0060,SIG-0060,SIGNAL_AND_TELECOM,TDL,TDL,209.68,209.78,DN,"Signal maintenance (TRACK_CIRCUIT at TDL, Tier: LOW)",NONE,False,False,,0.2267,22.7,LOW,214,150,33.3,,,,,,,,,,,,,,,,,,,,,155.0,,,0.0,265.0,,,,,,,,,,,,,,,TRACK_CIRCUIT,TDL,209.68,0.0,0.0,15.0,0.0,5.54,5.09,17.0,0.0,81.3,600.0,72.25
TSK-SIG-0130,SIG-0130,SIGNAL_AND_TELECOM,TDL,TDL,208.48,208.58,DN,"Signal maintenance (AXLE_COUNTER at TDL, Tier: HIGH)",NONE,False,True,,0.2267,22.7,LOW,214,150,33.3,,,,,,,,,,,,,,,,,,,,,159.0,,,1.0,16.0,,,,,,,,,,,,,,,AXLE_COUNTER,TDL,208.48,0.0,0.0,15.0,0.0,0.0,5.0,11.0,0.0,77.1,608.0,45.0
TSK-SIG-0374,SIG-0374,SIGNAL_AND_TELECOM,PHD,PHD,358.17,358.27,UP,"Signal maintenance (EI_SYSTEM at PHD, Tier: LOW)",NONE,False,False,,0.2267,22.7,LOW,214,150,33.3,,,,,,,,,,,,,,,,,,,,,165.0,,,0.0,257.0,,,,,,,,,,,,,,,EI_SYSTEM,PHD,358.17,0.0,0.0,15.0,0.0,0.0,5.0,16.0,6.0,73.1,352.0,70.0
TSK-SIG-0052,SIG-0052,SIGNAL_AND_TELECOM,TDL,TDL,207.93,208.03,DN,"Signal maintenance (TRACK_CIRCUIT at TDL, Tier: LOW)",NONE,False,False,,0.2267,22.7,LOW,214,150,33.3,,,,,,,,,,,,,,,,,,,,,159.0,,,0.0,264.0,,,,,,,,,,,,,,,TRACK_CIRCUIT,TDL,207.93,0.0,0.0,15.0,0.0,4.24,3.48,18.0,0.0,87.9,389.0,72.05
TSK-SIG-0086,SIG-0086,SIGNAL_AND_TELECOM,DER,DER,37.32,37.42,DN,"Signal maintenance (POINT_MACHINE at DER, Tier: HIGH)",NONE,False,True,,0.1521,15.2,LOW,179,150,33.1,,,,,,,,,,,,,,,,,,,,,94.0,,,1.0,17.0,,,,,,,,,,,,,,,POINT_MACHINE,DER,37.32,4.89,3.54,14.1,23905.0,0.0,5.0,11.0,0.0,98.8,502.0,46.65
TSK-TRK-0052,TRK-0052,ENGINEERING_TRACK,FZD,ETW,269.8,271.29,UP,"Track maintenance (AVERAGE TGI 52.4, USFD: OBS)",CSM,True,False,,0.0669,6.7,LOW,210,201,33.0,60kg 90UTS,21.0,495.0,52.8,49.9,68.9,49.9,52.38,AVERAGE,OBS,4.0,34.8,22.7,40.0,SAFE_RANGE,True,58.9,GOOD,160.0,A,237.0,False,0.0,0.0,208.0,,,,,,,,,,,,,,,,,,,,,,,,,,,,
TSK-OHE-0431,OHE-0431,TRACTION_DISTRIBUTION_OHE,ALJN,TDL,140.0,141.0,DN,"OHE maintenance (Wire wear 34.8%, ATD: NORMAL)",NONE,True,False,,0.1314,13.1,LOW,170,153,33.0,,,,,,,,,,,,,39.4,,,,,,,,104.0,,,0.0,178.0,140/12,140/17,10.85,34.8,GOOD,GOOD,572.3,NORMAL,5499.0,-17.0,FLASHOVER_RISK,34.0,STABLE,False,,,,,,,,,,,,,,
TSK-TRK-0225,TRK-0225,ENGINEERING_TRACK,FZD,ETW,297.7,298.69,DN,"Track maintenance (AVERAGE TGI 58.2, USFD: CLEAR)",TAMPING,True,False,,0.0546,5.5,LOW,205,178,32.9,60kg 90UTS,15.0,372.2,71.9,58.7,69.7,51.6,58.17999999999999,AVERAGE,CLEAR,0.0,44.8,27.3,40.0,SAFE_RANGE,True,77.7,GOOD,160.0,A,353.0,False,0.0,0.0,240.0,,,,,,,,,,,,,,,,,,,,,,,,,,,,
TSK-TRK-0175,TRK-0175,ENGINEERING_TRACK,PHD,CNB,433.99,435.62,UP,"Track maintenance (AVERAGE TGI 62.1, USFD: OBS)",MANUAL,False,False,,0.044,4.4,LOW,201,181,32.8,60kg 90UTS,20.0,503.6,53.1,49.1,69.3,66.1,62.120000000000005,AVERAGE,OBS,5.0,29.3,19.0,40.0,SAFE_RANGE,True,128.4,FOULED,130.0,A,247.0,False,0.0,0.0,206.0,,,,,,,,,,,,,,,,,,,,,,,,,,,,
TSK-SIG-0388,SIG-0388,SIGNAL_AND_TELECOM,GZB,GZB,24.85,24.95,YARD,"Signal maintenance (TRACK_CIRCUIT at GZB, Tier: LOW)",NONE,False,False,,0.2737,27.4,MEDIUM,246,150,32.7,,,,,,,,,,,,,,,,,,,,,48.0,,,0.0,356.0,,,,,,,,,,,,,,,TRACK_CIRCUIT,GZB,24.85,0.0,0.0,15.0,0.0,4.57,6.21,12.0,0.0,81.9,285.0,97.6
TSK-SIG-0372,SIG-0372,SIGNAL_AND_TELECOM,PHD,PHD,355.9,356.0,UP,"Signal maintenance (AXLE_COUNTER at PHD, Tier: LOW)",NONE,False,False,,0.2737,27.4,MEDIUM,246,150,32.7,,,,,,,,,,,,,,,,,,,,,49.0,,,0.0,365.0,,,,,,,,,,,,,,,AXLE_COUNTER,PHD,355.9,0.0,0.0,15.0,0.0,0.0,5.0,15.0,0.0,89.0,644.0,100.0
TSK-SIG-0031,SIG-0031,SIGNAL_AND_TELECOM,ETW,ETW,300.87,300.97,YARD,"Signal maintenance (POINT_MACHINE at ETW, Tier: MEDIUM)",NONE,False,True,,0.1659,16.6,LOW,192,150,32.7,,,,,,,,,,,,,,,,,,,,,147.0,,,0.0,211.0,,,,,,,,,,,,,,,POINT_MACHINE,ETW,300.87,5.84,2.44,11.5,32479.0,0.0,5.0,19.0,0.0,75.6,240.0,57.34
TSK-TRK-0002,TRK-0002,ENGINEERING_TRACK,NDLS,GZB,0.72,1.55,UP,"Track maintenance (AVERAGE TGI 55.6, USFD: CLEAR)",TAMPING,True,False,,0.0504,5.0,LOW,205,179,32.7,60kg 90UTS,18.0,341.6,56.4,61.1,65.5,52.8,55.61999999999999,AVERAGE,CLEAR,0.0,49.3,34.9,40.0,SAFE_RANGE,True,39.7,GOOD,130.0,A,306.0,False,0.0,0.0,248.0,,,,,,,,,,,,,,,,,,,,,,,,,,,,
TSK-SIG-0122,SIG-0122,SIGNAL_AND_TELECOM,PHD,PHD,356.7,356.8,UP,"Signal maintenance (AXLE_COUNTER at PHD, Tier: HIGH)",NONE,False,True,,0.2737,27.4,MEDIUM,246,150,32.7,,,,,,,,,,,,,,,,,,,,,48.0,,,1.0,16.0,,,,,,,,,,,,,,,AXLE_COUNTER,PHD,356.7,0.0,0.0,15.0,0.0,0.0,5.0,4.0,0.0,96.4,415.0,45.0
TSK-SIG-0036,SIG-0036,SIGNAL_AND_TELECOM,NDLS,NDLS,1.33,1.43,UP,"Signal maintenance (POINT_MACHINE at NDLS, Tier: MEDIUM)",NONE,False,True,,0.126,12.6,LOW,173,150,32.6,,,,,,,,,,,,,,,,,,,,,163.0,,,0.0,203.0,,,,,,,,,,,,,,,POINT_MACHINE,NDLS,1.33,5.37,2.83,11.6,17973.0,0.0,5.0,13.0,0.0,73.5,461.0,55.21
TSK-TRK-0300,TRK-0300,ENGINEERING_TRACK,TDL,FZD,223.62,224.16,DN,"Track maintenance (AVERAGE TGI 50.6, USFD: OBS)",CSM,True,False,,0.0554,5.5,LOW,211,203,32.5,60kg 90UTS,19.0,499.2,44.0,58.5,54.3,50.8,50.56,AVERAGE,OBS,5.0,59.4,42.7,40.0,MODERATE_HEAT_EXPANSION,True,145.9,FOULED,160.0,A,257.0,False,0.0,0.0,204.0,,,,,,,,,,,,,,,,,,,,,,,,,,,,
TSK-TRK-0428,TRK-0428,ENGINEERING_TRACK,ALJN,TDL,145.07,146.69,UP,"Track maintenance (AVERAGE TGI 50.2, USFD: OBS)",BCM,True,False,,0.0667,6.7,LOW,218,229,32.4,60kg 90UTS,16.0,475.9,42.2,60.1,72.0,47.6,50.21,AVERAGE,OBS,2.0,54.1,37.1,40.0,SAFE_RANGE,True,37.2,GOOD,160.0,A,108.0,False,0.0,0.0,230.0,,,,,,,,,,,,,,,,,,,,,,,,,,,,
TSK-OHE-0442,OHE-0442,TRACTION_DISTRIBUTION_OHE,ALJN,TDL,170.46,171.71,UP,"OHE maintenance (Wire wear 82.5%, ATD: NORMAL)",TOWER_WAGON,True,False,,0.1501,15.0,LOW,188,163,32.4,,,,,,,,,,,,,21.3,,,,,,,,325.0,,,0.0,201.0,170/10,170/20,8.95,82.5,CRITICAL,WORN,346.1,NORMAL,5490.0,49.0,CLEAN,8.0,STABLE,True,,,,,,,,,,,,,,
TSK-TRK-0842,TRK-0842,ENGINEERING_TRACK,PHD,CNB,389.29,389.99,UP,"Track maintenance (AVERAGE TGI 55.2, USFD: CLEAR)",MANUAL,False,False,,0.0667,6.7,LOW,219,173,32.3,60kg 90UTS,23.0,484.9,54.5,53.1,68.6,53.6,55.23,AVERAGE,CLEAR,0.0,49.6,35.0,40.0,SAFE_RANGE,True,79.5,FOULED,130.0,A,252.0,False,0.0,0.0,257.0,,,,,,,,,,,,,,,,,,,,,,,,,,,,
TSK-TRK-0679,TRK-0679,ENGINEERING_TRACK,FZD,ETW,294.11,294.98,DN,"Track maintenance (AVERAGE TGI 60.9, USFD: CLEAR)",TAMPING,True,False,,0.0258,2.6,LOW,201,187,32.1,60kg 90UTS,22.0,371.5,42.0,58.5,71.3,65.8,60.85999999999999,AVERAGE,CLEAR,0.0,38.8,26.5,40.0,SAFE_RANGE,True,176.6,GOOD,160.0,A,67.0,False,0.0,0.0,290.0,,,,,,,,,,,,,,,,,,,,,,,,,,,,
TSK-TRK-0236,TRK-0236,ENGINEERING_TRACK,ETW,PHD,308.65,309.6,DN,"Track maintenance (AVERAGE TGI 54.5, USFD: CLEAR)",TAMPING,True,False,,0.0779,7.8,LOW,228,199,32.1,60kg 90UTS,22.0,397.8,34.2,71.6,72.7,55.3,54.45,AVERAGE,CLEAR,0.0,42.0,29.0,40.0,SAFE_RANGE,True,80.8,GOOD,160.0,A,311.0,False,0.0,0.0,247.0,,,,,,,,,,,,,,,,,,,,,,,,,,,,
TSK-TRK-0513,TRK-0513,ENGINEERING_TRACK,DER,KRJ,42.49,44.28,DN,"Track maintenance (AVERAGE TGI 55.6, USFD: CLEAR)",MANUAL,False,False,,0.0269,2.7,LOW,204,176,32.0,52kg 72UTS,17.0,395.7,45.7,57.6,62.1,57.5,55.61,AVERAGE,CLEAR,0.0,35.2,23.5,40.0,SAFE_RANGE,True,10.5,GOOD,130.0,A,297.0,False,0.0,0.0,250.0,,,,,,,,,,,,,,,,,,,,,,,,,,,,
TSK-TRK-0489,TRK-0489,ENGINEERING_TRACK,PHD,CNB,437.08,437.73,DN,"Track maintenance (AVERAGE TGI 58.5, USFD: OBS)",MANUAL,False,False,,0.0325,3.3,LOW,208,168,31.9,52kg 72UTS,16.0,517.4,41.7,48.1,69.3,64.1,58.54,AVERAGE,OBS,5.0,31.9,20.3,40.0,SAFE_RANGE,True,174.0,GOOD,130.0,A,292.0,False,0.0,0.0,198.0,,,,,,,,,,,,,,,,,,,,,,,,,,,,
TSK-TRK-0479,TRK-0479,ENGINEERING_TRACK,FZD,ETW,230.01,231.3,DN,"Track maintenance (AVERAGE TGI 59.0, USFD: CLEAR)",TAMPING,True,False,,0.0763,7.6,LOW,230,185,31.9,60kg 90UTS,18.0,473.4,59.5,69.2,70.8,55.1,58.96,AVERAGE,CLEAR,0.0,42.1,26.5,40.0,SAFE_RANGE,True,27.6,FOULED,160.0,A,349.0,False,0.0,0.0,240.0,,,,,,,,,,,,,,,,,,,,,,,,,,,,
TSK-TRK-0387,TRK-0387,ENGINEERING_TRACK,KRJ,ALJN,125.82,126.93,DN,"Track maintenance (AVERAGE TGI 58.6, USFD: OBS)",MANUAL,False,False,,0.0221,2.2,LOW,202,178,31.9,60kg 90UTS,21.0,484.9,65.1,58.6,64.6,55.4,58.58,AVERAGE,OBS,3.0,33.8,18.4,40.0,SAFE_RANGE,True,96.3,GOOD,130.0,A,333.0,False,0.0,0.0,191.0,,,,,,,,,,,,,,,,,,,,,,,,,,,,
TSK-TRK-0737,TRK-0737,ENGINEERING_TRACK,PHD,CNB,394.04,394.54,DN,"Track maintenance (AVERAGE TGI 55.8, USFD: OBS)",TAMPING,True,False,,0.0278,2.8,LOW,207,182,31.8,60kg 90UTS,20.0,415.7,52.8,64.1,55.4,55.5,55.81,AVERAGE,OBS,2.0,35.5,18.0,40.0,SAFE_RANGE,True,86.8,GOOD,130.0,A,311.0,False,0.0,0.0,195.0,,,,,,,,,,,,,,,,,,,,,,,,,,,,
TSK-SIG-0087,SIG-0087,SIGNAL_AND_TELECOM,GZB,GZB,23.57,23.67,UP,"Signal maintenance (POINT_MACHINE at GZB, Tier: MEDIUM)",NONE,False,True,,0.1529,15.3,LOW,198,150,31.8,,,,,,,,,,,,,,,,,,,,,91.0,,,0.0,218.0,,,,,,,,,,,,,,,POINT_MACHINE,GZB,23.57,5.1,2.83,18.4,25704.0,0.0,5.0,10.0,0.0,81.0,570.0,59.26
TSK-OHE-0408,OHE-0408,TRACTION_DISTRIBUTION_OHE,TDL,FZD,224.67,226.15,DN,"OHE maintenance (Wire wear 36.6%, ATD: NORMAL)",NONE,True,False,,0.0973,9.7,LOW,171,156,31.7,,,,,,,,,,,,,36.4,,,,,,,,89.0,,,0.0,180.0,224/5,224/25,10.78,36.6,GOOD,GOOD,468.4,NORMAL,5546.0,20.0,FLASHOVER_RISK,20.0,STABLE,False,,,,,,,,,,,,,,
TSK-TRK-0562,TRK-0562,ENGINEERING_TRACK,DER,KRJ,56.83,58.07,UP,"Track maintenance (AVERAGE TGI 61.0, USFD: OBS)",TAMPING,True,False,,0.0158,1.6,LOW,203,187,31.6,60kg 90UTS,20.0,457.1,53.5,54.5,58.7,64.9,60.96,AVERAGE,OBS,4.0,35.1,20.8,40.0,SAFE_RANGE,True,77.6,FOULED,130.0,A,319.0,False,0.0,0.0,193.0,,,,,,,,,,,,,,,,,,,,,,,,,,,,
TSK-TRK-0646,TRK-0646,ENGINEERING_TRACK,PHD,CNB,374.55,375.45,DN,"Track maintenance (AVERAGE TGI 53.8, USFD: CLEAR)",CSM,True,False,,0.0631,6.3,LOW,228,192,31.6,60kg 90UTS,19.0,437.8,44.5,71.6,65.7,52.0,53.83,AVERAGE,CLEAR,0.0,39.8,23.9,40.0,SAFE_RANGE,True,16.6,FOULED,130.0,A,301.0,False,0.0,0.0,249.0,,,,,,,,,,,,,,,,,,,,,,,,,,,,
TSK-OHE-0154,OHE-0154,TRACTION_DISTRIBUTION_OHE,KRJ,ALJN,115.94,116.91,DN,"OHE maintenance (Wire wear 78.7%, ATD: NORMAL)",TOWER_WAGON,True,False,,0.1001,10.0,LOW,174,160,31.6,,,,,,,,,,,,,29.5,,,,,,,,288.0,,,0.0,207.0,115/9,115/28,9.1,78.7,CRITICAL,GOOD,423.0,NORMAL,5400.0,70.0,CLEAN,11.0,STABLE,True,,,,,,,,,,,,,,
TSK-TRK-0383,TRK-0383,ENGINEERING_TRACK,FZD,ETW,244.99,246.58,UP,"Track maintenance (AVERAGE TGI 57.9, USFD: CLEAR)",TAMPING,True,False,,0.0613,6.1,LOW,228,185,31.5,60kg 90UTS,17.0,534.5,62.8,30.8,67.5,59.1,57.85,AVERAGE,CLEAR,0.0,44.1,27.7,40.0,SAFE_RANGE,True,80.2,FOULED,160.0,A,27.0,False,0.0,0.0,227.0,,,,,,,,,,,,,,,,,,,,,,,,,,,,
TSK-TRK-0570,TRK-0570,ENGINEERING_TRACK,TDL,FZD,209.9,211.58,UP,"Track maintenance (AVERAGE TGI 58.1, USFD: CLEAR)",MANUAL,False,False,,0.0405,4.1,LOW,221,173,31.3,60kg 90UTS,13.0,225.7,61.0,78.8,77.1,50.5,58.09,AVERAGE,CLEAR,0.0,54.3,39.0,40.0,SAFE_RANGE,True,82.5,GOOD,160.0,A,352.0,False,0.0,0.0,240.0,,,,,,,,,,,,,,,,,,,,,,,,,,,,
TSK-TRK-0424,TRK-0424,ENGINEERING_TRACK,FZD,ETW,263.46,264.8,DN,"Track maintenance (AVERAGE TGI 53.1, USFD: CLEAR)",TAMPING,True,False,,0.053,5.3,LOW,228,197,31.2,60kg 90UTS,11.0,373.3,77.1,63.6,41.6,45.2,53.06,AVERAGE,CLEAR,0.0,56.6,38.9,40.0,MODERATE_HEAT_EXPANSION,True,157.7,FOULED,160.0,A,299.0,False,0.0,0.0,249.0,,,,,,,,,,,,,,,,,,,,,,,,,,,,
TSK-OHE-0006,OHE-0006,TRACTION_DISTRIBUTION_OHE,GZB,DER,28.94,30.08,UP,"OHE maintenance (Wire wear 0.0%, ATD: NORMAL)",NONE,True,False,,0.1165,11.6,LOW,188,145,31.2,,,,,,,,,,,,,35.7,,,,,,,,65.0,,,0.0,184.0,28/10,28/25,12.24,0.0,GOOD,GOOD,556.1,NORMAL,5512.0,-23.0,FLASHOVER_RISK,30.0,STABLE,False,,,,,,,,,,,,,,
TSK-TRK-0256,TRK-0256,ENGINEERING_TRACK,DER,KRJ,68.56,69.26,UP,"Track maintenance (AVERAGE TGI 57.1, USFD: OBS)",TAMPING,True,False,,0.0246,2.5,LOW,214,185,31.2,60kg 90UTS,23.0,493.2,48.1,62.0,57.2,59.3,57.11999999999999,AVERAGE,OBS,2.0,53.2,37.8,40.0,SAFE_RANGE,True,88.1,FOULED,130.0,A,300.0,False,0.0,0.0,197.0,,,,,,,,,,,,,,,,,,,,,,,,,,,,
TSK-TRK-0152,TRK-0152,ENGINEERING_TRACK,DER,KRJ,61.55,62.53,UP,"Track maintenance (AVERAGE TGI 59.6, USFD: CLEAR)",TAMPING,True,False,,0.029,2.9,LOW,217,178,31.2,60kg 90UTS,11.0,310.4,66.4,47.9,69.9,57.5,59.56,AVERAGE,CLEAR,0.0,40.8,26.0,40.0,SAFE_RANGE,True,76.7,GOOD,130.0,A,358.0,False,0.0,0.0,239.0,,,,,,,,,,,,,,,,,,,,,,,,,,,,
TSK-TRK-0063,TRK-0063,ENGINEERING_TRACK,ETW,PHD,344.61,345.25,UP,"Track maintenance (AVERAGE TGI 54.9, USFD: CLEAR)",TAMPING,True,False,,0.0437,4.4,LOW,224,196,31.2,60kg 90UTS,13.0,374.9,35.5,55.2,67.3,59.2,54.870000000000005,AVERAGE,CLEAR,0.0,40.7,26.0,40.0,SAFE_RANGE,True,85.2,GOOD,160.0,A,276.0,False,0.0,0.0,253.0,,,,,,,,,,,,,,,,,,,,,,,,,,,,
TSK-OHE-0121,OHE-0121,TRACTION_DISTRIBUTION_OHE,DER,KRJ,75.93,77.42,UP,"OHE maintenance (Wire wear 81.2%, ATD: NORMAL)",TOWER_WAGON,True,False,,0.126,12.6,LOW,195,164,31.1,,,,,,,,,,,,,30.9,,,,,,,,225.0,,,0.0,216.0,75/7,75/23,9.0,81.2,CRITICAL,WORN,646.1,NORMAL,5603.0,92.0,CLEAN,12.0,STABLE,True,,,,,,,,,,,,,,
TSK-TRK-0103,TRK-0103,ENGINEERING_TRACK,ETW,PHD,353.28,355.06,UP,"Track maintenance (AVERAGE TGI 60.7, USFD: OBS)",TAMPING,True,False,,0.0181,1.8,LOW,213,188,31.0,60kg 90UTS,22.0,491.6,45.1,57.9,59.3,66.6,60.7,AVERAGE,OBS,3.0,31.8,19.6,40.0,SAFE_RANGE,True,174.3,FOULED,160.0,A,237.0,False,0.0,0.0,208.0,,,,,,,,,,,,,,,,,,,,,,,,,,,,
TSK-TRK-0775,TRK-0775,ENGINEERING_TRACK,GZB,DER,25.78,26.34,UP,"Track maintenance (AVERAGE TGI 62.3, USFD: CLEAR)",TAMPING,True,False,,0.0376,3.8,LOW,223,173,31.0,60kg 90UTS,11.0,208.3,63.5,63.5,80.3,58.7,62.3,AVERAGE,CLEAR,0.0,39.0,26.6,40.0,SAFE_RANGE,True,146.8,FOULED,130.0,A,354.0,False,0.0,0.0,240.0,,,,,,,,,,,,,,,,,,,,,,,,,,,,
TSK-SIG-0135,SIG-0135,SIGNAL_AND_TELECOM,ALJN,ALJN,132.09,132.19,UP,"Signal maintenance (POINT_MACHINE at ALJN, Tier: MEDIUM)",NONE,False,True,,0.1363,13.6,LOW,201,150,31.0,,,,,,,,,,,,,,,,,,,,,344.0,,,0.0,233.0,,,,,,,,,,,,,,,POINT_MACHINE,ALJN,132.09,5.11,2.65,11.5,22819.0,0.0,5.0,5.0,0.0,81.6,697.0,63.35
TSK-OHE-0544,OHE-0544,TRACTION_DISTRIBUTION_OHE,GZB,DER,28.65,29.42,DN,"OHE maintenance (Wire wear 27.1%, ATD: NORMAL)",NONE,True,False,,0.1032,10.3,LOW,186,151,30.9,,,,,,,,,,,,,24.9,,,,,,,,92.0,,,0.0,180.0,28/3,28/26,11.16,27.1,GOOD,GOOD,461.6,NORMAL,5506.0,-26.0,FLASHOVER_RISK,23.0,STABLE,False,,,,,,,,,,,,,,
TSK-TRK-0561,TRK-0561,ENGINEERING_TRACK,TDL,FZD,213.12,214.79,DN,"Track maintenance (AVERAGE TGI 53.2, USFD: OBS)",TAMPING,True,False,,0.0565,5.7,LOW,237,203,30.7,60kg 90UTS,25.0,406.2,56.7,69.7,66.6,47.1,53.23,AVERAGE,OBS,4.0,37.1,26.6,40.0,SAFE_RANGE,True,172.0,FOULED,160.0,A,140.0,False,0.0,0.0,225.0,,,,,,,,,,,,,,,,,,,,,,,,,,,,
TSK-TRK-0470,TRK-0470,ENGINEERING_TRACK,KRJ,ALJN,107.99,108.77,UP,"Track maintenance (AVERAGE TGI 56.3, USFD: CLEAR)",TAMPING,True,False,,0.0758,7.6,LOW,247,184,30.7,60kg 90UTS,19.0,522.6,48.3,55.2,54.1,59.5,56.29,AVERAGE,CLEAR,0.0,38.7,22.7,40.0,SAFE_RANGE,True,74.7,FOULED,130.0,A,59.0,False,0.0,0.0,291.0,,,,,,,,,,,,,,,,,,,,,,,,,,,,
TSK-SIG-0256,SIG-0256,SIGNAL_AND_TELECOM,CNB,CNB,440.0,440.1,YARD,"Signal maintenance (POINT_MACHINE at CNB, Tier: MEDIUM)",NONE,False,True,,0.1359,13.6,LOW,207,150,30.6,,,,,,,,,,,,,,,,,,,,,207.0,,,0.0,220.0,,,,,,,,,,,,,,,POINT_MACHINE,CNB,440.0,4.8,2.67,7.4,23682.0,0.0,5.0,8.0,0.0,98.8,334.0,59.73
TSK-TRK-0166,TRK-0166,ENGINEERING_TRACK,NDLS,GZB,1.95,3.87,DN,"Track maintenance (AVERAGE TGI 60.1, USFD: CLEAR)",TAMPING,True,False,,0.0235,2.4,LOW,222,186,30.6,60kg 90UTS,21.0,403.5,68.4,64.8,64.4,55.8,60.08,AVERAGE,CLEAR,0.0,47.8,32.9,40.0,SAFE_RANGE,True,5.5,GOOD,130.0,A,326.0,False,0.0,0.0,244.0,,,,,,,,,,,,,,,,,,,,,,,,,,,,
TSK-TRK-0415,TRK-0415,ENGINEERING_TRACK,FZD,ETW,252.81,253.54,DN,"Track maintenance (AVERAGE TGI 60.9, USFD: CLEAR)",MANUAL,False,False,,0.0396,4.0,LOW,232,170,30.5,60kg 90UTS,9.0,288.9,54.4,75.9,78.2,57.7,60.91,AVERAGE,CLEAR,0.0,41.9,29.0,40.0,SAFE_RANGE,True,49.6,GOOD,160.0,A,353.0,False,0.0,0.0,240.0,,,,,,,,,,,,,,,,,,,,,,,,,,,,
TSK-TRK-0288,TRK-0288,ENGINEERING_TRACK,TDL,FZD,215.5,216.8,UP,"Track maintenance (AVERAGE TGI 59.6, USFD: CLEAR)",TAMPING,True,False,,0.0423,4.2,LOW,234,182,30.5,60kg 90UTS,15.0,317.5,61.6,80.2,63.0,55.0,59.64,AVERAGE,CLEAR,0.0,35.9,24.9,40.0,SAFE_RANGE,True,28.4,GOOD,160.0,A,356.0,False,0.0,0.0,239.0,,,,,,,,,,,,,,,,,,,,,,,,,,,,
TSK-TRK-0445,TRK-0445,ENGINEERING_TRACK,ETW,PHD,326.7,328.51,DN,"Track maintenance (AVERAGE TGI 57.7, USFD: CLEAR)",TAMPING,True,False,,0.01,1.0,LOW,220,182,30.3,60kg 90UTS,18.0,430.1,59.9,55.1,50.3,58.6,57.67999999999999,AVERAGE,CLEAR,0.0,58.8,43.2,40.0,MODERATE_HEAT_EXPANSION,True,31.9,GOOD,160.0,A,310.0,False,0.0,0.0,247.0,,,,,,,,,,,,,,,,,,,,,,,,,,,,
TSK-SIG-0192,SIG-0192,SIGNAL_AND_TELECOM,DER,DER,37.59,37.69,DN,"Signal maintenance (TRACK_CIRCUIT at DER, Tier: LOW)",NONE,False,False,,0.2492,24.9,LOW,269,150,30.3,,,,,,,,,,,,,,,,,,,,,46.0,,,0.0,356.0,,,,,,,,,,,,,,,TRACK_CIRCUIT,DER,37.59,0.0,0.0,15.0,0.0,2.94,4.79,9.0,0.0,73.1,284.0,97.7
TSK-TRK-0701,TRK-0701,ENGINEERING_TRACK,TDL,FZD,221.74,223.44,UP,"Track maintenance (AVERAGE TGI 57.5, USFD: OBS)",TAMPING,True,False,,0.0126,1.3,LOW,221,187,30.3,60kg 90UTS,20.0,382.9,56.5,66.5,71.1,54.1,57.52,AVERAGE,OBS,1.0,46.3,35.3,40.0,SAFE_RANGE,True,35.9,GOOD,160.0,A,315.0,False,0.0,0.0,194.0,,,,,,,,,,,,,,,,,,,,,,,,,,,,
TSK-SIG-0415,SIG-0415,SIGNAL_AND_TELECOM,NDLS,NDLS,0.0,0.1,YARD,"Signal maintenance (AXLE_COUNTER at NDLS, Tier: LOW)",NONE,False,False,,0.2492,24.9,LOW,269,150,30.3,,,,,,,,,,,,,,,,,,,,,46.0,,,0.0,336.0,,,,,,,,,,,,,,,AXLE_COUNTER,NDLS,0.0,0.0,0.0,15.0,0.0,0.0,5.0,18.0,0.0,89.8,292.0,92.0
TSK-TRK-0099,TRK-0099,ENGINEERING_TRACK,FZD,ETW,286.86,288.77,UP,"Track maintenance (AVERAGE TGI 60.2, USFD: OBS)",TAMPING,True,False,,0.0143,1.4,LOW,222,190,30.3,60kg 90UTS,22.0,432.9,64.7,37.4,62.9,62.0,60.17,AVERAGE,OBS,1.0,51.6,34.1,40.0,SAFE_RANGE,True,59.0,FOULED,160.0,A,317.0,False,0.0,0.0,194.0,,,,,,,,,,,,,,,,,,,,,,,,,,,,
TSK-SIG-0324,SIG-0324,SIGNAL_AND_TELECOM,GZB,GZB,24.73,24.83,UP,"Signal maintenance (TRACK_CIRCUIT at GZB, Tier: LOW)",NONE,False,False,,0.2492,24.9,LOW,269,150,30.3,,,,,,,,,,,,,,,,,,,,,44.0,,,0.0,357.0,,,,,,,,,,,,,,,TRACK_CIRCUIT,GZB,24.73,0.0,0.0,15.0,0.0,5.36,6.9,1.0,0.0,72.8,43.0,97.8
TSK-SIG-0177,SIG-0177,SIGNAL_AND_TELECOM,TDL,TDL,210.44,210.54,UP,"Signal maintenance (TRACK_CIRCUIT at TDL, Tier: LOW)",NONE,False,False,,0.2492,24.9,LOW,269,150,30.3,,,,,,,,,,,,,,,,,,,,,47.0,,,0.0,356.0,,,,,,,,,,,,,,,TRACK_CIRCUIT,TDL,210.44,0.0,0.0,15.0,0.0,3.78,4.38,2.0,0.0,82.1,695.0,97.65
TSK-SIG-0270,SIG-0270,SIGNAL_AND_TELECOM,KRJ,KRJ,83.45,83.55,UP,"Signal maintenance (TRACK_CIRCUIT at KRJ, Tier: LOW)",NONE,False,False,,0.2492,24.9,LOW,269,150,30.3,,,,,,,,,,,,,,,,,,,,,47.0,,,0.0,284.0,,,,,,,,,,,,,,,TRACK_CIRCUIT,KRJ,83.45,0.0,0.0,15.0,0.0,5.74,6.83,19.0,0.0,76.9,285.0,77.65
TSK-TRK-0102,TRK-0102,ENGINEERING_TRACK,DER,KRJ,76.84,78.32,DN,"Track maintenance (AVERAGE TGI 54.4, USFD: CLEAR)",CSM,True,False,,0.0345,3.5,LOW,234,199,30.2,60kg 90UTS,20.0,463.2,54.3,58.4,64.6,52.1,54.42,AVERAGE,CLEAR,0.0,53.0,42.7,40.0,SAFE_RANGE,True,66.7,GOOD,130.0,A,232.0,False,0.0,0.0,261.0,,,,,,,,,,,,,,,,,,,,,,,,,,,,
TSK-TRK-0101,TRK-0101,ENGINEERING_TRACK,GZB,DER,27.58,28.89,DN,"Track maintenance (AVERAGE TGI 60.5, USFD: OBS)",TAMPING,True,False,,0.0085,0.9,LOW,221,182,30.2,60kg 90UTS,15.0,336.3,52.4,71.9,64.0,60.8,60.55,AVERAGE,OBS,1.0,58.3,42.7,40.0,MODERATE_HEAT_EXPANSION,True,97.2,GOOD,130.0,A,305.0,False,0.0,0.0,196.0,,,,,,,,,,,,,,,,,,,,,,,,,,,,
TSK-TRK-0659,TRK-0659,ENGINEERING_TRACK,ALJN,TDL,173.56,174.52,DN,"Track maintenance (AVERAGE TGI 60.0, USFD: OBS)",TAMPING,True,False,,0.0213,2.1,LOW,229,187,30.1,60kg 90UTS,22.0,383.7,58.4,57.4,73.8,58.6,59.96,AVERAGE,OBS,2.0,53.4,40.3,40.0,SAFE_RANGE,True,163.8,FOULED,160.0,A,206.0,False,0.0,0.0,213.0,,,,,,,,,,,,,,,,,,,,,,,,,,,,
TSK-OHE-0502,OHE-0502,TRACTION_DISTRIBUTION_OHE,TDL,FZD,221.15,221.9,UP,"OHE maintenance (Wire wear 16.0%, ATD: NORMAL)",NONE,True,False,,0.0805,8.1,LOW,186,150,30.1,,,,,,,,,,,,,30.3,,,,,,,,54.0,,,0.0,185.0,221/15,221/16,11.6,16.0,GOOD,GOOD,579.3,NORMAL,5547.0,-76.0,FLASHOVER_RISK,28.0,STABLE,False,,,,,,,,,,,,,,
TSK-TRK-0836,TRK-0836,ENGINEERING_TRACK,PHD,CNB,372.57,373.65,DN,"Track maintenance (AVERAGE TGI 60.7, USFD: CLEAR)",TAMPING,True,False,,0.0338,3.4,LOW,235,183,30.1,60kg 90UTS,11.0,334.7,62.7,61.5,67.7,58.8,60.74,AVERAGE,CLEAR,0.0,56.2,38.7,40.0,MODERATE_HEAT_EXPANSION,True,22.7,GOOD,130.0,A,344.0,False,0.0,0.0,241.0,,,,,,,,,,,,,,,,,,,,,,,,,,,,
TSK-TRK-0761,TRK-0761,ENGINEERING_TRACK,GZB,DER,30.0,31.68,UP,"Track maintenance (AVERAGE TGI 57.3, USFD: CLEAR)",TAMPING,True,False,,0.0225,2.3,LOW,231,184,30.0,60kg 90UTS,16.0,310.2,54.4,69.7,72.6,53.6,57.27,AVERAGE,CLEAR,0.0,29.9,18.1,40.0,SAFE_RANGE,True,41.4,GOOD,130.0,A,324.0,False,0.0,0.0,245.0,,,,,,,,,,,,,,,,,,,,,,,,,,,,
TSK-OHE-0104,OHE-0104,TRACTION_DISTRIBUTION_OHE,FZD,ETW,253.21,254.44,UP,"OHE maintenance (Wire wear 62.2%, ATD: NORMAL)",NONE,True,False,,0.0491,4.9,LOW,171,158,30.0,,,,,,,,,,,,,26.3,,,,,,,,145.0,,,0.0,190.0,253/5,253/17,9.76,62.2,WORN,GOOD,422.5,NORMAL,5547.0,-54.0,FLASHOVER_RISK,13.0,STABLE,False,,,,,,,,,,,,,,
TSK-OHE-0324,OHE-0324,TRACTION_DISTRIBUTION_OHE,ETW,PHD,337.54,338.53,DN,"OHE maintenance (Wire wear 70.2%, ATD: NORMAL)",TOWER_WAGON,True,False,,0.1078,10.8,LOW,202,159,29.9,,,,,,,,,,,,,32.1,,,,,,,,187.0,,,0.0,222.0,337/5,337/29,9.44,70.2,CRITICAL,GOOD,688.7,NORMAL,5574.0,-17.0,CLEAN,12.0,STABLE,True,,,,,,,,,,,,,,
TSK-OHE-0474,OHE-0474,TRACTION_DISTRIBUTION_OHE,TDL,FZD,217.37,218.09,UP,"OHE maintenance (Wire wear 69.2%, ATD: NORMAL)",TOWER_WAGON,True,False,,0.1126,11.3,LOW,209,158,29.6,,,,,,,,,,,,,33.7,,,,,,,,106.0,,,0.0,234.0,217/2,217/16,9.48,69.2,CRITICAL,WORN,686.8,NORMAL,5570.0,-26.0,CLEAN,15.0,STABLE,True,,,,,,,,,,,,,,
TSK-OHE-0061,OHE-0061,TRACTION_DISTRIBUTION_OHE,NDLS,GZB,2.39,3.06,DN,"OHE maintenance (Wire wear 80.7%, ATD: NORMAL)",TOWER_WAGON,True,False,,0.0655,6.5,LOW,185,161,29.6,,,,,,,,,,,,,31.6,,,,,,,,331.0,,,0.0,200.0,2/15,2/27,9.02,80.7,CRITICAL,GOOD,444.9,NORMAL,5544.0,-6.0,CLEAN,7.0,STABLE,True,,,,,,,,,,,,,,
TSK-TRK-0473,TRK-0473,ENGINEERING_TRACK,FZD,ETW,287.14,288.13,UP,"Track maintenance (AVERAGE TGI 50.5, USFD: CLEAR)",TAMPING,True,False,,0.04,4.0,LOW,246,203,29.6,60kg 90UTS,19.0,492.3,51.1,47.9,68.0,47.8,50.49,AVERAGE,CLEAR,0.0,42.2,27.8,40.0,SAFE_RANGE,True,134.0,FOULED,160.0,A,189.0,False,0.0,0.0,268.0,,,,,,,,,,,,,,,,,,,,,,,,,,,,
TSK-TRK-0765,TRK-0765,ENGINEERING_TRACK,NDLS,GZB,19.95,20.66,UP,"Track maintenance (AVERAGE TGI 63.5, USFD: CLEAR)",TAMPING,True,False,,0.029,2.9,LOW,240,179,29.6,60kg 90UTS,11.0,370.9,62.8,65.3,71.6,62.1,63.510000000000005,AVERAGE,CLEAR,0.0,37.8,25.9,40.0,SAFE_RANGE,True,145.7,GOOD,130.0,A,343.0,False,0.0,0.0,241.0,,,,,,,,,,,,,,,,,,,,,,,,,,,,
TSK-TRK-0403,TRK-0403,ENGINEERING_TRACK,ALJN,TDL,175.55,176.91,DN,"Track maintenance (AVERAGE TGI 59.0, USFD: OBS)",TAMPING,True,False,,0.0134,1.3,LOW,231,187,29.6,60kg 90UTS,21.0,474.0,60.1,55.1,58.6,59.3,58.96999999999999,AVERAGE,OBS,5.0,51.7,35.0,40.0,SAFE_RANGE,True,93.0,GOOD,160.0,A,197.0,False,0.0,0.0,215.0,,,,,,,,,,,,,,,,,,,,,,,,,,,,
TSK-SIG-0359,SIG-0359,SIGNAL_AND_TELECOM,CNB,CNB,439.99,440.09,UP,"Signal maintenance (POINT_MACHINE at CNB, Tier: MEDIUM)",NONE,False,True,,0.1118,11.2,LOW,210,150,29.5,,,,,,,,,,,,,,,,,,,,,30.0,,,0.0,217.0,,,,,,,,,,,,,,,POINT_MACHINE,CNB,439.99,5.15,2.43,7.0,30438.0,0.0,5.0,7.0,0.0,73.2,205.0,58.93
TSK-TRK-0664,TRK-0664,ENGINEERING_TRACK,FZD,ETW,284.66,285.64,DN,"Track maintenance (AVERAGE TGI 52.3, USFD: CLEAR)",TAMPING,True,False,,0.042,4.2,LOW,248,198,29.5,60kg 90UTS,24.0,424.1,44.0,64.5,61.3,51.5,52.28,AVERAGE,CLEAR,0.0,37.2,22.5,40.0,SAFE_RANGE,True,59.0,FOULED,160.0,A,149.0,False,0.0,0.0,275.0,,,,,,,,,,,,,,,,,,,,,,,,,,,,
TSK-OHE-0311,OHE-0311,TRACTION_DISTRIBUTION_OHE,FZD,ETW,288.46,289.16,UP,"OHE maintenance (Wire wear 0.0%, ATD: NORMAL)",NONE,True,False,,0.0658,6.6,LOW,189,143,29.4,,,,,,,,,,,,,33.5,,,,,,,,74.0,,,0.0,182.0,288/14,288/32,12.24,0.0,GOOD,GOOD,566.5,NORMAL,5596.0,-48.0,FLASHOVER_RISK,18.0,STABLE,False,,,,,,,,,,,,,,
TSK-TRK-0207,TRK-0207,ENGINEERING_TRACK,ETW,PHD,314.25,315.09,UP,"Track maintenance (AVERAGE TGI 61.1, USFD: OBS)",TAMPING,True,False,,0.006,0.6,LOW,231,183,29.4,60kg 90UTS,15.0,499.4,47.3,47.5,59.5,68.2,61.080000000000005,AVERAGE,OBS,5.0,42.0,28.7,40.0,SAFE_RANGE,True,95.4,GOOD,160.0,A,203.0,False,0.0,0.0,213.0,,,,,,,,,,,,,,,,,,,,,,,,,,,,
TSK-TRK-0834,TRK-0834,ENGINEERING_TRACK,FZD,ETW,274.39,276.07,DN,"Track maintenance (AVERAGE TGI 57.3, USFD: CLEAR)",MANUAL,False,False,,0.0079,0.8,LOW,233,175,29.3,52kg 72UTS,8.0,155.8,82.3,78.6,66.2,43.9,57.28,AVERAGE,CLEAR,0.0,31.7,21.0,40.0,SAFE_RANGE,True,16.0,GOOD,160.0,A,308.0,False,0.0,0.0,248.0,,,,,,,,,,,,,,,,,,,,,,,,,,,,
TSK-OHE-0136,OHE-0136,TRACTION_DISTRIBUTION_OHE,DER,KRJ,70.24,70.88,UP,"OHE maintenance (Wire wear 0.0%, ATD: NORMAL)",NONE,True,False,,0.0669,6.7,LOW,190,143,29.3,,,,,,,,,,,,,38.3,,,,,,,,90.0,,,0.0,180.0,70/6,70/17,12.24,0.0,GOOD,GOOD,530.0,NORMAL,5590.0,-147.0,FLASHOVER_RISK,19.0,STABLE,False,,,,,,,,,,,,,,
TSK-SIG-0435,SIG-0435,SIGNAL_AND_TELECOM,FZD,FZD,226.68,226.78,YARD,"Signal maintenance (POINT_MACHINE at FZD, Tier: MEDIUM)",NONE,False,True,,0.0953,9.5,LOW,206,150,29.2,,,,,,,,,,,,,,,,,,,,,241.0,,,0.0,207.0,,,,,,,,,,,,,,,POINT_MACHINE,FZD,226.68,5.81,2.44,9.5,17427.0,0.0,5.0,14.0,0.0,85.9,690.0,56.29
TSK-TRK-0546,TRK-0546,ENGINEERING_TRACK,GZB,DER,26.56,28.16,DN,"Track maintenance (AVERAGE TGI 59.5, USFD: CLEAR)",MANUAL,False,False,,0.0088,0.9,LOW,235,182,29.2,60kg 90UTS,15.0,380.1,62.2,66.1,74.1,55.1,59.52,AVERAGE,CLEAR,0.0,46.5,31.6,40.0,SAFE_RANGE,True,44.1,GOOD,130.0,A,327.0,False,0.0,0.0,244.0,,,,,,,,,,,,,,,,,,,,,,,,,,,,
TSK-TRK-0752,TRK-0752,ENGINEERING_TRACK,PHD,CNB,422.12,424.04,DN,"Track maintenance (AVERAGE TGI 50.3, USFD: OBS)",BCM,True,False,,0.0274,2.7,LOW,244,243,29.2,60kg 90UTS,25.0,422.8,55.0,45.2,83.6,44.1,50.34,AVERAGE,OBS,4.0,43.8,33.1,40.0,SAFE_RANGE,True,10.9,GOOD,130.0,A,22.0,False,0.0,0.0,245.0,,,,,,,,,,,,,,,,,,,,,,,,,,,,
TSK-TRK-0638,TRK-0638,ENGINEERING_TRACK,FZD,ETW,291.13,291.81,DN,"Track maintenance (AVERAGE TGI 63.2, USFD: OBS)",TAMPING,True,False,,0.025,2.5,LOW,244,184,29.2,60kg 90UTS,11.0,352.6,71.5,62.8,75.5,58.4,63.17,AVERAGE,OBS,1.0,39.8,29.5,40.0,SAFE_RANGE,True,31.8,GOOD,160.0,A,342.0,False,0.0,1.0,29.0,,,,,,,,,,,,,,,,,,,,,,,,,,,,
TSK-TRK-0211,TRK-0211,ENGINEERING_TRACK,KRJ,ALJN,101.64,102.5,DN,"Track maintenance (AVERAGE TGI 58.7, USFD: CLEAR)",MANUAL,False,False,,0.0189,1.9,LOW,241,171,29.2,60kg 90UTS,25.0,516.5,52.9,50.7,53.5,62.8,58.67999999999999,AVERAGE,CLEAR,0.0,45.3,30.1,40.0,SAFE_RANGE,True,55.5,GOOD,130.0,A,189.0,False,0.0,0.0,268.0,,,,,,,,,,,,,,,,,,,,,,,,,,,,
TSK-TRK-0396,TRK-0396,ENGINEERING_TRACK,DER,KRJ,67.58,68.58,DN,"Track maintenance (AVERAGE TGI 59.6, USFD: CLEAR)",TAMPING,True,False,,0.0065,0.7,LOW,235,184,29.1,52kg 72UTS,15.0,358.6,79.7,76.4,68.3,48.7,59.63000000000001,AVERAGE,CLEAR,0.0,52.0,38.1,40.0,SAFE_RANGE,True,19.6,GOOD,130.0,A,335.0,False,0.0,0.0,243.0,,,,,,,,,,,,,,,,,,,,,,,,,,,,
TSK-TRK-0110,TRK-0110,ENGINEERING_TRACK,PHD,CNB,415.4,416.47,DN,"Track maintenance (AVERAGE TGI 63.2, USFD: CLEAR)",TAMPING,True,False,,0.0238,2.4,LOW,244,185,29.1,60kg 90UTS,15.0,376.7,62.0,63.2,63.7,63.6,63.25,AVERAGE,CLEAR,0.0,45.5,29.2,40.0,SAFE_RANGE,True,20.6,GOOD,130.0,A,340.0,False,0.0,0.0,242.0,,,,,,,,,,,,,,,,,,,,,,,,,,,,
TSK-TRK-0596,TRK-0596,ENGINEERING_TRACK,ALJN,TDL,135.19,136.25,DN,"Track maintenance (AVERAGE TGI 60.9, USFD: CLEAR)",TAMPING,True,False,,0.0086,0.9,LOW,238,181,29.0,60kg 90UTS,16.0,400.5,59.1,63.9,56.4,61.8,60.92999999999999,AVERAGE,CLEAR,0.0,53.4,39.6,40.0,SAFE_RANGE,True,95.7,FOULED,160.0,A,277.0,False,0.0,0.0,253.0,,,,,,,,,,,,,,,,,,,,,,,,,,,,
TSK-SIG-0371,SIG-0371,SIGNAL_AND_TELECOM,DER,DER,38.42,38.52,YARD,"Signal maintenance (POINT_MACHINE at DER, Tier: MEDIUM)",NONE,False,True,,0.1144,11.4,LOW,219,150,29.0,,,,,,,,,,,,,,,,,,,,,272.0,,,0.0,219.0,,,,,,,,,,,,,,,POINT_MACHINE,DER,38.42,5.23,2.32,6.8,20934.0,0.0,5.0,17.0,0.0,76.5,258.0,59.71
TSK-SIG-0082,SIG-0082,SIGNAL_AND_TELECOM,FZD,FZD,225.74,225.84,DN,"Signal maintenance (POINT_MACHINE at FZD, Tier: MEDIUM)",NONE,False,False,,0.1342,13.4,LOW,230,150,28.9,,,,,,,,,,,,,,,,,,,,,126.0,,,0.0,240.0,,,,,,,,,,,,,,,POINT_MACHINE,FZD,225.74,4.52,2.94,15.0,11422.0,0.0,5.0,14.0,0.0,90.8,698.0,65.38
TSK-TRK-0503,TRK-0503,ENGINEERING_TRACK,ETW,PHD,346.64,347.82,UP,"Track maintenance (AVERAGE TGI 62.6, USFD: OBS)",TAMPING,True,False,,0.0031,0.3,LOW,236,183,28.9,60kg 90UTS,6.0,183.4,50.2,64.6,81.0,63.4,62.64,AVERAGE,OBS,1.0,58.0,42.4,40.0,MODERATE_HEAT_EXPANSION,True,24.4,GOOD,160.0,A,216.0,False,0.0,0.0,211.0,,,,,,,,,,,,,,,,,,,,,,,,,,,,
TSK-TRK-0685,TRK-0685,ENGINEERING_TRACK,GZB,DER,34.15,35.42,DN,"Track maintenance (AVERAGE TGI 61.1, USFD: OBS)",TAMPING,True,False,,0.0045,0.5,LOW,237,186,28.9,60kg 90UTS,15.0,490.6,52.2,64.8,59.9,63.6,61.07000000000001,AVERAGE,OBS,4.0,39.8,25.0,40.0,SAFE_RANGE,True,16.2,FOULED,130.0,A,221.0,False,0.0,0.0,210.0,,,,,,,,,,,,,,,,,,,,,,,,,,,,
TSK-TRK-0340,TRK-0340,ENGINEERING_TRACK,TDL,FZD,215.55,216.9,DN,"Track maintenance (AVERAGE TGI 60.5, USFD: CLEAR)",TAMPING,True,False,,0.0058,0.6,LOW,238,187,28.9,52kg 72UTS,5.0,106.6,92.0,77.2,80.9,43.8,60.49,AVERAGE,CLEAR,0.0,52.8,36.6,40.0,SAFE_RANGE,True,87.8,GOOD,160.0,A,328.0,False,0.0,0.0,244.0,,,,,,,,,,,,,,,,,,,,,,,,,,,,
TSK-OHE-0379,OHE-0379,TRACTION_DISTRIBUTION_OHE,ALJN,TDL,202.54,204.01,DN,"OHE maintenance (Wire wear 76.7%, ATD: NORMAL)",TOWER_WAGON,True,False,,0.0302,3.0,LOW,178,162,28.9,,,,,,,,,,,,,34.2,,,,,,,,162.0,,,0.0,188.0,202/13,202/25,9.18,76.7,CRITICAL,WORN,459.7,NORMAL,5603.0,-42.0,POLLUTED,10.0,STABLE,True,,,,,,,,,,,,,,
TSK-TRK-0307,TRK-0307,ENGINEERING_TRACK,TDL,FZD,216.15,217.05,UP,"Track maintenance (AVERAGE TGI 56.2, USFD: OBS)",TAMPING,True,False,,0.0153,1.5,LOW,244,186,28.8,60kg 90UTS,23.0,376.2,59.7,46.5,62.5,55.6,56.2,AVERAGE,OBS,3.0,54.3,38.5,40.0,SAFE_RANGE,True,8.7,GOOD,160.0,A,229.0,False,0.0,0.0,209.0,,,,,,,,,,,,,,,,,,,,,,,,,,,,
TSK-SIG-0392,SIG-0392,SIGNAL_AND_TELECOM,NDLS,NDLS,0.76,0.86,UP,"Signal maintenance (POINT_MACHINE at NDLS, Tier: MEDIUM)",NONE,False,True,,0.1182,11.8,LOW,224,150,28.8,,,,,,,,,,,,,,,,,,,,,35.0,,,0.0,226.0,,,,,,,,,,,,,,,POINT_MACHINE,NDLS,0.76,4.48,2.47,4.8,20280.0,0.0,5.0,20.0,0.0,91.5,678.0,61.44
TSK-TRK-0317,TRK-0317,ENGINEERING_TRACK,PHD,CNB,413.34,415.24,UP,"Track maintenance (AVERAGE TGI 61.2, USFD: CLEAR)",MANUAL,False,False,,0.0113,1.1,LOW,242,180,28.8,60kg 90UTS,16.0,335.6,73.4,53.1,82.8,54.9,61.21,AVERAGE,CLEAR,0.0,45.1,28.3,40.0,SAFE_RANGE,True,6.3,GOOD,130.0,A,297.0,False,0.0,0.0,250.0,,,,,,,,,,,,,,,,,,,,,,,,,,,,
TSK-TRK-0536,TRK-0536,ENGINEERING_TRACK,GZB,DER,31.51,32.7,UP,"Track maintenance (AVERAGE TGI 60.8, USFD: CLEAR)",TAMPING,True,False,,0.0077,0.8,LOW,241,185,28.8,60kg 90UTS,15.0,277.9,60.8,62.5,68.8,59.1,60.75,AVERAGE,CLEAR,0.0,53.5,42.9,40.0,SAFE_RANGE,True,19.6,GOOD,130.0,A,310.0,False,0.0,0.0,247.0,,,,,,,,,,,,,,,,,,,,,,,,,,,,
TSK-TRK-0446,TRK-0446,ENGINEERING_TRACK,ETW,PHD,335.71,337.16,DN,"Track maintenance (AVERAGE TGI 52.4, USFD: OBS)",TAMPING,True,False,,0.0139,1.4,LOW,243,200,28.8,60kg 90UTS,17.0,472.5,62.6,59.1,72.5,44.5,52.38,AVERAGE,OBS,5.0,38.9,26.1,40.0,SAFE_RANGE,True,97.1,FOULED,160.0,A,50.0,False,0.0,0.0,240.0,,,,,,,,,,,,,,,,,,,,,,,,,,,,
TSK-TRK-0507,TRK-0507,ENGINEERING_TRACK,FZD,ETW,248.8,250.4,DN,"Track maintenance (AVERAGE TGI 62.3, USFD: CLEAR)",TAMPING,True,False,,0.007,0.7,LOW,240,182,28.8,60kg 90UTS,10.0,275.3,63.8,60.9,78.0,59.4,62.29,AVERAGE,CLEAR,0.0,32.2,21.1,40.0,SAFE_RANGE,True,36.5,GOOD,160.0,A,323.0,False,0.0,0.0,245.0,,,,,,,,,,,,,,,,,,,,,,,,,,,,
TSK-TRK-0608,TRK-0608,ENGINEERING_TRACK,PHD,CNB,389.34,390.58,UP,"Track maintenance (AVERAGE TGI 56.1, USFD: OBS)",TAMPING,True,False,,0.0136,1.4,LOW,245,182,28.7,60kg 90UTS,22.0,488.9,67.0,61.5,69.2,49.4,56.10999999999999,AVERAGE,OBS,2.0,50.0,36.6,40.0,SAFE_RANGE,True,69.5,FOULED,130.0,A,11.0,False,0.0,0.0,247.0,,,,,,,,,,,,,,,,,,,,,,,,,,,,
TSK-SIG-0187,SIG-0187,SIGNAL_AND_TELECOM,DER,DER,38.08,38.18,YARD,"Signal maintenance (AXLE_COUNTER at DER, Tier: LOW)",NONE,False,False,,0.1886,18.9,LOW,261,150,28.7,,,,,,,,,,,,,,,,,,,,,8.0,,,0.0,307.0,,,,,,,,,,,,,,,AXLE_COUNTER,DER,38.08,0.0,0.0,15.0,0.0,0.0,5.0,7.0,0.0,93.0,660.0,84.0
TSK-SIG-0147,SIG-0147,SIGNAL_AND_TELECOM,TDL,TDL,209.63,209.73,DN,"Signal maintenance (TRACK_CIRCUIT at TDL, Tier: LOW)",NONE,False,False,,0.1886,18.9,LOW,261,150,28.7,,,,,,,,,,,,,,,,,,,,,8.0,,,0.0,363.0,,,,,,,,,,,,,,,TRACK_CIRCUIT,TDL,209.63,0.0,0.0,15.0,0.0,5.57,2.67,12.0,0.0,94.6,608.0,99.6
TSK-SIG-0337,SIG-0337,SIGNAL_AND_TELECOM,CNB,CNB,439.69,439.79,UP,"Signal maintenance (TRACK_CIRCUIT at CNB, Tier: LOW)",NONE,False,False,,0.1886,18.9,LOW,261,150,28.7,,,,,,,,,,,,,,,,,,,,,9.0,,,0.0,363.0,,,,,,,,,,,,,,,TRACK_CIRCUIT,CNB,439.69,0.0,0.0,15.0,0.0,3.31,4.47,3.0,0.0,88.4,179.0,99.55
TSK-TRK-0464,TRK-0464,ENGINEERING_TRACK,NDLS,GZB,14.87,15.92,UP,"Track maintenance (AVERAGE TGI 60.9, USFD: CLEAR)",MANUAL,False,False,,0.0111,1.1,LOW,243,177,28.7,52kg 72UTS,11.0,323.6,78.5,60.6,81.6,51.6,60.88,AVERAGE,CLEAR,0.0,49.4,35.1,40.0,SAFE_RANGE,True,69.7,GOOD,130.0,A,273.0,False,0.0,0.0,254.0,,,,,,,,,,,,,,,,,,,,,,,,,,,,
TSK-SIG-0423,SIG-0423,SIGNAL_AND_TELECOM,ALJN,ALJN,131.48,131.58,YARD,"Signal maintenance (AXLE_COUNTER at ALJN, Tier: LOW)",NONE,False,False,,0.1886,18.9,LOW,261,150,28.7,,,,,,,,,,,,,,,,,,,,,9.0,,,0.0,293.0,,,,,,,,,,,,,,,AXLE_COUNTER,ALJN,131.48,0.0,0.0,15.0,0.0,0.0,5.0,10.0,0.0,76.1,481.0,80.0
TSK-TRK-0634,TRK-0634,ENGINEERING_TRACK,TDL,FZD,216.61,218.01,DN,"Track maintenance (AVERAGE TGI 59.9, USFD: CLEAR)",TAMPING,True,False,,0.0071,0.7,LOW,243,184,28.6,52kg 72UTS,16.0,403.7,42.4,76.0,61.6,62.8,59.92,AVERAGE,CLEAR,0.0,35.4,21.8,40.0,SAFE_RANGE,True,22.0,GOOD,160.0,A,255.0,False,0.0,0.0,257.0,,,,,,,,,,,,,,,,,,,,,,,,,,,,
TSK-OHE-0516,OHE-0516,TRACTION_DISTRIBUTION_OHE,GZB,DER,29.06,29.59,UP,"OHE maintenance (Wire wear 80.2%, ATD: NORMAL)",TOWER_WAGON,True,False,,0.0589,5.9,LOW,196,159,28.6,,,,,,,,,,,,,31.6,,,,,,,,271.0,,,0.0,209.0,29/2,29/18,9.04,80.2,CRITICAL,CRITICAL,615.6,NORMAL,5493.0,179.0,CLEAN,6.0,STABLE,True,,,,,,,,,,,,,,
TSK-TRK-0466,TRK-0466,ENGINEERING_TRACK,DER,KRJ,45.04,45.59,UP,"Track maintenance (AVERAGE TGI 59.0, USFD: CLEAR)",TAMPING,True,False,,0.0075,0.7,LOW,243,179,28.6,52kg 72UTS,16.0,301.3,69.3,57.4,66.7,54.6,59.03,AVERAGE,CLEAR,0.0,33.9,18.8,40.0,SAFE_RANGE,True,69.9,GOOD,130.0,A,255.0,False,0.0,0.0,257.0,,,,,,,,,,,,,,,,,,,,,,,,,,,,
TSK-OHE-0481,OHE-0481,TRACTION_DISTRIBUTION_OHE,GZB,DER,25.4,26.08,DN,"OHE maintenance (Wire wear 29.3%, ATD: NORMAL)",NONE,True,False,,0.0579,5.8,LOW,198,151,28.5,,,,,,,,,,,,,43.7,,,,,,,,50.0,,,0.0,186.0,25/3,25/16,11.07,29.3,GOOD,GOOD,572.0,NORMAL,5707.0,0.0,FLASHOVER_RISK,26.0,STABLE,False,,,,,,,,,,,,,,
TSK-TRK-0239,TRK-0239,ENGINEERING_TRACK,FZD,ETW,233.84,234.49,UP,"Track maintenance (AVERAGE TGI 56.8, USFD: OBS)",MANUAL,False,False,,0.0087,0.9,LOW,245,169,28.5,60kg 90UTS,17.0,508.9,43.7,47.7,61.9,61.9,56.84,AVERAGE,OBS,5.0,47.7,33.1,40.0,SAFE_RANGE,True,80.2,GOOD,160.0,A,205.0,False,0.0,0.0,213.0,,,,,,,,,,,,,,,,,,,,,,,,,,,,
TSK-OHE-0259,OHE-0259,TRACTION_DISTRIBUTION_OHE,PHD,CNB,388.78,389.98,DN,"OHE maintenance (Wire wear 73.7%, ATD: NORMAL)",TOWER_WAGON,True,False,,0.0468,4.7,LOW,192,160,28.5,,,,,,,,,,,,,33.3,,,,,,,,277.0,,,0.0,208.0,388/15,388/25,9.3,73.7,CRITICAL,GOOD,508.6,NORMAL,5519.0,111.0,CLEAN,9.0,STABLE,True,,,,,,,,,,,,,,
TSK-OHE-0525,OHE-0525,TRACTION_DISTRIBUTION_OHE,PHD,CNB,378.03,378.94,DN,"OHE maintenance (Wire wear 76.9%, ATD: NORMAL)",TOWER_WAGON,True,False,,0.0499,5.0,LOW,193,163,28.5,,,,,,,,,,,,,22.7,,,,,,,,190.0,,,0.0,222.0,378/15,378/20,9.17,76.9,CRITICAL,CRITICAL,439.2,NORMAL,5579.0,127.0,CLEAN,5.0,STABLE,True,,,,,,,,,,,,,,
TSK-OHE-0420,OHE-0420,TRACTION_DISTRIBUTION_OHE,ALJN,TDL,188.83,189.86,UP,"OHE maintenance (Wire wear 61.9%, ATD: NORMAL)",NONE,True,False,,0.02,2.0,LOW,178,159,28.5,,,,,,,,,,,,,29.4,,,,,,,,233.0,,,0.0,177.0,188/4,188/21,9.77,61.9,WORN,GOOD,590.3,NORMAL,5593.0,-34.0,FLASHOVER_RISK,12.0,STABLE,False,,,,,,,,,,,,,,
TSK-TRK-0708,TRK-0708,ENGINEERING_TRACK,KRJ,ALJN,122.24,123.45,DN,"Track maintenance (AVERAGE TGI 61.9, USFD: CLEAR)",MANUAL,False,False,,0.0064,0.6,LOW,245,176,28.4,60kg 90UTS,17.0,313.2,66.1,61.7,77.9,57.8,61.85999999999999,AVERAGE,CLEAR,0.0,40.6,24.9,40.0,SAFE_RANGE,True,74.7,GOOD,130.0,A,327.0,False,0.0,0.0,244.0,,,,,,,,,,,,,,,,,,,,,,,,,,,,
TSK-TRK-0077,TRK-0077,ENGINEERING_TRACK,GZB,DER,30.17,31.28,DN,"Track maintenance (AVERAGE TGI 55.8, USFD: OBS)",TAMPING,True,False,,0.0136,1.4,LOW,250,185,28.4,60kg 90UTS,22.0,376.0,58.1,63.7,59.6,53.1,55.81,AVERAGE,OBS,2.0,42.1,26.6,40.0,SAFE_RANGE,True,51.9,GOOD,130.0,A,210.0,False,0.0,0.0,212.0,,,,,,,,,,,,,,,,,,,,,,,,,,,,
TSK-SIG-0352,SIG-0352,SIGNAL_AND_TELECOM,CNB,CNB,440.0,440.1,DN,"Signal maintenance (POINT_MACHINE at CNB, Tier: MEDIUM)",NONE,False,True,,0.0896,9.0,LOW,216,150,28.3,,,,,,,,,,,,,,,,,,,,,318.0,,,0.0,228.0,,,,,,,,,,,,,,,POINT_MACHINE,CNB,440.0,4.87,2.76,9.2,24989.0,0.0,5.0,8.0,0.0,73.3,17.0,61.96
TSK-TRK-0084,TRK-0084,ENGINEERING_TRACK,ETW,PHD,352.31,354.11,UP,"Track maintenance (AVERAGE TGI 59.7, USFD: OBS)",TAMPING,True,False,,0.0069,0.7,LOW,247,188,28.3,60kg 90UTS,19.0,430.5,51.7,57.7,52.7,63.8,59.65999999999999,AVERAGE,OBS,4.0,35.1,19.1,40.0,SAFE_RANGE,True,126.9,FOULED,160.0,A,200.0,False,0.0,0.0,214.0,,,,,,,,,,,,,,,,,,,,,,,,,,,,
TSK-TRK-0135,TRK-0135,ENGINEERING_TRACK,KRJ,ALJN,93.65,94.36,UP,"Track maintenance (AVERAGE TGI 61.9, USFD: CLEAR)",MANUAL,False,False,,0.009,0.9,LOW,249,176,28.3,60kg 90UTS,10.0,318.9,75.8,71.2,82.0,52.4,61.92,AVERAGE,CLEAR,0.0,36.8,20.6,40.0,SAFE_RANGE,True,150.3,FOULED,130.0,A,274.0,False,0.0,0.0,254.0,,,,,,,,,,,,,,,,,,,,,,,,,,,,
TSK-TRK-0414,TRK-0414,ENGINEERING_TRACK,ALJN,TDL,145.55,147.11,UP,"Track maintenance (AVERAGE TGI 57.5, USFD: CLEAR)",TAMPING,True,False,,0.0151,1.5,LOW,252,184,28.3,52kg 72UTS,19.0,483.6,70.3,73.1,58.1,50.6,57.540000000000006,AVERAGE,CLEAR,0.0,44.5,31.5,40.0,SAFE_RANGE,True,37.0,FOULED,160.0,A,166.0,False,0.0,0.0,272.0,,,,,,,,,,,,,,,,,,,,,,,,,,,,
TSK-TRK-0386,TRK-0386,ENGINEERING_TRACK,GZB,DER,33.22,33.95,DN,"Track maintenance (AVERAGE TGI 59.4, USFD: OBS)",TAMPING,True,False,,0.0114,1.1,LOW,250,190,28.3,60kg 90UTS,23.0,497.6,51.4,48.8,77.2,60.8,59.35999999999999,AVERAGE,OBS,1.0,31.3,19.9,40.0,SAFE_RANGE,True,45.3,GOOD,130.0,A,41.0,False,0.0,0.0,242.0,,,,,,,,,,,,,,,,,,,,,,,,,,,,
TSK-TRK-0235,TRK-0235,ENGINEERING_TRACK,NDLS,GZB,22.87,24.06,UP,"Track maintenance (AVERAGE TGI 55.7, USFD: CLEAR)",TAMPING,True,False,,0.0117,1.2,LOW,251,181,28.2,60kg 90UTS,15.0,464.3,63.2,50.6,74.9,50.8,55.67,AVERAGE,CLEAR,0.0,50.2,39.6,40.0,SAFE_RANGE,True,152.6,FOULED,130.0,A,214.0,False,0.0,0.0,264.0,,,,,,,,,,,,,,,,,,,,,,,,,,,,
TSK-TRK-0551,TRK-0551,ENGINEERING_TRACK,DER,KRJ,77.96,79.57,DN,"Track maintenance (AVERAGE TGI 61.7, USFD: CLEAR)",TAMPING,True,False,,0.0074,0.7,LOW,249,185,28.2,60kg 90UTS,12.0,373.9,63.5,61.0,57.4,61.9,61.67999999999999,AVERAGE,CLEAR,0.0,40.4,24.8,40.0,SAFE_RANGE,True,87.3,GOOD,130.0,A,275.0,False,0.0,0.0,253.0,,,,,,,,,,,,,,,,,,,,,,,,,,,,
TSK-TRK-0086,TRK-0086,ENGINEERING_TRACK,PHD,CNB,431.66,432.18,UP,"Track maintenance (AVERAGE TGI 51.8, USFD: CLEAR)",TAMPING,True,False,,0.0139,1.4,LOW,253,200,28.2,60kg 90UTS,14.0,453.9,37.0,48.9,64.9,55.1,51.84000000000001,AVERAGE,CLEAR,0.0,53.8,43.2,40.0,SAFE_RANGE,True,140.7,GOOD,130.0,A,140.0,False,0.0,0.0,277.0,,,,,,,,,,,,,,,,,,,,,,,,,,,,
TSK-TRK-0621,TRK-0621,ENGINEERING_TRACK,TDL,FZD,213.99,215.03,DN,"Track maintenance (AVERAGE TGI 57.9, USFD: CLEAR)",TAMPING,True,False,,0.025,2.5,LOW,258,185,28.2,52kg 72UTS,20.0,509.2,45.9,58.2,59.8,61.6,57.94000000000001,AVERAGE,CLEAR,0.0,54.6,43.2,40.0,SAFE_RANGE,True,54.8,FOULED,160.0,A,65.0,False,0.0,0.0,290.0,,,,,,,,,,,,,,,,,,,,,,,,,,,,
TSK-TRK-0184,TRK-0184,ENGINEERING_TRACK,ALJN,TDL,134.24,136.17,UP,"Track maintenance (AVERAGE TGI 62.0, USFD: CLEAR)",TAMPING,True,False,,0.0049,0.5,LOW,249,182,28.1,60kg 90UTS,12.0,401.8,63.5,55.2,63.7,62.4,62.03,AVERAGE,CLEAR,0.0,51.1,35.1,40.0,SAFE_RANGE,True,38.5,GOOD,160.0,A,280.0,False,0.0,0.0,253.0,,,,,,,,,,,,,,,,,,,,,,,,,,,,
TSK-TRK-0554,TRK-0554,ENGINEERING_TRACK,ETW,PHD,317.58,319.2,UP,"Track maintenance (AVERAGE TGI 59.0, USFD: OBS)",TAMPING,True,False,,0.0044,0.4,LOW,249,184,28.1,52kg 72UTS,13.0,372.7,70.8,78.9,60.9,51.5,59.04,AVERAGE,OBS,1.0,40.2,28.1,40.0,SAFE_RANGE,True,95.5,GOOD,160.0,A,227.0,False,0.0,0.0,209.0,,,,,,,,,,,,,,,,,,,,,,,,,,,,
TSK-SIG-0105,SIG-0105,SIGNAL_AND_TELECOM,CNB,CNB,438.97,439.07,YARD,"Signal maintenance (POINT_MACHINE at CNB, Tier: MEDIUM)",NONE,False,True,,0.0874,8.7,LOW,219,150,28.1,,,,,,,,,,,,,,,,,,,,,262.0,,,0.0,231.0,,,,,,,,,,,,,,,POINT_MACHINE,CNB,438.97,4.91,2.8,14.2,20211.0,0.0,5.0,13.0,0.0,78.5,186.0,62.82
TSK-OHE-0085,OHE-0085,TRACTION_DISTRIBUTION_OHE,NDLS,GZB,20.0,21.43,DN,"OHE maintenance (Wire wear 82.7%, ATD: NORMAL)",TOWER_WAGON,True,False,,0.0552,5.5,LOW,204,165,28.0,,,,,,,,,,,,,39.2,,,,,,,,282.0,,,0.0,208.0,20/7,20/29,8.94,82.7,CRITICAL,CRITICAL,671.8,NORMAL,5532.0,68.0,CLEAN,5.0,STABLE,True,,,,,,,,,,,,,,
TSK-TRK-0080,TRK-0080,ENGINEERING_TRACK,GZB,DER,25.32,26.77,UP,"Track maintenance (AVERAGE TGI 56.7, USFD: CLEAR)",TAMPING,True,False,,0.0257,2.6,LOW,262,188,28.0,60kg 90UTS,23.0,417.9,57.4,62.8,62.7,54.4,56.67,AVERAGE,CLEAR,0.0,46.7,32.3,40.0,SAFE_RANGE,True,16.8,GOOD,130.0,A,63.0,False,0.0,0.0,290.0,,,,,,,,,,,,,,,,,,,,,,,,,,,,
TSK-TRK-0475,TRK-0475,ENGINEERING_TRACK,KRJ,ALJN,93.1,94.07,DN,"Track maintenance (AVERAGE TGI 56.5, USFD: CLEAR)",TAMPING,True,False,,0.0065,0.6,LOW,251,183,28.0,60kg 90UTS,18.0,454.1,60.8,66.4,62.1,52.5,56.510000000000005,AVERAGE,CLEAR,0.0,47.4,32.8,40.0,SAFE_RANGE,True,17.0,GOOD,130.0,A,240.0,False,0.0,0.0,260.0,,,,,,,,,,,,,,,,,,,,,,,,,,,,
TSK-TRK-0755,TRK-0755,ENGINEERING_TRACK,ETW,PHD,322.12,323.81,UP,"Track maintenance (AVERAGE TGI 62.1, USFD: CLEAR)",MANUAL,False,False,,0.0041,0.4,LOW,250,180,28.0,60kg 90UTS,11.0,308.2,56.0,69.8,84.1,59.2,62.11,AVERAGE,CLEAR,0.0,45.8,35.6,40.0,SAFE_RANGE,True,93.1,GOOD,160.0,A,305.0,False,0.0,0.0,248.0,,,,,,,,,,,,,,,,,,,,,,,,,,,,
TSK-TRK-0156,TRK-0156,ENGINEERING_TRACK,DER,KRJ,60.83,61.93,DN,"Track maintenance (AVERAGE TGI 63.4, USFD: CLEAR)",TAMPING,True,False,,0.0058,0.6,LOW,251,178,28.0,60kg 90UTS,8.0,273.7,63.1,72.7,65.8,61.5,63.370000000000005,AVERAGE,CLEAR,0.0,30.2,18.7,40.0,SAFE_RANGE,True,93.2,GOOD,130.0,A,292.0,False,0.0,0.0,250.0,,,,,,,,,,,,,,,,,,,,,,,,,,,,
TSK-TRK-0630,TRK-0630,ENGINEERING_TRACK,ETW,PHD,313.42,314.53,DN,"Track maintenance (AVERAGE TGI 54.1, USFD: CLEAR)",CSM,True,False,,0.0163,1.6,LOW,258,203,27.9,52kg 72UTS,7.0,224.9,71.1,67.5,80.8,41.7,54.07000000000001,AVERAGE,CLEAR,0.0,57.7,41.3,40.0,MODERATE_HEAT_EXPANSION,True,169.0,FOULED,160.0,A,193.0,False,0.0,0.0,268.0,,,,,,,,,,,,,,,,,,,,,,,,,,,,
TSK-TRK-0328,TRK-0328,ENGINEERING_TRACK,ETW,PHD,328.78,330.23,UP,"Track maintenance (AVERAGE TGI 64.4, USFD: CLEAR)",TAMPING,True,False,,0.017,1.7,LOW,258,186,27.9,60kg 90UTS,22.0,343.4,51.2,64.7,70.3,67.8,64.42,AVERAGE,CLEAR,0.0,42.5,27.7,40.0,SAFE_RANGE,True,32.0,GOOD,160.0,A,247.0,False,0.0,0.0,258.0,,,,,,,,,,,,,,,,,,,,,,,,,,,,
TSK-TRK-0512,TRK-0512,ENGINEERING_TRACK,NDLS,GZB,2.24,3.19,DN,"Track maintenance (AVERAGE TGI 53.7, USFD: CLEAR)",BCM,True,False,,0.0162,1.6,LOW,258,229,27.9,60kg 90UTS,13.0,408.3,51.0,58.1,82.1,49.1,53.67999999999999,AVERAGE,CLEAR,0.0,54.4,37.7,40.0,SAFE_RANGE,True,11.7,GOOD,130.0,A,246.0,False,0.0,0.0,258.0,,,,,,,,,,,,,,,,,,,,,,,,,,,,
TSK-TRK-0769,TRK-0769,ENGINEERING_TRACK,ETW,PHD,344.5,345.92,UP,"Track maintenance (AVERAGE TGI 62.7, USFD: CLEAR)",MANUAL,False,False,,0.007,0.7,LOW,254,176,27.8,60kg 90UTS,17.0,387.0,65.1,70.2,64.7,60.3,62.68999999999998,AVERAGE,CLEAR,0.0,56.9,40.9,40.0,MODERATE_HEAT_EXPANSION,True,67.4,GOOD,160.0,A,270.0,False,0.0,0.0,254.0,,,,,,,,,,,,,,,,,,,,,,,,,,,,
TSK-OHE-0051,OHE-0051,TRACTION_DISTRIBUTION_OHE,PHD,CNB,378.23,378.82,UP,"OHE maintenance (Wire wear 79.2%, ATD: NORMAL)",TOWER_WAGON,True,False,,0.0297,3.0,LOW,194,159,27.8,,,,,,,,,,,,,35.2,,,,,,,,145.0,,,0.0,190.0,378/3,378/25,9.08,79.2,CRITICAL,WORN,546.4,NORMAL,5580.0,-8.0,POLLUTED,7.0,STABLE,True,,,,,,,,,,,,,,
TSK-TRK-0809,TRK-0809,ENGINEERING_TRACK,KRJ,ALJN,102.93,104.34,DN,"Track maintenance (AVERAGE TGI 55.5, USFD: CLEAR)",TAMPING,True,False,,0.0171,1.7,LOW,262,182,27.7,60kg 90UTS,10.0,265.3,80.8,56.1,63.9,45.6,55.52,AVERAGE,CLEAR,0.0,54.8,43.2,40.0,SAFE_RANGE,True,155.2,GOOD,130.0,A,251.0,False,0.0,0.0,258.0,,,,,,,,,,,,,,,,,,,,,,,,,,,,
TSK-OHE-0146,OHE-0146,TRACTION_DISTRIBUTION_OHE,FZD,ETW,275.01,276.5,DN,"OHE maintenance (Wire wear 71.9%, ATD: NORMAL)",TOWER_WAGON,True,False,,0.0312,3.1,LOW,195,162,27.7,,,,,,,,,,,,,23.6,,,,,,,,322.0,,,0.0,202.0,275/15,275/30,9.37,71.9,CRITICAL,GOOD,590.0,NORMAL,5595.0,24.0,CLEAN,10.0,STABLE,True,,,,,,,,,,,,,,
TSK-OHE-0514,OHE-0514,TRACTION_DISTRIBUTION_OHE,DER,KRJ,45.63,46.44,UP,"OHE maintenance (Wire wear 79.4%, ATD: NORMAL)",TOWER_WAGON,True,False,,0.025,2.5,LOW,192,161,27.7,,,,,,,,,,,,,42.3,,,,,,,,334.0,,,0.0,200.0,45/5,45/21,9.07,79.4,CRITICAL,WORN,697.9,NORMAL,5603.0,-11.0,CLEAN,10.0,STABLE,True,,,,,,,,,,,,,,
TSK-SIG-0217,SIG-0217,SIGNAL_AND_TELECOM,GZB,GZB,24.22,24.32,YARD,"Signal maintenance (TRACK_CIRCUIT at GZB, Tier: LOW)",NONE,False,False,,0.1678,16.8,LOW,267,150,27.6,,,,,,,,,,,,,,,,,,,,,23.0,,,0.0,288.0,,,,,,,,,,,,,,,TRACK_CIRCUIT,GZB,24.22,0.0,0.0,15.0,0.0,4.23,3.31,20.0,0.0,79.2,430.0,78.85
TSK-OHE-0048,OHE-0048,TRACTION_DISTRIBUTION_OHE,KRJ,ALJN,95.0,96.41,DN,"OHE maintenance (Wire wear 72.9%, ATD: NORMAL)",TOWER_WAGON,True,False,,0.0248,2.5,LOW,193,162,27.6,,,,,,,,,,,,,26.5,,,,,,,,321.0,,,0.0,202.0,95/12,95/32,9.33,72.9,CRITICAL,GOOD,533.6,NORMAL,5542.0,-123.0,CLEAN,9.0,STABLE,True,,,,,,,,,,,,,,
TSK-TRK-0182,TRK-0182,ENGINEERING_TRACK,ETW,PHD,311.57,312.44,DN,"Track maintenance (AVERAGE TGI 66.9, USFD: OBS)",TAMPING,True,False,,0.0049,0.5,LOW,257,179,27.6,60kg 90UTS,8.0,270.6,72.0,57.9,83.4,64.0,66.92999999999999,AVERAGE,OBS,1.0,59.7,43.5,40.0,MODERATE_HEAT_EXPANSION,True,126.9,FOULED,160.0,A,358.0,False,0.0,0.0,249.0,,,,,,,,,,,,,,,,,,,,,,,,,,,,
TSK-OHE-0014,OHE-0014,TRACTION_DISTRIBUTION_OHE,PHD,CNB,396.92,397.97,DN,"OHE maintenance (Wire wear 67.2%, ATD: NORMAL)",TOWER_WAGON,True,False,,0.0315,3.1,LOW,197,159,27.6,,,,,,,,,,,,,39.5,,,,,,,,275.0,,,0.0,209.0,396/12,396/29,9.56,67.2,CRITICAL,GOOD,495.0,NORMAL,5472.0,-81.0,CLEAN,9.0,STABLE,True,,,,,,,,,,,,,,
TSK-TRK-0787,TRK-0787,ENGINEERING_TRACK,PHD,CNB,383.97,385.32,DN,"Track maintenance (AVERAGE TGI 59.9, USFD: CLEAR)",TAMPING,True,False,,0.0044,0.4,LOW,257,183,27.6,52kg 72UTS,15.0,363.8,68.9,69.2,61.1,55.1,59.870000000000005,AVERAGE,CLEAR,0.0,29.7,19.0,40.0,SAFE_RANGE,True,116.3,FOULED,130.0,A,238.0,False,0.0,0.0,260.0,,,,,,,,,,,,,,,,,,,,,,,,,,,,
TSK-TRK-0558,TRK-0558,ENGINEERING_TRACK,NDLS,GZB,19.96,20.48,UP,"Track maintenance (AVERAGE TGI 54.0, USFD: CLEAR)",TAMPING,True,False,,0.0164,1.6,LOW,262,193,27.6,60kg 90UTS,17.0,290.3,70.6,80.3,63.5,42.5,54.0,AVERAGE,CLEAR,0.0,41.4,29.6,40.0,SAFE_RANGE,True,51.0,GOOD,130.0,A,103.0,False,0.0,0.0,283.0,,,,,,,,,,,,,,,,,,,,,,,,,,,,
TSK-TRK-0251,TRK-0251,ENGINEERING_TRACK,PHD,CNB,380.67,382.34,DN,"Track maintenance (AVERAGE TGI 63.1, USFD: CLEAR)",TAMPING,True,False,,0.0066,0.7,LOW,257,183,27.6,60kg 90UTS,18.0,453.9,66.6,85.1,68.2,57.5,63.15,AVERAGE,CLEAR,0.0,45.0,32.9,40.0,SAFE_RANGE,True,97.8,FOULED,130.0,A,192.0,False,0.0,0.0,268.0,,,,,,,,,,,,,,,,,,,,,,,,,,,,
TSK-TRK-0216,TRK-0216,ENGINEERING_TRACK,KRJ,ALJN,86.19,86.92,UP,"Track maintenance (AVERAGE TGI 56.6, USFD: CLEAR)",MANUAL,False,False,,0.0117,1.2,LOW,261,172,27.5,52kg 72UTS,17.0,410.0,52.8,58.7,67.8,55.7,56.63000000000001,AVERAGE,CLEAR,0.0,34.7,19.6,40.0,SAFE_RANGE,True,168.1,FOULED,130.0,A,252.0,False,0.0,0.0,257.0,,,,,,,,,,,,,,,,,,,,,,,,,,,,
TSK-OHE-0498,OHE-0498,TRACTION_DISTRIBUTION_OHE,PHD,CNB,390.52,391.98,UP,"OHE maintenance (Wire wear 79.9%, ATD: NORMAL)",TOWER_WAGON,True,False,,0.023,2.3,LOW,194,164,27.5,,,,,,,,,,,,,42.1,,,,,,,,338.0,,,0.0,199.0,390/15,390/20,9.05,79.9,CRITICAL,WORN,635.1,NORMAL,5518.0,128.0,CLEAN,6.0,STABLE,True,,,,,,,,,,,,,,
TSK-TRK-0483,TRK-0483,ENGINEERING_TRACK,FZD,ETW,257.34,258.36,DN,"Track maintenance (AVERAGE TGI 64.5, USFD: CLEAR)",TAMPING,True,False,,0.0059,0.6,LOW,258,181,27.5,60kg 90UTS,12.0,322.5,46.9,62.3,65.3,70.6,64.5,AVERAGE,CLEAR,0.0,31.0,18.6,40.0,SAFE_RANGE,True,177.8,FOULED,160.0,A,320.0,False,0.0,0.0,246.0,,,,,,,,,,,,,,,,,,,,,,,,,,,,
TSK-TRK-0533,TRK-0533,ENGINEERING_TRACK,ALJN,TDL,190.13,191.54,UP,"Track maintenance (AVERAGE TGI 64.3, USFD: CLEAR)",TAMPING,True,False,,0.0031,0.3,LOW,257,181,27.5,60kg 90UTS,17.0,290.0,47.3,69.3,78.2,66.9,64.35,AVERAGE,CLEAR,0.0,55.7,39.3,40.0,MODERATE_HEAT_EXPANSION,True,58.7,GOOD,160.0,A,337.0,False,0.0,0.0,243.0,,,,,,,,,,,,,,,,,,,,,,,,,,,,
TSK-OHE-0519,OHE-0519,TRACTION_DISTRIBUTION_OHE,PHD,CNB,430.32,430.95,DN,"OHE maintenance (Wire wear 78.9%, ATD: NORMAL)",TOWER_WAGON,True,False,,0.0254,2.5,LOW,195,159,27.5,,,,,,,,,,,,,16.5,,,,,,,,170.0,,,0.0,187.0,430/10,430/16,9.09,78.9,CRITICAL,WORN,336.0,NORMAL,5535.0,66.0,POLLUTED,11.0,STABLE,True,,,,,,,,,,,,,,
TSK-TRK-0421,TRK-0421,ENGINEERING_TRACK,KRJ,ALJN,84.58,85.98,UP,"Track maintenance (AVERAGE TGI 58.9, USFD: CLEAR)",TAMPING,True,False,,0.0167,1.7,LOW,264,187,27.5,60kg 90UTS,20.0,367.8,62.3,91.6,71.3,50.2,58.870000000000005,AVERAGE,CLEAR,0.0,30.8,18.9,40.0,SAFE_RANGE,True,0.1,GOOD,130.0,A,85.0,False,0.0,0.0,287.0,,,,,,,,,,,,,,,,,,,,,,,,,,,,
TSK-TRK-0458,TRK-0458,ENGINEERING_TRACK,NDLS,GZB,4.02,4.93,UP,"Track maintenance (AVERAGE TGI 58.8, USFD: CLEAR)",MANUAL,False,False,,0.0069,0.7,LOW,259,179,27.5,60kg 90UTS,13.0,400.2,69.9,75.5,65.3,51.2,58.78000000000001,AVERAGE,CLEAR,0.0,28.5,18.2,40.0,SAFE_RANGE,True,141.0,FOULED,130.0,A,248.0,False,0.0,0.0,258.0,,,,,,,,,,,,,,,,,,,,,,,,,,,,
TSK-TRK-0342,TRK-0342,ENGINEERING_TRACK,DER,KRJ,64.65,66.1,DN,"Track maintenance (AVERAGE TGI 63.1, USFD: CLEAR)",TAMPING,True,False,,0.0053,0.5,LOW,260,183,27.4,60kg 90UTS,14.0,480.3,65.3,46.9,67.4,64.3,63.06999999999999,AVERAGE,CLEAR,0.0,38.3,28.0,40.0,SAFE_RANGE,True,35.9,FOULED,130.0,A,196.0,False,0.0,0.0,267.0,,,,,,,,,,,,,,,,,,,,,,,,,,,,
TSK-TRK-0468,TRK-0468,ENGINEERING_TRACK,ETW,PHD,352.06,353.81,DN,"Track maintenance (AVERAGE TGI 63.1, USFD: CLEAR)",MANUAL,False,False,,0.0125,1.2,LOW,264,181,27.4,60kg 90UTS,21.0,340.5,72.8,83.0,66.3,56.0,63.09,AVERAGE,CLEAR,0.0,50.0,32.5,40.0,SAFE_RANGE,True,74.9,GOOD,160.0,A,193.0,False,0.0,0.0,268.0,,,,,,,,,,,,,,,,,,,,,,,,,,,,
TSK-TRK-0039,TRK-0039,ENGINEERING_TRACK,KRJ,ALJN,100.12,100.72,DN,"Track maintenance (AVERAGE TGI 55.6, USFD: CLEAR)",MANUAL,False,False,,0.0196,2.0,LOW,267,173,27.4,60kg 90UTS,20.0,425.6,48.9,77.7,62.5,53.0,55.6,AVERAGE,CLEAR,0.0,55.8,40.0,40.0,MODERATE_HEAT_EXPANSION,True,54.1,FOULED,130.0,A,163.0,False,0.0,0.0,273.0,,,,,,,,,,,,,,,,,,,,,,,,,,,,
TSK-SIG-0411,SIG-0411,SIGNAL_AND_TELECOM,NDLS,NDLS,0.0,0.1,YARD,"Signal maintenance (POINT_MACHINE at NDLS, Tier: MEDIUM)",NONE,False,True,,0.0749,7.5,LOW,222,150,27.4,,,,,,,,,,,,,,,,,,,,,170.0,,,0.0,215.0,,,,,,,,,,,,,,,POINT_MACHINE,NDLS,0.0,4.8,2.42,5.0,17345.0,0.0,5.0,3.0,0.0,90.3,362.0,58.41
TSK-TRK-0017,TRK-0017,ENGINEERING_TRACK,GZB,DER,28.72,30.1,UP,"Track maintenance (AVERAGE TGI 51.0, USFD: OBS)",CSM,True,False,,0.0045,0.5,LOW,259,208,27.4,60kg 90UTS,19.0,368.7,51.0,78.7,68.3,43.5,51.0,AVERAGE,OBS,1.0,46.9,36.4,40.0,SAFE_RANGE,True,12.1,GOOD,130.0,A,21.0,False,0.0,0.0,245.0,,,,,,,,,,,,,,,,,,,,,,,,,,,,
TSK-TRK-0227,TRK-0227,ENGINEERING_TRACK,TDL,FZD,210.7,211.21,DN,"Track maintenance (AVERAGE TGI 59.5, USFD: CLEAR)",MANUAL,False,False,,0.0041,0.4,LOW,259,177,27.4,60kg 90UTS,15.0,333.0,54.6,66.9,69.2,58.2,59.45,AVERAGE,CLEAR,0.0,36.1,25.0,40.0,SAFE_RANGE,True,33.7,GOOD,160.0,A,234.0,False,0.0,0.0,261.0,,,,,,,,,,,,,,,,,,,,,,,,,,,,
TSK-TRK-0243,TRK-0243,ENGINEERING_TRACK,DER,KRJ,78.85,80.46,UP,"Track maintenance (AVERAGE TGI 58.7, USFD: CLEAR)",TAMPING,True,False,,0.0053,0.5,LOW,260,187,27.4,60kg 90UTS,18.0,327.6,56.1,62.1,80.2,55.4,58.69,AVERAGE,CLEAR,0.0,50.3,32.6,40.0,SAFE_RANGE,True,41.7,GOOD,130.0,A,212.0,False,0.0,0.0,264.0,,,,,,,,,,,,,,,,,,,,,,,,,,,,
TSK-TRK-0130,TRK-0130,ENGINEERING_TRACK,PHD,CNB,409.98,410.54,DN,"Track maintenance (AVERAGE TGI 63.8, USFD: CLEAR)",TAMPING,True,False,,0.0056,0.6,LOW,262,181,27.3,52kg 72UTS,15.0,382.2,71.2,80.0,55.1,60.0,63.75,AVERAGE,CLEAR,0.0,46.8,33.9,40.0,SAFE_RANGE,True,165.2,FOULED,130.0,A,203.0,False,0.0,0.0,266.0,,,,,,,,,,,,,,,,,,,,,,,,,,,,
TSK-TRK-0528,TRK-0528,ENGINEERING_TRACK,KRJ,ALJN,108.5,109.82,DN,"Track maintenance (AVERAGE TGI 60.7, USFD: OBS)",TAMPING,True,False,,0.004,0.4,LOW,260,186,27.3,60kg 90UTS,5.0,169.3,86.5,55.1,84.1,49.2,60.74000000000001,AVERAGE,OBS,1.0,53.5,38.9,40.0,SAFE_RANGE,True,30.8,GOOD,130.0,A,164.0,False,0.0,0.0,220.0,,,,,,,,,,,,,,,,,,,,,,,,,,,,
TSK-TRK-0035,TRK-0035,ENGINEERING_TRACK,KRJ,ALJN,92.38,94.26,DN,"Track maintenance (AVERAGE TGI 61.5, USFD: CLEAR)",TAMPING,True,False,,0.0037,0.4,LOW,261,183,27.3,60kg 90UTS,10.0,314.1,65.7,59.5,71.4,58.7,61.45,AVERAGE,CLEAR,0.0,52.5,40.7,40.0,SAFE_RANGE,True,118.8,FOULED,130.0,A,209.0,False,0.0,0.0,265.0,,,,,,,,,,,,,,,,,,,,,,,,,,,,
TSK-TRK-0118,TRK-0118,ENGINEERING_TRACK,NDLS,GZB,16.18,17.09,DN,"Track maintenance (AVERAGE TGI 58.4, USFD: CLEAR)",MANUAL,False,False,,0.0064,0.6,LOW,261,175,27.3,60kg 90UTS,16.0,434.3,57.8,57.1,80.5,55.1,58.38,AVERAGE,CLEAR,0.0,40.5,28.8,40.0,SAFE_RANGE,True,92.2,GOOD,130.0,A,181.0,False,0.0,0.0,270.0,,,,,,,,,,,,,,,,,,,,,,,,,,,,
TSK-OHE-0445,OHE-0445,TRACTION_DISTRIBUTION_OHE,GZB,DER,36.0,37.18,DN,"OHE maintenance (Wire wear 77.2%, ATD: NORMAL)",TOWER_WAGON,True,False,,0.0369,3.7,LOW,204,162,27.3,,,,,,,,,,,,,32.6,,,,,,,,290.0,,,0.0,206.0,36/14,36/20,9.16,77.2,CRITICAL,WORN,524.9,NORMAL,5478.0,58.0,CLEAN,5.0,STABLE,True,,,,,,,,,,,,,,
TSK-TRK-0271,TRK-0271,ENGINEERING_TRACK,GZB,DER,25.15,25.97,UP,"Track maintenance (AVERAGE TGI 58.4, USFD: CLEAR)",TAMPING,True,False,,0.0041,0.4,LOW,260,176,27.3,52kg 72UTS,13.0,326.7,82.2,66.7,65.3,48.0,58.44000000000001,AVERAGE,CLEAR,0.0,48.3,34.3,40.0,SAFE_RANGE,True,74.8,GOOD,130.0,A,210.0,False,0.0,0.0,265.0,,,,,,,,,,,,,,,,,,,,,,,,,,,,
TSK-SIG-0119,SIG-0119,SIGNAL_AND_TELECOM,GZB,GZB,26.23,26.33,UP,"Signal maintenance (EI_SYSTEM at GZB, Tier: LOW)",NONE,False,False,,0.1425,14.2,LOW,258,150,27.3,,,,,,,,,,,,,,,,,,,,,17.0,,,0.0,257.0,,,,,,,,,,,,,,,EI_SYSTEM,GZB,26.23,0.0,0.0,15.0,0.0,0.0,5.0,12.0,8.0,84.5,95.0,70.0
TSK-TRK-0266,TRK-0266,ENGINEERING_TRACK,TDL,FZD,220.56,222.0,UP,"Track maintenance (AVERAGE TGI 55.0, USFD: CLEAR)",TAMPING,True,False,,0.0107,1.1,LOW,266,200,27.2,60kg 90UTS,14.0,382.5,75.9,71.2,68.3,43.2,55.05,AVERAGE,CLEAR,0.0,41.2,29.5,40.0,SAFE_RANGE,True,161.4,FOULED,160.0,A,76.0,False,0.0,0.0,288.0,,,,,,,,,,,,,,,,,,,,,,,,,,,,
TSK-TRK-0662,TRK-0662,ENGINEERING_TRACK,PHD,CNB,362.44,363.57,DN,"Track maintenance (AVERAGE TGI 59.4, USFD: CLEAR)",MANUAL,False,False,,0.0034,0.3,LOW,262,183,27.2,60kg 90UTS,15.0,433.6,48.1,59.8,72.7,60.9,59.40999999999999,AVERAGE,CLEAR,0.0,52.9,37.8,40.0,SAFE_RANGE,True,33.1,FOULED,130.0,A,232.0,False,0.0,0.0,261.0,,,,,,,,,,,,,,,,,,,,,,,,,,,,
TSK-TRK-0706,TRK-0706,ENGINEERING_TRACK,NDLS,GZB,12.18,12.93,UP,"Track maintenance (AVERAGE TGI 64.6, USFD: CLEAR)",MANUAL,False,False,,0.0076,0.8,LOW,264,176,27.2,60kg 90UTS,7.0,232.5,68.7,41.6,78.1,64.8,64.59,AVERAGE,CLEAR,0.0,34.4,22.1,40.0,SAFE_RANGE,True,79.5,GOOD,130.0,A,264.0,False,0.0,0.0,255.0,,,,,,,,,,,,,,,,,,,,,,,,,,,,
TSK-TRK-0598,TRK-0598,ENGINEERING_TRACK,GZB,DER,26.2,27.11,UP,"Track maintenance (AVERAGE TGI 57.5, USFD: CLEAR)",MANUAL,False,False,,0.0047,0.5,LOW,262,178,27.2,60kg 90UTS,16.0,288.2,58.2,89.1,76.7,48.8,57.5,AVERAGE,CLEAR,0.0,40.9,23.3,40.0,SAFE_RANGE,True,4.1,GOOD,130.0,A,218.0,False,0.0,0.0,263.0,,,,,,,,,,,,,,,,,,,,,,,,,,,,
TSK-TRK-0123,TRK-0123,ENGINEERING_TRACK,TDL,FZD,210.41,212.18,UP,"Track maintenance (AVERAGE TGI 58.8, USFD: CLEAR)",TAMPING,True,False,,0.0056,0.6,LOW,263,181,27.2,60kg 90UTS,14.0,374.9,60.3,64.6,75.6,54.6,58.84,AVERAGE,CLEAR,0.0,44.8,31.6,40.0,SAFE_RANGE,True,55.8,GOOD,160.0,A,178.0,False,0.0,0.0,270.0,,,,,,,,,,,,,,,,,,,,,,,,,,,,
TSK-TRK-0826,TRK-0826,ENGINEERING_TRACK,TDL,FZD,219.64,220.71,UP,"Track maintenance (AVERAGE TGI 63.8, USFD: CLEAR)",TAMPING,True,False,,0.0044,0.4,LOW,263,182,27.1,60kg 90UTS,12.0,389.5,60.7,49.5,63.4,67.2,63.75,AVERAGE,CLEAR,0.0,49.0,39.0,40.0,SAFE_RANGE,True,156.7,FOULED,160.0,A,210.0,False,0.0,0.0,265.0,,,,,,,,,,,,,,,,,,,,,,,,,,,,
TSK-TRK-0523,TRK-0523,ENGINEERING_TRACK,TDL,FZD,221.56,223.23,UP,"Track maintenance (AVERAGE TGI 54.3, USFD: CLEAR)",CSM,True,False,,0.0131,1.3,LOW,268,205,27.1,60kg 90UTS,15.0,376.8,75.2,70.8,60.6,43.6,54.34000000000001,AVERAGE,CLEAR,0.0,56.0,38.8,40.0,MODERATE_HEAT_EXPANSION,True,27.7,GOOD,160.0,A,179.0,False,0.0,0.0,270.0,,,,,,,,,,,,,,,,,,,,,,,,,,,,
TSK-TRK-0672,TRK-0672,ENGINEERING_TRACK,NDLS,GZB,0.13,1.39,DN,"Track maintenance (AVERAGE TGI 53.7, USFD: OBS)",CSM,True,False,,0.0135,1.4,LOW,268,201,27.1,60kg 90UTS,10.0,345.5,53.9,76.9,52.5,49.9,53.65999999999999,AVERAGE,OBS,1.0,46.6,35.5,40.0,SAFE_RANGE,True,160.6,FOULED,130.0,A,26.0,False,0.0,0.0,244.0,,,,,,,,,,,,,,,,,,,,,,,,,,,,
TSK-TRK-0816,TRK-0816,ENGINEERING_TRACK,FZD,ETW,280.44,281.3,UP,"Track maintenance (AVERAGE TGI 60.0, USFD: OBS)",TAMPING,True,False,,0.0051,0.5,LOW,266,184,27.0,60kg 90UTS,12.0,331.4,67.1,70.6,49.8,57.5,59.96,AVERAGE,OBS,1.0,51.2,35.6,40.0,SAFE_RANGE,True,116.2,FOULED,160.0,A,138.0,False,0.0,0.0,225.0,,,,,,,,,,,,,,,,,,,,,,,,,,,,
TSK-TRK-0137,TRK-0137,ENGINEERING_TRACK,NDLS,GZB,9.86,11.37,UP,"Track maintenance (AVERAGE TGI 52.7, USFD: CLEAR)",TAMPING,True,False,,0.0172,1.7,LOW,272,202,27.0,60kg 90UTS,15.0,408.2,51.3,67.0,63.2,49.1,52.74000000000001,AVERAGE,CLEAR,0.0,53.9,37.6,40.0,SAFE_RANGE,True,42.1,GOOD,130.0,A,127.0,False,0.0,0.0,279.0,,,,,,,,,,,,,,,,,,,,,,,,,,,,
TSK-TRK-0202,TRK-0202,ENGINEERING_TRACK,NDLS,GZB,23.48,24.67,DN,"Track maintenance (AVERAGE TGI 58.1, USFD: CLEAR)",MANUAL,False,False,,0.0106,1.1,LOW,268,183,27.0,60kg 90UTS,18.0,406.5,51.8,59.2,63.2,59.2,58.120000000000005,AVERAGE,CLEAR,0.0,37.7,24.0,40.0,SAFE_RANGE,True,27.9,FOULED,130.0,A,101.0,False,0.0,0.0,284.0,,,,,,,,,,,,,,,,,,,,,,,,,,,,
TSK-TRK-0617,TRK-0617,ENGINEERING_TRACK,ALJN,TDL,153.46,154.92,UP,"Track maintenance (AVERAGE TGI 55.7, USFD: CLEAR)",TAMPING,True,False,,0.0078,0.8,LOW,267,183,27.0,60kg 90UTS,17.0,320.9,61.2,48.8,67.6,53.1,55.74,AVERAGE,CLEAR,0.0,50.4,34.3,40.0,SAFE_RANGE,True,107.8,GOOD,160.0,A,90.0,False,0.0,0.0,286.0,,,,,,,,,,,,,,,,,,,,,,,,,,,,
TSK-TRK-0141,TRK-0141,ENGINEERING_TRACK,TDL,FZD,223.89,225.01,DN,"Track maintenance (AVERAGE TGI 58.3, USFD: CLEAR)",MANUAL,False,False,,0.0049,0.5,LOW,266,172,27.0,60kg 90UTS,17.0,382.1,41.4,73.5,63.9,60.5,58.32000000000001,AVERAGE,CLEAR,0.0,38.7,28.0,40.0,SAFE_RANGE,True,40.4,GOOD,160.0,A,168.0,False,0.0,0.0,272.0,,,,,,,,,,,,,,,,,,,,,,,,,,,,
TSK-TRK-0718,TRK-0718,ENGINEERING_TRACK,PHD,CNB,426.25,427.1,DN,"Track maintenance (AVERAGE TGI 62.6, USFD: CLEAR)",MANUAL,False,False,,0.0039,0.4,LOW,266,183,26.9,60kg 90UTS,10.0,283.4,73.7,50.9,78.7,58.1,62.56,AVERAGE,CLEAR,0.0,53.8,39.2,40.0,SAFE_RANGE,True,25.2,GOOD,130.0,A,198.0,False,0.0,0.0,267.0,,,,,,,,,,,,,,,,,,,,,,,,,,,,
TSK-TRK-0208,TRK-0208,ENGINEERING_TRACK,KRJ,ALJN,94.98,95.98,UP,"Track maintenance (AVERAGE TGI 64.2, USFD: CLEAR)",TAMPING,True,False,,0.0084,0.8,LOW,268,186,26.9,60kg 90UTS,15.0,479.1,46.4,68.1,57.2,70.7,64.22999999999999,AVERAGE,CLEAR,0.0,36.2,20.4,40.0,SAFE_RANGE,True,34.3,FOULED,130.0,A,142.0,False,0.0,0.0,277.0,,,,,,,,,,,,,,,,,,,,,,,,,,,,
TSK-TRK-0299,TRK-0299,ENGINEERING_TRACK,KRJ,ALJN,110.06,112.03,DN,"Track maintenance (AVERAGE TGI 57.6, USFD: CLEAR)",MANUAL,False,False,,0.0051,0.5,LOW,267,179,26.9,60kg 90UTS,12.0,404.4,63.2,69.5,69.8,51.8,57.65,AVERAGE,CLEAR,0.0,55.2,43.8,40.0,MODERATE_HEAT_EXPANSION,True,42.6,FOULED,130.0,A,167.0,False,0.0,0.0,272.0,,,,,,,,,,,,,,,,,,,,,,,,,,,,
TSK-SIG-0101,SIG-0101,SIGNAL_AND_TELECOM,FZD,FZD,226.34,226.44,DN,"Signal maintenance (POINT_MACHINE at FZD, Tier: MEDIUM)",NONE,False,True,,0.1267,12.7,LOW,258,150,26.8,,,,,,,,,,,,,,,,,,,,,252.0,,,0.0,225.0,,,,,,,,,,,,,,,POINT_MACHINE,FZD,226.34,4.84,2.91,11.9,14197.0,0.0,5.0,17.0,0.0,73.9,340.0,61.28
TSK-SIG-0249,SIG-0249,SIGNAL_AND_TELECOM,PHD,PHD,356.14,356.24,DN,"Signal maintenance (POINT_MACHINE at PHD, Tier: MEDIUM)",NONE,False,True,,0.0564,5.6,LOW,221,150,26.8,,,,,,,,,,,,,,,,,,,,,327.0,,,0.0,221.0,,,,,,,,,,,,,,,POINT_MACHINE,PHD,356.14,5.39,2.61,11.5,10256.0,0.0,5.0,16.0,0.0,93.0,361.0,60.09
TSK-TRK-0773,TRK-0773,ENGINEERING_TRACK,TDL,FZD,215.82,217.02,DN,"Track maintenance (AVERAGE TGI 54.4, USFD: CLEAR)",CSM,True,False,,0.0094,0.9,LOW,270,196,26.8,60kg 90UTS,12.0,373.1,59.7,46.8,69.2,51.5,54.44,AVERAGE,CLEAR,0.0,39.3,26.2,40.0,SAFE_RANGE,True,32.3,GOOD,160.0,A,124.0,False,0.0,0.0,280.0,,,,,,,,,,,,,,,,,,,,,,,,,,,,
TSK-TRK-0668,TRK-0668,ENGINEERING_TRACK,ALJN,TDL,153.17,154.41,UP,"Track maintenance (AVERAGE TGI 67.5, USFD: CLEAR)",MANUAL,False,False,,0.021,2.1,LOW,277,171,26.8,60kg 90UTS,14.0,449.8,73.7,71.9,69.4,64.3,67.45,AVERAGE,CLEAR,0.0,51.6,33.6,40.0,SAFE_RANGE,True,50.9,GOOD,160.0,A,351.0,False,0.0,0.0,303.0,,,,,,,,,,,,,,,,,,,,,,,,,,,,
TSK-OHE-0364,OHE-0364,TRACTION_DISTRIBUTION_OHE,FZD,ETW,242.68,243.19,DN,"OHE maintenance (Wire wear 66.2%, ATD: NORMAL)",TOWER_WAGON,True,False,,0.019,1.9,LOW,202,157,26.8,,,,,,,,,,,,,37.4,,,,,,,,229.0,,,0.0,216.0,242/1,242/18,9.6,66.2,CRITICAL,GOOD,588.0,NORMAL,5579.0,22.0,CLEAN,11.0,STABLE,True,,,,,,,,,,,,,,
TSK-SIG-0131,SIG-0131,SIGNAL_AND_TELECOM,ALJN,ALJN,131.98,132.08,UP,"Signal maintenance (TRACK_CIRCUIT at ALJN, Tier: LOW)",NONE,False,False,,0.1451,14.5,LOW,267,150,26.8,,,,,,,,,,,,,,,,,,,,,20.0,,,0.0,361.0,,,,,,,,,,,,,,,TRACK_CIRCUIT,ALJN,131.98,0.0,0.0,15.0,0.0,2.75,7.4,3.0,0.0,71.9,204.0,99.0
TSK-TRK-0095,TRK-0095,ENGINEERING_TRACK,DER,KRJ,65.27,67.13,UP,"Track maintenance (AVERAGE TGI 52.1, USFD: OBS)",CSM,True,False,,0.0068,0.7,LOW,270,204,26.7,60kg 90UTS,10.0,307.7,66.2,76.9,64.9,41.2,52.14000000000001,AVERAGE,OBS,1.0,31.8,18.9,40.0,SAFE_RANGE,True,23.7,GOOD,130.0,A,156.0,False,0.0,0.0,222.0,,,,,,,,,,,,,,,,,,,,,,,,,,,,
TSK-SIG-0134,SIG-0134,SIGNAL_AND_TELECOM,PHD,PHD,357.48,357.58,DN,"Signal maintenance (TRACK_CIRCUIT at PHD, Tier: LOW)",NONE,False,False,,0.1425,14.2,LOW,267,150,26.7,,,,,,,,,,,,,,,,,,,,,19.0,,,0.0,289.0,,,,,,,,,,,,,,,TRACK_CIRCUIT,PHD,357.48,0.0,0.0,15.0,0.0,3.24,2.91,18.0,0.0,97.6,139.0,79.05
TSK-TRK-0345,TRK-0345,ENGINEERING_TRACK,PHD,CNB,384.7,386.53,UP,"Track maintenance (AVERAGE TGI 64.0, USFD: CLEAR)",TAMPING,True,False,,0.0029,0.3,LOW,268,184,26.7,52kg 72UTS,11.0,384.2,66.2,52.2,72.9,63.7,63.970000000000006,AVERAGE,CLEAR,0.0,46.7,30.7,40.0,SAFE_RANGE,True,29.7,GOOD,130.0,A,211.0,False,0.0,0.0,265.0,,,,,,,,,,,,,,,,,,,,,,,,,,,,
TSK-TRK-0149,TRK-0149,ENGINEERING_TRACK,ALJN,TDL,146.52,148.21,UP,"Track maintenance (AVERAGE TGI 50.7, USFD: CLEAR)",CSM,True,False,,0.0062,0.6,LOW,271,206,26.7,60kg 90UTS,11.0,370.3,68.7,58.0,64.8,41.2,50.74,AVERAGE,CLEAR,0.0,49.3,31.4,40.0,SAFE_RANGE,True,97.7,GOOD,160.0,A,134.0,False,0.0,0.0,278.0,,,,,,,,,,,,,,,,,,,,,,,,,,,,
TSK-TRK-0589,TRK-0589,ENGINEERING_TRACK,NDLS,GZB,10.22,11.31,UP,"Track maintenance (AVERAGE TGI 63.9, USFD: CLEAR)",MANUAL,False,False,,0.0029,0.3,LOW,268,180,26.7,60kg 90UTS,15.0,373.6,57.5,61.0,75.9,64.5,63.89,AVERAGE,CLEAR,0.0,36.2,20.2,40.0,SAFE_RANGE,True,124.8,FOULED,130.0,A,213.0,False,0.0,0.0,264.0,,,,,,,,,,,,,,,,,,,,,,,,,,,,
TSK-TRK-0349,TRK-0349,ENGINEERING_TRACK,GZB,DER,32.29,33.19,UP,"Track maintenance (AVERAGE TGI 63.0, USFD: CLEAR)",MANUAL,False,False,,0.0066,0.7,LOW,271,188,26.7,60kg 90UTS,14.0,442.6,75.5,91.1,69.0,53.2,63.03000000000001,AVERAGE,CLEAR,0.0,36.5,20.7,40.0,SAFE_RANGE,True,21.2,FOULED,130.0,A,63.0,False,0.0,0.0,290.0,,,,,,,,,,,,,,,,,,,,,,,,,,,,
TSK-SIG-0450,SIG-0450,SIGNAL_AND_TELECOM,GZB,GZB,24.53,24.63,YARD,"Signal maintenance (POINT_MACHINE at GZB, Tier: MEDIUM)",NONE,False,True,,0.0618,6.2,LOW,227,150,26.6,,,,,,,,,,,,,,,,,,,,,173.0,,,0.0,226.0,,,,,,,,,,,,,,,POINT_MACHINE,GZB,24.53,4.9,2.86,11.8,22260.0,0.0,5.0,6.0,0.0,94.1,659.0,61.56
TSK-TRK-0504,TRK-0504,ENGINEERING_TRACK,TDL,FZD,216.21,216.98,UP,"Track maintenance (AVERAGE TGI 61.9, USFD: OBS)",TAMPING,True,False,,0.0037,0.4,LOW,271,185,26.6,60kg 90UTS,15.0,252.1,69.0,50.7,79.0,58.6,61.92999999999999,AVERAGE,OBS,1.0,41.6,26.4,40.0,SAFE_RANGE,True,128.1,FOULED,160.0,A,88.0,False,0.0,0.0,234.0,,,,,,,,,,,,,,,,,,,,,,,,,,,,
TSK-OHE-0328,OHE-0328,TRACTION_DISTRIBUTION_OHE,FZD,ETW,227.32,227.85,UP,"OHE maintenance (Wire wear 69.7%, ATD: NORMAL)",TOWER_WAGON,True,False,,0.0189,1.9,LOW,205,158,26.6,,,,,,,,,,,,,29.8,,,,,,,,251.0,,,0.0,212.0,227/6,227/23,9.46,69.7,CRITICAL,GOOD,528.6,NORMAL,5488.0,-187.0,CLEAN,9.0,STABLE,True,,,,,,,,,,,,,,
TSK-TRK-0565,TRK-0565,ENGINEERING_TRACK,ETW,PHD,327.3,328.41,UP,"Track maintenance (AVERAGE TGI 57.1, USFD: CLEAR)",TAMPING,True,False,,0.0102,1.0,LOW,275,187,26.5,60kg 90UTS,18.0,351.3,56.3,76.0,61.0,53.5,57.06,AVERAGE,CLEAR,0.0,43.5,28.0,40.0,SAFE_RANGE,True,140.4,GOOD,160.0,A,67.0,False,0.0,0.0,290.0,,,,,,,,,,,,,,,,,,,,,,,,,,,,
TSK-SIG-0404,SIG-0404,SIGNAL_AND_TELECOM,PHD,PHD,357.18,357.28,UP,"Signal maintenance (POINT_MACHINE at PHD, Tier: MEDIUM)",NONE,False,True,,0.0525,5.2,LOW,225,150,26.4,,,,,,,,,,,,,,,,,,,,,209.0,,,0.0,222.0,,,,,,,,,,,,,,,POINT_MACHINE,PHD,357.18,5.69,2.41,11.9,15081.0,0.0,5.0,9.0,0.0,78.5,72.0,60.3
TSK-TRK-0463,TRK-0463,ENGINEERING_TRACK,PHD,CNB,369.71,370.65,DN,"Track maintenance (AVERAGE TGI 58.1, USFD: CLEAR)",MANUAL,False,False,,0.0081,0.8,LOW,276,177,26.4,60kg 90UTS,18.0,402.2,64.9,44.9,64.7,57.0,58.14000000000001,AVERAGE,CLEAR,0.0,33.1,18.0,40.0,SAFE_RANGE,True,68.2,GOOD,130.0,A,99.0,False,0.0,0.0,284.0,,,,,,,,,,,,,,,,,,,,,,,,,,,,
TSK-OHE-0537,OHE-0537,TRACTION_DISTRIBUTION_OHE,ALJN,TDL,145.88,147.05,DN,"OHE maintenance (Wire wear 67.2%, ATD: NORMAL)",TOWER_WAGON,True,False,,0.0093,0.9,LOW,203,159,26.4,,,,,,,,,,,,,44.9,,,,,,,,233.0,,,0.0,215.0,145/9,145/23,9.56,67.2,CRITICAL,WORN,668.3,NORMAL,5531.0,-26.0,CLEAN,10.0,SETTLEMENT,True,,,,,,,,,,,,,,
TSK-SIG-0074,SIG-0074,SIGNAL_AND_TELECOM,DER,DER,35.84,35.94,YARD,"Signal maintenance (POINT_MACHINE at DER, Tier: MEDIUM)",NONE,False,True,,0.0763,7.6,LOW,238,150,26.4,,,,,,,,,,,,,,,,,,,,,138.0,,,0.0,229.0,,,,,,,,,,,,,,,POINT_MACHINE,DER,35.84,4.62,3.0,15.3,16044.0,0.0,5.0,10.0,0.0,96.9,97.0,62.46
TSK-TRK-0577,TRK-0577,ENGINEERING_TRACK,GZB,DER,32.77,34.16,DN,"Track maintenance (AVERAGE TGI 52.9, USFD: CLEAR)",CSM,True,False,,0.0081,0.8,LOW,276,202,26.4,60kg 90UTS,14.0,404.2,52.8,67.3,76.8,46.6,52.92999999999999,AVERAGE,CLEAR,0.0,52.4,38.6,40.0,SAFE_RANGE,True,22.8,FOULED,130.0,A,78.0,False,0.0,0.0,288.0,,,,,,,,,,,,,,,,,,,,,,,,,,,,
TSK-TRK-0160,TRK-0160,ENGINEERING_TRACK,DER,KRJ,47.65,48.89,DN,"Track maintenance (AVERAGE TGI 63.5, USFD: OBS)",MANUAL,False,False,,0.0054,0.5,LOW,275,179,26.4,60kg 90UTS,18.0,476.0,59.8,42.1,74.0,66.5,63.470000000000006,AVERAGE,OBS,4.0,53.3,38.9,40.0,SAFE_RANGE,True,110.2,GOOD,130.0,A,49.0,False,0.0,0.0,240.0,,,,,,,,,,,,,,,,,,,,,,,,,,,,
TSK-TRK-0532,TRK-0532,ENGINEERING_TRACK,DER,KRJ,68.48,69.98,DN,"Track maintenance (AVERAGE TGI 59.3, USFD: CLEAR)",TAMPING,True,False,,0.0055,0.6,LOW,275,185,26.4,60kg 90UTS,15.0,371.3,57.6,88.9,65.2,53.9,59.27,AVERAGE,CLEAR,0.0,30.6,19.7,40.0,SAFE_RANGE,True,86.2,GOOD,130.0,A,92.0,False,0.0,0.0,285.0,,,,,,,,,,,,,,,,,,,,,,,,,,,,
TSK-TRK-0325,TRK-0325,ENGINEERING_TRACK,DER,KRJ,50.52,52.14,DN,"Track maintenance (AVERAGE TGI 64.0, USFD: CLEAR)",TAMPING,True,False,,0.0022,0.2,LOW,273,179,26.4,52kg 72UTS,9.0,266.2,67.5,73.4,64.4,61.2,64.0,AVERAGE,CLEAR,0.0,44.4,33.7,40.0,SAFE_RANGE,True,79.5,GOOD,130.0,A,213.0,False,0.0,0.0,264.0,,,,,,,,,,,,,,,,,,,,,,,,,,,,
TSK-TRK-0322,TRK-0322,ENGINEERING_TRACK,GZB,DER,33.64,35.44,DN,"Track maintenance (AVERAGE TGI 59.2, USFD: CLEAR)",TAMPING,True,False,,0.004,0.4,LOW,275,186,26.3,60kg 90UTS,14.0,284.0,67.1,85.5,63.5,51.4,59.15999999999999,AVERAGE,CLEAR,0.0,49.6,35.0,40.0,SAFE_RANGE,True,85.1,GOOD,130.0,A,93.0,False,0.0,0.0,285.0,,,,,,,,,,,,,,,,,,,,,,,,,,,,
TSK-TRK-0738,TRK-0738,ENGINEERING_TRACK,ALJN,TDL,195.64,196.71,DN,"Track maintenance (AVERAGE TGI 66.2, USFD: CLEAR)",TAMPING,True,False,,0.0086,0.9,LOW,277,186,26.3,60kg 90UTS,21.0,404.4,73.4,73.6,62.7,63.1,66.17,AVERAGE,CLEAR,0.0,52.2,39.9,40.0,SAFE_RANGE,True,29.1,FOULED,160.0,A,278.0,False,0.0,0.0,316.0,,,,,,,,,,,,,,,,,,,,,,,,,,,,
TSK-TRK-0232,TRK-0232,ENGINEERING_TRACK,FZD,ETW,285.5,286.49,DN,"Track maintenance (AVERAGE TGI 64.7, USFD: CLEAR)",TAMPING,True,False,,0.0027,0.3,LOW,274,182,26.3,52kg 72UTS,14.0,438.3,52.1,64.3,62.9,69.2,64.66,AVERAGE,CLEAR,0.0,58.1,40.3,40.0,MODERATE_HEAT_EXPANSION,True,24.5,GOOD,160.0,A,169.0,False,0.0,0.0,272.0,,,,,,,,,,,,,,,,,,,,,,,,,,,,
TSK-OHE-0049,OHE-0049,TRACTION_DISTRIBUTION_OHE,TDL,FZD,217.57,218.53,DN,"OHE maintenance (Wire wear 71.9%, ATD: NORMAL)",TOWER_WAGON,True,False,,0.013,1.3,LOW,207,161,26.3,,,,,,,,,,,,,19.8,,,,,,,,299.0,,,0.0,205.0,217/9,217/16,9.37,71.9,CRITICAL,WORN,357.8,NORMAL,5722.0,6.0,CLEAN,8.0,STABLE,True,,,,,,,,,,,,,,
TSK-TRK-0330,TRK-0330,ENGINEERING_TRACK,KRJ,ALJN,123.28,124.75,UP,"Track maintenance (AVERAGE TGI 69.4, USFD: OBS)",MANUAL,False,False,,0.0101,1.0,LOW,279,169,26.2,60kg 90UTS,9.0,252.3,53.9,69.4,71.8,74.2,69.42,AVERAGE,OBS,1.0,48.2,31.3,40.0,SAFE_RANGE,True,174.1,FOULED,130.0,A,354.0,False,0.0,0.0,250.0,,,,,,,,,,,,,,,,,,,,,,,,,,,,
TSK-TRK-0572,TRK-0572,ENGINEERING_TRACK,NDLS,GZB,5.82,7.29,UP,"Track maintenance (AVERAGE TGI 66.9, USFD: OBS)",TAMPING,True,False,,0.0022,0.2,LOW,277,182,26.1,60kg 90UTS,6.0,165.9,70.1,76.3,77.1,62.5,66.86,AVERAGE,OBS,1.0,58.1,41.5,40.0,MODERATE_HEAT_EXPANSION,True,17.5,GOOD,130.0,A,317.0,False,0.0,0.0,257.0,,,,,,,,,,,,,,,,,,,,,,,,,,,,
TSK-TRK-0187,TRK-0187,ENGINEERING_TRACK,FZD,ETW,274.31,276.13,DN,"Track maintenance (AVERAGE TGI 57.4, USFD: CLEAR)",TAMPING,True,False,,0.0063,0.6,LOW,279,187,26.1,60kg 90UTS,16.0,448.2,60.8,75.9,60.8,52.6,57.39000000000001,AVERAGE,CLEAR,0.0,50.0,37.7,40.0,SAFE_RANGE,True,51.4,FOULED,160.0,A,35.0,False,0.0,0.0,295.0,,,,,,,,,,,,,,,,,,,,,,,,,,,,
TSK-SIG-0193,SIG-0193,SIGNAL_AND_TELECOM,ETW,ETW,301.55,301.65,UP,"Signal maintenance (POINT_MACHINE at ETW, Tier: MEDIUM)",NONE,False,True,,0.038,3.8,LOW,222,150,26.1,,,,,,,,,,,,,,,,,,,,,238.0,,,0.0,224.0,,,,,,,,,,,,,,,POINT_MACHINE,ETW,301.55,5.54,2.48,13.4,9493.0,0.0,5.0,13.0,0.0,84.1,127.0,60.9
TSK-OHE-0316,OHE-0316,TRACTION_DISTRIBUTION_OHE,PHD,CNB,412.8,413.65,UP,"OHE maintenance (Wire wear 73.9%, ATD: NORMAL)",TOWER_WAGON,True,False,,0.0126,1.3,LOW,209,160,26.1,,,,,,,,,,,,,20.8,,,,,,,,206.0,,,0.0,219.0,412/5,412/22,9.29,73.9,CRITICAL,GOOD,475.6,NORMAL,5651.0,-39.0,CLEAN,6.0,STABLE,True,,,,,,,,,,,,,,
TSK-OHE-0339,OHE-0339,TRACTION_DISTRIBUTION_OHE,PHD,CNB,396.26,397.45,UP,"OHE maintenance (Wire wear 72.9%, ATD: NORMAL)",TOWER_WAGON,True,False,,0.0131,1.3,LOW,211,161,26.0,,,,,,,,,,,,,31.4,,,,,,,,200.0,,,0.0,220.0,396/8,396/20,9.33,72.9,CRITICAL,WORN,608.2,NORMAL,5582.0,0.0,CLEAN,9.0,STABLE,True,,,,,,,,,,,,,,
TSK-TRK-0474,TRK-0474,ENGINEERING_TRACK,ETW,PHD,325.61,326.71,UP,"Track maintenance (AVERAGE TGI 51.4, USFD: CLEAR)",CSM,True,False,,0.0037,0.4,LOW,279,205,26.0,60kg 90UTS,10.0,269.2,38.0,67.2,66.0,50.8,51.4,AVERAGE,CLEAR,0.0,49.4,31.5,40.0,SAFE_RANGE,True,54.3,GOOD,160.0,A,158.0,False,0.0,0.0,274.0,,,,,,,,,,,,,,,,,,,,,,,,,,,,
TSK-OHE-0436,OHE-0436,TRACTION_DISTRIBUTION_OHE,PHD,CNB,392.04,392.92,DN,"OHE maintenance (Wire wear 72.7%, ATD: NORMAL)",TOWER_WAGON,True,False,,0.0135,1.4,LOW,212,159,26.0,,,,,,,,,,,,,29.9,,,,,,,,154.0,,,0.0,227.0,392/11,392/30,9.34,72.7,CRITICAL,WORN,443.2,NORMAL,5533.0,48.0,CLEAN,7.0,STABLE,True,,,,,,,,,,,,,,
TSK-SIG-0107,SIG-0107,SIGNAL_AND_TELECOM,TDL,TDL,207.53,207.63,YARD,"Signal maintenance (POINT_MACHINE at TDL, Tier: MEDIUM)",NONE,False,True,,0.0697,7.0,LOW,240,150,26.0,,,,,,,,,,,,,,,,,,,,,261.0,,,0.0,231.0,,,,,,,,,,,,,,,POINT_MACHINE,TDL,207.53,4.85,2.84,16.4,14411.0,0.0,5.0,14.0,0.0,87.2,20.0,62.78
TSK-OHE-0523,OHE-0523,TRACTION_DISTRIBUTION_OHE,ETW,PHD,325.36,326.52,DN,"OHE maintenance (Wire wear 72.7%, ATD: NORMAL)",TOWER_WAGON,True,False,,0.031,3.1,LOW,222,161,25.9,,,,,,,,,,,,,24.4,,,,,,,,126.0,,,0.0,231.0,325/3,325/22,9.34,72.7,CRITICAL,GOOD,564.5,NORMAL,5541.0,69.0,CLEAN,11.0,STABLE,True,,,,,,,,,,,,,,
TSK-TRK-0841,TRK-0841,ENGINEERING_TRACK,PHD,CNB,389.17,390.3,DN,"Track maintenance (AVERAGE TGI 64.2, USFD: CLEAR)",TAMPING,True,False,,0.0049,0.5,LOW,281,185,25.9,60kg 90UTS,12.0,361.9,58.7,74.8,72.2,62.9,64.17999999999999,AVERAGE,CLEAR,0.0,42.4,28.2,40.0,SAFE_RANGE,True,50.9,GOOD,130.0,A,104.0,False,0.0,0.0,283.0,,,,,,,,,,,,,,,,,,,,,,,,,,,,
TSK-TRK-0759,TRK-0759,ENGINEERING_TRACK,NDLS,GZB,5.7,7.43,UP,"Track maintenance (AVERAGE TGI 54.2, USFD: CLEAR)",TAMPING,True,False,,0.0106,1.1,LOW,285,203,25.9,52kg 72UTS,14.0,306.3,57.7,68.1,68.6,48.3,54.19,AVERAGE,CLEAR,0.0,58.5,43.4,40.0,MODERATE_HEAT_EXPANSION,True,36.2,GOOD,130.0,A,40.0,False,0.0,0.0,295.0,,,,,,,,,,,,,,,,,,,,,,,,,,,,
TSK-TRK-0481,TRK-0481,ENGINEERING_TRACK,NDLS,GZB,13.16,14.05,DN,"Track maintenance (AVERAGE TGI 56.1, USFD: CLEAR)",MANUAL,False,False,,0.0051,0.5,LOW,281,174,25.9,60kg 90UTS,17.0,402.7,60.4,75.3,58.9,51.0,56.1,AVERAGE,CLEAR,0.0,52.2,36.1,40.0,SAFE_RANGE,True,86.6,GOOD,130.0,A,106.0,False,0.0,0.0,283.0,,,,,,,,,,,,,,,,,,,,,,,,,,,,
TSK-TRK-0522,TRK-0522,ENGINEERING_TRACK,NDLS,GZB,6.52,7.15,UP,"Track maintenance (AVERAGE TGI 62.4, USFD: CLEAR)",TAMPING,True,False,,0.0046,0.5,LOW,281,184,25.9,60kg 90UTS,12.0,288.5,54.6,87.4,52.0,62.6,62.42,AVERAGE,CLEAR,0.0,54.4,42.7,40.0,SAFE_RANGE,True,54.4,GOOD,130.0,A,62.0,False,0.0,0.0,291.0,,,,,,,,,,,,,,,,,,,,,,,,,,,,
TSK-OHE-0434,OHE-0434,TRACTION_DISTRIBUTION_OHE,KRJ,ALJN,120.28,120.92,DN,"OHE maintenance (Wire wear 72.2%, ATD: NORMAL)",TOWER_WAGON,True,False,,0.0092,0.9,LOW,211,158,25.9,,,,,,,,,,,,,29.1,,,,,,,,215.0,,,0.0,218.0,120/10,120/24,9.36,72.2,CRITICAL,GOOD,469.2,NORMAL,5600.0,-85.0,CLEAN,6.0,STABLE,True,,,,,,,,,,,,,,
TSK-TRK-0355,TRK-0355,ENGINEERING_TRACK,TDL,FZD,211.93,213.03,DN,"Track maintenance (AVERAGE TGI 63.5, USFD: CLEAR)",MANUAL,False,False,,0.0035,0.4,LOW,282,178,25.8,60kg 90UTS,9.0,285.4,61.2,61.3,78.9,62.1,63.52,AVERAGE,CLEAR,0.0,49.7,35.9,40.0,SAFE_RANGE,True,75.9,GOOD,160.0,A,90.0,False,0.0,0.0,286.0,,,,,,,,,,,,,,,,,,,,,,,,,,,,
TSK-TRK-0274,TRK-0274,ENGINEERING_TRACK,FZD,ETW,234.58,236.0,UP,"Track maintenance (AVERAGE TGI 63.5, USFD: CLEAR)",TAMPING,True,False,,0.0059,0.6,LOW,283,182,25.8,60kg 90UTS,10.0,283.2,57.2,67.0,85.7,61.3,63.49,AVERAGE,CLEAR,0.0,46.5,35.1,40.0,SAFE_RANGE,True,2.3,GOOD,160.0,A,75.0,False,0.0,0.0,288.0,,,,,,,,,,,,,,,,,,,,,,,,,,,,
TSK-TRK-0496,TRK-0496,ENGINEERING_TRACK,ALJN,TDL,142.7,143.48,UP,"Track maintenance (GOOD TGI 90.0, USFD: CLEAR)",NONE,False,False,,0.0021,0.2,LOW,281,153,25.8,60kg 90UTS,6.0,93.1,96.1,89.1,92.9,87.7,90.03999999999999,GOOD,CLEAR,0.0,58.5,43.6,40.0,MODERATE_HEAT_EXPANSION,True,109.0,FOULED,160.0,A,318.0,False,0.0,0.0,309.0,,,,,,,,,,,,,,,,,,,,,,,,,,,,
TSK-SIG-0044,SIG-0044,SIGNAL_AND_TELECOM,NDLS,NDLS,0.0,0.1,DN,"Signal maintenance (POINT_MACHINE at NDLS, Tier: MEDIUM)",NONE,False,True,,0.0363,3.6,LOW,227,150,25.7,,,,,,,,,,,,,,,,,,,,,12.0,,,0.0,218.0,,,,,,,,,,,,,,,POINT_MACHINE,NDLS,0.0,4.95,2.48,6.5,26905.0,0.0,5.0,15.0,0.0,81.6,24.0,59.25
TSK-OHE-0533,OHE-0533,TRACTION_DISTRIBUTION_OHE,TDL,FZD,214.17,214.67,UP,"OHE maintenance (Wire wear 70.4%, ATD: NORMAL)",TOWER_WAGON,True,False,,0.0115,1.1,LOW,214,160,25.7,,,,,,,,,,,,,15.7,,,,,,,,165.0,,,0.0,225.0,214/2,214/25,9.43,70.4,CRITICAL,GOOD,498.0,NORMAL,5565.0,28.0,CLEAN,9.0,STABLE,True,,,,,,,,,,,,,,
TSK-TRK-0146,TRK-0146,ENGINEERING_TRACK,PHD,CNB,436.92,437.52,UP,"Track maintenance (AVERAGE TGI 63.5, USFD: OBS)",MANUAL,False,False,,0.0027,0.3,LOW,284,166,25.6,60kg 90UTS,13.0,422.1,44.3,75.7,64.7,67.6,63.46,AVERAGE,OBS,1.0,32.2,19.1,40.0,SAFE_RANGE,True,67.2,GOOD,130.0,A,13.0,False,0.0,0.0,247.0,,,,,,,,,,,,,,,,,,,,,,,,,,,,
TSK-TRK-0261,TRK-0261,ENGINEERING_TRACK,ETW,PHD,326.11,328.1,DN,"Track maintenance (AVERAGE TGI 64.9, USFD: CLEAR)",TAMPING,True,False,,0.0019,0.2,LOW,284,185,25.6,60kg 90UTS,7.0,244.4,59.6,73.4,60.7,65.9,64.87,AVERAGE,CLEAR,0.0,58.7,41.6,40.0,MODERATE_HEAT_EXPANSION,True,54.3,GOOD,160.0,A,145.0,False,0.0,0.0,276.0,,,,,,,,,,,,,,,,,,,,,,,,,,,,
TSK-TRK-0008,TRK-0008,ENGINEERING_TRACK,NDLS,GZB,5.5,6.05,DN,"Track maintenance (AVERAGE TGI 64.8, USFD: CLEAR)",MANUAL,False,False,,0.0025,0.3,LOW,285,174,25.6,60kg 90UTS,13.0,264.6,53.9,62.4,65.5,68.8,64.85,AVERAGE,CLEAR,0.0,41.0,23.5,40.0,SAFE_RANGE,True,157.7,GOOD,130.0,A,166.0,False,0.0,0.0,272.0,,,,,,,,,,,,,,,,,,,,,,,,,,,,
TSK-TRK-0791,TRK-0791,ENGINEERING_TRACK,GZB,DER,33.31,34.57,DN,"Track maintenance (AVERAGE TGI 52.9, USFD: CLEAR)",TAMPING,True,False,,0.0085,0.9,LOW,289,196,25.5,52kg 72UTS,14.0,336.3,73.7,55.8,75.3,41.7,52.870000000000005,AVERAGE,CLEAR,0.0,38.6,24.6,40.0,SAFE_RANGE,True,83.2,GOOD,130.0,A,42.0,False,0.0,0.0,294.0,,,,,,,,,,,,,,,,,,,,,,,,,,,,
TSK-TRK-0579,TRK-0579,ENGINEERING_TRACK,TDL,FZD,215.7,217.04,UP,"Track maintenance (AVERAGE TGI 72.1, USFD: OBS)",MANUAL,False,False,,0.002,0.2,LOW,286,163,25.5,52kg 72UTS,4.0,138.9,75.7,77.0,78.9,69.0,72.13,AVERAGE,OBS,1.0,58.4,43.4,40.0,MODERATE_HEAT_EXPANSION,True,155.3,FOULED,160.0,A,281.0,False,0.0,0.0,263.0,,,,,,,,,,,,,,,,,,,,,,,,,,,,
TSK-TRK-0592,TRK-0592,ENGINEERING_TRACK,FZD,ETW,292.11,293.11,UP,"Track maintenance (AVERAGE TGI 64.1, USFD: CLEAR)",MANUAL,False,False,,0.0017,0.2,LOW,286,184,25.5,60kg 90UTS,10.0,235.2,74.7,77.4,74.0,56.7,64.1,AVERAGE,CLEAR,0.0,42.6,25.0,40.0,SAFE_RANGE,True,97.6,GOOD,160.0,A,111.0,False,0.0,0.0,282.0,,,,,,,,,,,,,,,,,,,,,,,,,,,,
TSK-TRK-0557,TRK-0557,ENGINEERING_TRACK,KRJ,ALJN,117.51,118.89,UP,"Track maintenance (AVERAGE TGI 70.6, USFD: CLEAR)",MANUAL,False,False,,0.0186,1.9,LOW,295,169,25.4,60kg 90UTS,17.0,369.7,62.5,59.0,56.0,77.6,70.55999999999999,AVERAGE,CLEAR,0.0,47.3,35.9,40.0,SAFE_RANGE,True,98.6,GOOD,130.0,A,349.0,False,0.0,0.0,303.0,,,,,,,,,,,,,,,,,,,,,,,,,,,,
TSK-TRK-0113,TRK-0113,ENGINEERING_TRACK,DER,KRJ,62.04,63.42,DN,"Track maintenance (AVERAGE TGI 63.3, USFD: CLEAR)",TAMPING,True,False,,0.0138,1.4,LOW,293,186,25.4,60kg 90UTS,22.0,383.8,63.5,46.7,75.8,63.9,63.29,AVERAGE,CLEAR,0.0,42.5,27.2,40.0,SAFE_RANGE,True,135.1,GOOD,130.0,A,31.0,False,0.0,0.0,296.0,,,,,,,,,,,,,,,,,,,,,,,,,,,,
TSK-TRK-0792,TRK-0792,ENGINEERING_TRACK,ETW,PHD,321.96,323.58,UP,"Track maintenance (AVERAGE TGI 79.0, USFD: CLEAR)",NONE,False,False,,0.0089,0.9,LOW,291,157,25.4,60kg 90UTS,13.0,204.8,81.6,81.0,91.0,75.8,79.0,AVERAGE,CLEAR,0.0,40.2,24.5,40.0,SAFE_RANGE,True,24.6,GOOD,160.0,A,348.0,False,0.0,0.0,304.0,,,,,,,,,,,,,,,,,,,,,,,,,,,,
TSK-TRK-0837,TRK-0837,ENGINEERING_TRACK,KRJ,ALJN,88.01,88.52,DN,"Track maintenance (AVERAGE TGI 64.9, USFD: CLEAR)",TAMPING,True,False,,0.0023,0.2,LOW,288,178,25.4,60kg 90UTS,11.0,196.8,71.9,67.5,80.9,59.5,64.92,AVERAGE,CLEAR,0.0,59.2,42.5,40.0,MODERATE_HEAT_EXPANSION,True,90.0,GOOD,130.0,A,238.0,False,0.0,0.0,260.0,,,,,,,,,,,,,,,,,,,,,,,,,,,,
TSK-SIG-0320,SIG-0320,SIGNAL_AND_TELECOM,ETW,ETW,301.51,301.61,DN,"Signal maintenance (POINT_MACHINE at ETW, Tier: MEDIUM)",NONE,False,True,,0.0598,6.0,LOW,244,150,25.4,,,,,,,,,,,,,,,,,,,,,344.0,,,0.0,237.0,,,,,,,,,,,,,,,POINT_MACHINE,ETW,301.51,5.38,2.35,9.4,17121.0,0.0,5.0,11.0,0.0,96.7,461.0,64.56
TSK-TRK-0542,TRK-0542,ENGINEERING_TRACK,PHD,CNB,388.54,390.43,DN,"Track maintenance (GOOD TGI 89.5, USFD: CLEAR)",NONE,False,False,,0.0026,0.3,LOW,289,149,25.3,60kg 90UTS,5.0,103.8,81.9,73.2,88.2,95.0,89.52000000000001,GOOD,CLEAR,0.0,51.7,40.7,40.0,SAFE_RANGE,True,2.1,GOOD,130.0,A,336.0,False,0.0,0.0,306.0,,,,,,,,,,,,,,,,,,,,,,,,,,,,
TSK-TRK-0563,TRK-0563,ENGINEERING_TRACK,GZB,DER,35.04,36.61,UP,"Track maintenance (GOOD TGI 87.0, USFD: OBS)",NONE,False,False,,0.0049,0.5,LOW,290,152,25.3,52kg 72UTS,2.0,32.9,80.7,100.0,88.0,86.7,86.96000000000001,GOOD,OBS,1.0,44.9,32.9,40.0,SAFE_RANGE,True,80.3,GOOD,130.0,A,259.0,False,0.0,0.0,267.0,,,,,,,,,,,,,,,,,,,,,,,,,,,,
TSK-TRK-0732,TRK-0732,ENGINEERING_TRACK,DER,KRJ,48.5,49.13,DN,"Track maintenance (AVERAGE TGI 51.7, USFD: CLEAR)",BCM,True,False,,0.0057,0.6,LOW,290,216,25.3,60kg 90UTS,14.0,400.0,48.2,45.8,66.6,51.4,51.71999999999999,AVERAGE,CLEAR,0.0,37.2,19.5,40.0,SAFE_RANGE,True,32.7,GOOD,130.0,A,34.0,False,0.0,0.0,296.0,,,,,,,,,,,,,,,,,,,,,,,,,,,,
TSK-TRK-0828,TRK-0828,ENGINEERING_TRACK,KRJ,ALJN,83.15,84.61,DN,"Track maintenance (AVERAGE TGI 76.1, USFD: CLEAR)",NONE,False,False,,0.0097,1.0,LOW,293,156,25.3,60kg 90UTS,1.0,27.7,88.2,92.5,78.5,69.0,76.14,AVERAGE,CLEAR,0.0,58.5,40.7,40.0,MODERATE_HEAT_EXPANSION,True,132.4,GOOD,130.0,A,352.0,False,0.0,0.0,303.0,,,,,,,,,,,,,,,,,,,,,,,,,,,,
TSK-TRK-0686,TRK-0686,ENGINEERING_TRACK,TDL,FZD,218.82,219.97,DN,"Track maintenance (AVERAGE TGI 69.6, USFD: OBS)",TAMPING,True,False,,0.0065,0.7,LOW,293,170,25.2,60kg 90UTS,3.0,47.4,75.7,87.0,91.6,61.0,69.6,AVERAGE,OBS,1.0,40.6,26.9,40.0,SAFE_RANGE,True,40.4,GOOD,160.0,A,356.0,False,0.0,0.0,250.0,,,,,,,,,,,,,,,,,,,,,,,,,,,,
TSK-TRK-0547,TRK-0547,ENGINEERING_TRACK,GZB,DER,32.52,33.83,DN,"Track maintenance (AVERAGE TGI 72.0, USFD: OBS)",TAMPING,True,False,,0.0102,1.0,LOW,294,184,25.2,60kg 90UTS,20.0,321.1,66.9,69.1,62.2,75.8,71.99,AVERAGE,OBS,3.0,42.0,31.9,40.0,SAFE_RANGE,True,81.7,GOOD,130.0,A,245.0,False,0.0,0.0,269.0,,,,,,,,,,,,,,,,,,,,,,,,,,,,
TSK-TRK-0517,TRK-0517,ENGINEERING_TRACK,NDLS,GZB,15.37,16.91,DN,"Track maintenance (AVERAGE TGI 79.3, USFD: CLEAR)",NONE,False,False,,0.0088,0.9,LOW,294,151,25.2,60kg 90UTS,3.0,63.5,75.6,78.5,82.0,80.2,79.29,AVERAGE,CLEAR,0.0,43.8,31.2,40.0,SAFE_RANGE,True,1.1,GOOD,130.0,A,356.0,False,0.0,0.0,302.0,,,,,,,,,,,,,,,,,,,,,,,,,,,,
TSK-TRK-0105,TRK-0105,ENGINEERING_TRACK,PHD,CNB,373.99,374.81,UP,"Track maintenance (AVERAGE TGI 64.0, USFD: CLEAR)",TAMPING,True,False,,0.0037,0.4,LOW,291,185,25.2,60kg 90UTS,11.0,335.4,67.5,59.0,69.7,62.8,64.05,AVERAGE,CLEAR,0.0,53.3,38.5,40.0,SAFE_RANGE,True,49.9,GOOD,130.0,A,79.0,False,0.0,0.0,288.0,,,,,,,,,,,,,,,,,,,,,,,,,,,,
TSK-SIG-0008,SIG-0008,SIGNAL_AND_TELECOM,KRJ,KRJ,82.95,83.05,YARD,"Signal maintenance (POINT_MACHINE at KRJ, Tier: MEDIUM)",NONE,False,False,,0.0467,4.7,LOW,241,150,25.1,,,,,,,,,,,,,,,,,,,,,355.0,,,0.0,250.0,,,,,,,,,,,,,,,POINT_MACHINE,KRJ,82.95,5.4,2.26,12.2,19217.0,0.0,5.0,12.0,0.0,87.9,54.0,68.18
TSK-TRK-0700,TRK-0700,ENGINEERING_TRACK,TDL,FZD,223.75,225.53,DN,"Track maintenance (AVERAGE TGI 73.4, USFD: CLEAR)",TAMPING,True,False,,0.0097,1.0,LOW,295,179,25.1,60kg 90UTS,5.0,163.3,59.7,72.8,79.8,77.0,73.4,AVERAGE,CLEAR,0.0,49.9,36.8,40.0,SAFE_RANGE,True,75.0,GOOD,160.0,A,349.0,False,0.0,0.0,303.0,,,,,,,,,,,,,,,,,,,,,,,,,,,,
TSK-TRK-0167,TRK-0167,ENGINEERING_TRACK,PHD,CNB,380.75,382.68,DN,"Track maintenance (AVERAGE TGI 59.0, USFD: CLEAR)",TAMPING,True,False,,0.0047,0.5,LOW,294,183,25.0,52kg 72UTS,8.0,248.8,75.7,71.4,76.1,48.6,59.05,AVERAGE,CLEAR,0.0,48.2,35.8,40.0,SAFE_RANGE,True,13.1,GOOD,130.0,A,35.0,False,0.0,0.0,295.0,,,,,,,,,,,,,,,,,,,,,,,,,,,,
TSK-SIG-0096,SIG-0096,SIGNAL_AND_TELECOM,CNB,CNB,439.31,439.41,YARD,"Signal maintenance (POINT_MACHINE at CNB, Tier: MEDIUM)",NONE,False,False,,0.0199,2.0,LOW,229,150,25.0,,,,,,,,,,,,,,,,,,,,,124.0,,,0.0,252.0,,,,,,,,,,,,,,,POINT_MACHINE,CNB,439.31,5.48,2.18,14.0,23224.0,0.0,5.0,18.0,0.0,82.3,197.0,68.86
TSK-TRK-0467,TRK-0467,ENGINEERING_TRACK,PHD,CNB,408.17,409.56,UP,"Track maintenance (AVERAGE TGI 70.7, USFD: CLEAR)",TAMPING,True,False,,0.0067,0.7,LOW,296,179,25.0,60kg 90UTS,12.0,233.0,66.5,61.1,79.5,72.2,70.68,AVERAGE,CLEAR,0.0,46.8,36.7,40.0,SAFE_RANGE,True,165.8,FOULED,130.0,A,340.0,False,0.0,0.0,305.0,,,,,,,,,,,,,,,,,,,,,,,,,,,,
TSK-TRK-0071,TRK-0071,ENGINEERING_TRACK,KRJ,ALJN,112.4,113.3,UP,"Track maintenance (AVERAGE TGI 75.5, USFD: CLEAR)",NONE,False,False,,0.0063,0.6,LOW,295,154,25.0,60kg 90UTS,6.0,118.8,66.1,85.4,89.0,74.8,75.53999999999999,AVERAGE,CLEAR,0.0,43.7,32.4,40.0,SAFE_RANGE,True,73.5,GOOD,130.0,A,357.0,False,0.0,0.0,302.0,,,,,,,,,,,,,,,,,,,,,,,,,,,,
TSK-TRK-0569,TRK-0569,ENGINEERING_TRACK,KRJ,ALJN,105.99,106.58,DN,"Track maintenance (AVERAGE TGI 51.7, USFD: CLEAR)",BCM,True,False,,0.0033,0.3,LOW,294,220,25.0,60kg 90UTS,16.0,410.9,56.0,64.1,58.1,47.1,51.67999999999999,AVERAGE,CLEAR,0.0,53.3,39.7,40.0,SAFE_RANGE,True,179.3,FOULED,130.0,A,23.0,False,0.0,0.0,297.0,,,,,,,,,,,,,,,,,,,,,,,,,,,,
TSK-TRK-0295,TRK-0295,ENGINEERING_TRACK,ALJN,TDL,169.41,171.23,DN,"Track maintenance (GOOD TGI 95.5, USFD: OBS)",NONE,False,False,,0.0021,0.2,LOW,294,154,24.9,52kg 72UTS,2.0,33.5,94.7,82.5,91.4,98.6,95.48999999999998,GOOD,OBS,1.0,41.4,28.0,40.0,SAFE_RANGE,True,115.7,FOULED,160.0,A,274.0,False,0.0,0.0,264.0,,,,,,,,,,,,,,,,,,,,,,,,,,,,
TSK-TRK-0439,TRK-0439,ENGINEERING_TRACK,PHD,CNB,396.97,398.57,UP,"Track maintenance (AVERAGE TGI 71.2, USFD: OBS)",TAMPING,True,False,,0.0033,0.3,LOW,295,181,24.9,60kg 90UTS,13.0,354.6,52.5,75.1,76.3,75.9,71.17999999999999,AVERAGE,OBS,1.0,47.8,30.1,40.0,SAFE_RANGE,True,156.3,FOULED,130.0,A,332.0,False,0.0,0.0,254.0,,,,,,,,,,,,,,,,,,,,,,,,,,,,
TSK-TRK-0306,TRK-0306,ENGINEERING_TRACK,GZB,DER,35.3,36.01,UP,"Track maintenance (GOOD TGI 85.2, USFD: CLEAR)",NONE,False,False,,0.0108,1.1,LOW,299,150,24.9,60kg 90UTS,8.0,175.5,81.7,82.5,81.7,87.4,85.20000000000002,GOOD,CLEAR,0.0,41.4,26.3,40.0,SAFE_RANGE,True,173.4,GOOD,130.0,A,348.0,False,0.0,0.0,304.0,,,,,,,,,,,,,,,,,,,,,,,,,,,,
TSK-TRK-0038,TRK-0038,ENGINEERING_TRACK,PHD,CNB,366.48,368.33,UP,"Track maintenance (AVERAGE TGI 77.5, USFD: CLEAR)",NONE,False,False,,0.0066,0.7,LOW,297,156,24.9,52kg 72UTS,9.0,143.0,55.2,80.8,76.4,84.5,77.46000000000001,AVERAGE,CLEAR,0.0,43.5,29.3,40.0,SAFE_RANGE,True,145.2,GOOD,130.0,A,356.0,False,0.0,0.0,302.0,,,,,,,,,,,,,,,,,,,,,,,,,,,,
TSK-TRK-0240,TRK-0240,ENGINEERING_TRACK,ETW,PHD,343.48,344.86,UP,"Track maintenance (AVERAGE TGI 57.9, USFD: CLEAR)",TAMPING,True,False,,0.0042,0.4,LOW,295,186,24.9,60kg 90UTS,12.0,419.4,58.8,57.8,58.9,57.5,57.92999999999999,AVERAGE,CLEAR,0.0,43.0,30.6,40.0,SAFE_RANGE,True,165.7,FOULED,160.0,A,48.0,False,0.0,0.0,293.0,,,,,,,,,,,,,,,,,,,,,,,,,,,,
TSK-TRK-0566,TRK-0566,ENGINEERING_TRACK,PHD,CNB,433.67,434.71,DN,"Track maintenance (AVERAGE TGI 68.2, USFD: OBS)",TAMPING,True,False,,0.0021,0.2,LOW,295,178,24.9,60kg 90UTS,13.0,209.4,64.4,58.1,85.1,68.3,68.17999999999999,AVERAGE,OBS,1.0,59.1,43.9,40.0,MODERATE_HEAT_EXPANSION,True,65.8,GOOD,130.0,A,179.0,False,0.0,0.0,281.0,,,,,,,,,,,,,,,,,,,,,,,,,,,,
TSK-TRK-0763,TRK-0763,ENGINEERING_TRACK,TDL,FZD,209.48,210.15,DN,"Track maintenance (AVERAGE TGI 61.4, USFD: CLEAR)",TAMPING,True,False,,0.0015,0.1,LOW,296,179,24.8,60kg 90UTS,15.0,283.3,72.4,67.3,77.1,54.1,61.38000000000001,AVERAGE,CLEAR,0.0,49.3,33.2,40.0,SAFE_RANGE,True,7.9,GOOD,160.0,A,20.0,False,0.0,0.0,298.0,,,,,,,,,,,,,,,,,,,,,,,,,,,,
TSK-TRK-0571,TRK-0571,ENGINEERING_TRACK,PHD,CNB,369.21,370.58,UP,"Track maintenance (AVERAGE TGI 76.9, USFD: CLEAR)",NONE,False,False,,0.0029,0.3,LOW,297,155,24.8,60kg 90UTS,2.0,59.4,82.7,72.3,84.8,74.4,76.89000000000001,AVERAGE,CLEAR,0.0,40.9,30.7,40.0,SAFE_RANGE,True,163.3,GOOD,130.0,A,321.0,False,0.0,0.0,308.0,,,,,,,,,,,,,,,,,,,,,,,,,,,,
TSK-TRK-0281,TRK-0281,ENGINEERING_TRACK,ALJN,TDL,190.56,191.53,UP,"Track maintenance (AVERAGE TGI 65.6, USFD: CLEAR)",TAMPING,True,False,,0.0052,0.5,LOW,297,185,24.8,60kg 90UTS,18.0,434.4,69.1,43.9,72.9,66.9,65.64000000000001,AVERAGE,CLEAR,0.0,39.9,27.6,40.0,SAFE_RANGE,True,141.2,FOULED,160.0,A,323.0,False,0.0,0.0,308.0,,,,,,,,,,,,,,,,,,,,,,,,,,,,
TSK-TRK-0399,TRK-0399,ENGINEERING_TRACK,TDL,FZD,215.28,217.12,DN,"Track maintenance (AVERAGE TGI 72.8, USFD: CLEAR)",TAMPING,True,False,,0.0054,0.5,LOW,298,183,24.8,60kg 90UTS,5.0,121.5,78.6,85.8,73.5,68.5,72.75,AVERAGE,CLEAR,0.0,44.5,31.3,40.0,SAFE_RANGE,True,90.4,GOOD,160.0,A,344.0,False,0.0,0.0,304.0,,,,,,,,,,,,,,,,,,,,,,,,,,,,
TSK-TRK-0820,TRK-0820,ENGINEERING_TRACK,FZD,ETW,277.73,278.24,UP,"Track maintenance (AVERAGE TGI 69.9, USFD: CLEAR)",MANUAL,False,False,,0.0057,0.6,LOW,298,166,24.8,60kg 90UTS,16.0,240.5,79.9,65.3,60.2,69.0,69.92999999999999,AVERAGE,CLEAR,0.0,35.4,19.8,40.0,SAFE_RANGE,True,94.5,GOOD,160.0,A,340.0,False,0.0,0.0,305.0,,,,,,,,,,,,,,,,,,,,,,,,,,,,
TSK-TRK-0268,TRK-0268,ENGINEERING_TRACK,ALJN,TDL,190.98,192.52,DN,"Track maintenance (AVERAGE TGI 58.8, USFD: CLEAR)",TAMPING,True,False,,0.0034,0.3,LOW,296,178,24.8,60kg 90UTS,7.0,177.5,68.8,54.7,77.9,52.9,58.760000000000005,AVERAGE,CLEAR,0.0,47.2,31.2,40.0,SAFE_RANGE,True,53.2,GOOD,160.0,A,32.0,False,0.0,0.0,296.0,,,,,,,,,,,,,,,,,,,,,,,,,,,,
TSK-TRK-0689,TRK-0689,ENGINEERING_TRACK,FZD,ETW,232.99,234.48,DN,"Track maintenance (AVERAGE TGI 73.7, USFD: CLEAR)",TAMPING,True,False,,0.0051,0.5,LOW,298,183,24.8,60kg 90UTS,12.0,241.2,56.4,72.9,73.8,79.5,73.65,AVERAGE,CLEAR,0.0,34.1,20.1,40.0,SAFE_RANGE,True,20.5,GOOD,160.0,A,343.0,False,0.0,0.0,304.0,,,,,,,,,,,,,,,,,,,,,,,,,,,,
TSK-TRK-0795,TRK-0795,ENGINEERING_TRACK,DER,KRJ,46.75,47.3,UP,"Track maintenance (AVERAGE TGI 65.6, USFD: CLEAR)",TAMPING,True,False,,0.0095,1.0,LOW,300,179,24.8,60kg 90UTS,15.0,434.0,64.6,66.0,62.6,66.4,65.62,AVERAGE,CLEAR,0.0,56.2,39.7,40.0,MODERATE_HEAT_EXPANSION,True,115.4,FOULED,130.0,A,342.0,False,0.0,0.0,305.0,,,,,,,,,,,,,,,,,,,,,,,,,,,,
TSK-TRK-0301,TRK-0301,ENGINEERING_TRACK,PHD,CNB,382.34,383.58,UP,"Track maintenance (GOOD TGI 87.5, USFD: CLEAR)",NONE,False,False,,0.0034,0.3,LOW,298,149,24.7,60kg 90UTS,2.0,39.3,83.4,84.2,87.9,89.3,87.47,GOOD,CLEAR,0.0,37.9,23.7,40.0,SAFE_RANGE,True,0.1,GOOD,130.0,A,319.0,False,0.0,0.0,309.0,,,,,,,,,,,,,,,,,,,,,,,,,,,,
TSK-TRK-0419,TRK-0419,ENGINEERING_TRACK,FZD,ETW,232.52,233.41,DN,"Track maintenance (AVERAGE TGI 78.8, USFD: CLEAR)",NONE,False,False,,0.0061,0.6,LOW,299,153,24.7,60kg 90UTS,3.0,81.5,71.9,69.9,81.6,82.1,78.78999999999999,AVERAGE,CLEAR,0.0,54.2,36.8,40.0,SAFE_RANGE,True,72.1,GOOD,160.0,A,340.0,False,0.0,0.0,305.0,,,,,,,,,,,,,,,,,,,,,,,,,,,,
TSK-TRK-0788,TRK-0788,ENGINEERING_TRACK,TDL,FZD,220.21,221.78,DN,"Track maintenance (AVERAGE TGI 71.7, USFD: CLEAR)",MANUAL,False,False,,0.0026,0.3,LOW,298,169,24.7,60kg 90UTS,13.0,354.4,57.2,58.2,56.3,81.4,71.73,AVERAGE,CLEAR,0.0,50.5,39.1,40.0,SAFE_RANGE,True,44.8,GOOD,160.0,A,321.0,False,0.0,0.0,308.0,,,,,,,,,,,,,,,,,,,,,,,,,,,,
TSK-TRK-0772,TRK-0772,ENGINEERING_TRACK,ALJN,TDL,173.39,174.09,UP,"Track maintenance (AVERAGE TGI 76.6, USFD: CLEAR)",NONE,False,False,,0.0022,0.2,LOW,298,152,24.7,52kg 72UTS,10.0,238.9,77.1,61.1,75.2,79.2,76.57000000000001,AVERAGE,CLEAR,0.0,41.8,27.1,40.0,SAFE_RANGE,True,83.7,GOOD,160.0,A,323.0,False,0.0,0.0,308.0,,,,,,,,,,,,,,,,,,,,,,,,,,,,
TSK-TRK-0373,TRK-0373,ENGINEERING_TRACK,NDLS,GZB,9.14,9.72,UP,"Track maintenance (AVERAGE TGI 64.4, USFD: CLEAR)",MANUAL,False,False,,0.0021,0.2,LOW,298,166,24.7,60kg 90UTS,7.0,142.4,71.6,78.5,81.9,56.8,64.44,AVERAGE,CLEAR,0.0,56.3,38.4,40.0,MODERATE_HEAT_EXPANSION,True,123.0,FOULED,130.0,A,79.0,False,0.0,0.0,288.0,,,,,,,,,,,,,,,,,,,,,,,,,,,,
TSK-TRK-0644,TRK-0644,ENGINEERING_TRACK,FZD,ETW,245.73,247.27,UP,"Track maintenance (AVERAGE TGI 64.5, USFD: CLEAR)",TAMPING,True,False,,0.002,0.2,LOW,297,186,24.7,60kg 90UTS,11.0,248.1,61.0,65.5,88.7,61.4,64.46,AVERAGE,CLEAR,0.0,42.7,28.1,40.0,SAFE_RANGE,True,145.5,FOULED,160.0,A,56.0,False,0.0,0.0,292.0,,,,,,,,,,,,,,,,,,,,,,,,,,,,
TSK-TRK-0628,TRK-0628,ENGINEERING_TRACK,FZD,ETW,257.38,258.65,DN,"Track maintenance (GOOD TGI 80.0, USFD: OBS)",NONE,False,False,,0.0052,0.5,LOW,299,154,24.7,52kg 72UTS,4.0,120.9,73.9,87.7,88.4,79.4,80.03,GOOD,OBS,1.0,39.9,26.2,40.0,SAFE_RANGE,True,93.6,GOOD,160.0,A,258.0,False,0.0,0.0,267.0,,,,,,,,,,,,,,,,,,,,,,,,,,,,
TSK-SIG-0011,SIG-0011,SIGNAL_AND_TELECOM,NDLS,NDLS,1.5,1.6,UP,"Signal maintenance (POINT_MACHINE at NDLS, Tier: MEDIUM)",NONE,False,False,,0.0553,5.5,LOW,252,150,24.7,,,,,,,,,,,,,,,,,,,,,351.0,,,0.0,248.0,,,,,,,,,,,,,,,POINT_MACHINE,NDLS,1.5,5.16,2.44,14.1,12759.0,0.0,5.0,20.0,0.0,83.7,156.0,67.54
TSK-TRK-0255,TRK-0255,ENGINEERING_TRACK,ALJN,TDL,153.28,154.18,UP,"Track maintenance (AVERAGE TGI 76.9, USFD: CLEAR)",NONE,False,False,,0.0055,0.5,LOW,300,152,24.6,60kg 90UTS,5.0,171.3,77.6,76.9,72.8,77.3,76.86999999999999,AVERAGE,CLEAR,0.0,55.8,38.4,40.0,MODERATE_HEAT_EXPANSION,True,178.6,FOULED,160.0,A,340.0,False,0.0,0.0,305.0,,,,,,,,,,,,,,,,,,,,,,,,,,,,
TSK-TRK-0351,TRK-0351,ENGINEERING_TRACK,ETW,PHD,351.07,352.6,DN,"Track maintenance (GOOD TGI 83.9, USFD: OBS)",NONE,False,False,,0.0014,0.1,LOW,298,153,24.6,60kg 90UTS,11.0,216.6,75.0,82.1,81.0,87.6,83.86999999999999,GOOD,OBS,1.0,29.0,18.3,40.0,SAFE_RANGE,True,19.9,GOOD,160.0,A,298.0,False,0.0,0.0,260.0,,,,,,,,,,,,,,,,,,,,,,,,,,,,
TSK-TRK-0231,TRK-0231,ENGINEERING_TRACK,KRJ,ALJN,116.88,118.12,UP,"Track maintenance (AVERAGE TGI 66.9, USFD: CLEAR)",TAMPING,True,False,,0.002,0.2,LOW,299,183,24.6,60kg 90UTS,15.0,257.1,69.3,54.0,77.6,66.5,66.92,AVERAGE,CLEAR,0.0,43.5,25.9,40.0,SAFE_RANGE,True,59.8,GOOD,130.0,A,322.0,False,0.0,0.0,308.0,,,,,,,,,,,,,,,,,,,,,,,,,,,,
TSK-TRK-0472,TRK-0472,ENGINEERING_TRACK,PHD,CNB,438.87,440.03,DN,"Track maintenance (AVERAGE TGI 65.3, USFD: CLEAR)",TAMPING,True,False,,0.0029,0.3,LOW,300,180,24.6,60kg 90UTS,11.0,286.0,59.6,70.6,83.0,63.3,65.25999999999999,AVERAGE,CLEAR,0.0,60.7,43.9,40.0,HIGH_BUCKLING_RISK,False,74.2,GOOD,130.0,A,329.0,False,0.0,0.0,307.0,,,,,,,,,,,,,,,,,,,,,,,,,,,,
TSK-TRK-0707,TRK-0707,ENGINEERING_TRACK,ETW,PHD,341.29,341.94,DN,"Track maintenance (AVERAGE TGI 62.4, USFD: CLEAR)",MANUAL,False,False,,0.0021,0.2,LOW,299,164,24.6,60kg 90UTS,11.0,345.2,66.1,56.5,70.9,60.7,62.38000000000001,AVERAGE,CLEAR,0.0,32.8,21.2,40.0,SAFE_RANGE,True,174.5,FOULED,160.0,A,8.0,False,0.0,0.0,300.0,,,,,,,,,,,,,,,,,,,,,,,,,,,,
TSK-TRK-0094,TRK-0094,ENGINEERING_TRACK,ALJN,TDL,190.73,191.58,DN,"Track maintenance (GOOD TGI 86.1, USFD: CLEAR)",NONE,False,False,,0.0056,0.6,LOW,300,150,24.6,60kg 90UTS,8.0,221.9,78.9,87.5,80.4,89.2,86.09,GOOD,CLEAR,0.0,49.5,34.1,40.0,SAFE_RANGE,True,129.8,FOULED,160.0,A,342.0,False,0.0,0.0,305.0,,,,,,,,,,,,,,,,,,,,,,,,,,,,
TSK-TRK-0453,TRK-0453,ENGINEERING_TRACK,TDL,FZD,215.72,217.4,DN,"Track maintenance (AVERAGE TGI 64.6, USFD: CLEAR)",TAMPING,True,False,,0.002,0.2,LOW,299,186,24.6,60kg 90UTS,12.0,291.3,61.1,75.1,82.6,61.0,64.59,AVERAGE,CLEAR,0.0,51.2,38.6,40.0,SAFE_RANGE,True,151.8,FOULED,160.0,A,79.0,False,0.0,0.0,288.0,,,,,,,,,,,,,,,,,,,,,,,,,,,,
TSK-SIG-0446,SIG-0446,SIGNAL_AND_TELECOM,ETW,ETW,300.99,301.09,UP,"Signal maintenance (POINT_MACHINE at ETW, Tier: MEDIUM)",NONE,False,False,,0.0288,2.9,LOW,241,150,24.5,,,,,,,,,,,,,,,,,,,,,57.0,,,0.0,245.0,,,,,,,,,,,,,,,POINT_MACHINE,ETW,300.99,5.21,2.34,9.2,23424.0,0.0,5.0,5.0,0.0,73.1,131.0,66.74
TSK-TRK-0359,TRK-0359,ENGINEERING_TRACK,ETW,PHD,320.02,321.53,DN,"Track maintenance (AVERAGE TGI 74.9, USFD: CLEAR)",TAMPING,True,False,,0.002,0.2,LOW,301,168,24.5,60kg 90UTS,5.0,158.9,70.8,64.7,77.4,77.5,74.87,AVERAGE,CLEAR,0.0,50.4,32.5,40.0,SAFE_RANGE,True,9.8,GOOD,160.0,A,334.0,False,0.0,0.0,306.0,,,,,,,,,,,,,,,,,,,,,,,,,,,,
TSK-TRK-0259,TRK-0259,ENGINEERING_TRACK,PHD,CNB,389.61,391.56,UP,"Track maintenance (AVERAGE TGI 65.4, USFD: CLEAR)",MANUAL,False,False,,0.0043,0.4,LOW,302,181,24.5,52kg 72UTS,16.0,325.9,61.4,57.9,69.2,67.4,65.42999999999999,AVERAGE,CLEAR,0.0,52.2,39.5,40.0,SAFE_RANGE,True,104.0,FOULED,130.0,A,294.0,False,0.0,0.0,313.0,,,,,,,,,,,,,,,,,,,,,,,,,,,,
TSK-TRK-0109,TRK-0109,ENGINEERING_TRACK,FZD,ETW,276.77,278.01,DN,"Track maintenance (AVERAGE TGI 72.7, USFD: CLEAR)",TAMPING,True,False,,0.0026,0.3,LOW,300,177,24.5,60kg 90UTS,3.0,99.0,91.6,64.2,90.3,64.9,72.71000000000001,AVERAGE,CLEAR,0.0,37.6,26.4,40.0,SAFE_RANGE,True,22.7,GOOD,160.0,A,324.0,False,0.0,0.0,308.0,,,,,,,,,,,,,,,,,,,,,,,,,,,,
TSK-TRK-0641,TRK-0641,ENGINEERING_TRACK,ALJN,TDL,155.68,156.22,UP,"Track maintenance (GOOD TGI 85.1, USFD: CLEAR)",NONE,False,False,,0.0038,0.4,LOW,301,148,24.5,60kg 90UTS,5.0,158.7,95.4,62.8,90.0,84.6,85.12,GOOD,CLEAR,0.0,43.0,27.1,40.0,SAFE_RANGE,True,4.8,GOOD,160.0,A,325.0,False,0.0,0.0,308.0,,,,,,,,,,,,,,,,,,,,,,,,,,,,
TSK-TRK-0735,TRK-0735,ENGINEERING_TRACK,FZD,ETW,272.88,274.75,UP,"Track maintenance (AVERAGE TGI 76.6, USFD: CLEAR)",NONE,False,False,,0.0013,0.1,LOW,302,154,24.4,60kg 90UTS,9.0,234.7,82.7,54.5,77.2,78.1,76.57000000000001,AVERAGE,CLEAR,0.0,44.0,33.2,40.0,SAFE_RANGE,True,137.3,FOULED,160.0,A,338.0,False,0.0,0.0,305.0,,,,,,,,,,,,,,,,,,,,,,,,,,,,
TSK-TRK-0215,TRK-0215,ENGINEERING_TRACK,PHD,CNB,438.21,440.15,UP,"Track maintenance (AVERAGE TGI 65.3, USFD: CLEAR)",TAMPING,True,False,,0.0033,0.3,LOW,302,186,24.4,60kg 90UTS,3.0,101.7,74.6,73.2,75.7,59.2,65.33,AVERAGE,CLEAR,0.0,51.5,35.4,40.0,SAFE_RANGE,True,74.2,GOOD,130.0,A,327.0,False,0.0,0.0,307.0,,,,,,,,,,,,,,,,,,,,,,,,,,,,
TSK-TRK-0677,TRK-0677,ENGINEERING_TRACK,NDLS,GZB,10.6,12.58,DN,"Track maintenance (AVERAGE TGI 65.5, USFD: OBS)",TAMPING,True,False,,0.0063,0.6,LOW,304,188,24.4,60kg 90UTS,15.0,372.9,69.9,63.3,78.0,62.4,65.55,AVERAGE,OBS,1.0,56.9,40.0,40.0,MODERATE_HEAT_EXPANSION,True,22.3,GOOD,130.0,A,52.0,False,0.0,0.0,303.0,,,,,,,,,,,,,,,,,,,,,,,,,,,,
TSK-TRK-0717,TRK-0717,ENGINEERING_TRACK,ALJN,TDL,175.08,175.59,DN,"Track maintenance (AVERAGE TGI 70.8, USFD: CLEAR)",TAMPING,True,False,,0.0028,0.3,LOW,302,173,24.4,60kg 90UTS,8.0,248.9,65.8,56.3,69.6,75.1,70.80999999999999,AVERAGE,CLEAR,0.0,58.2,43.7,40.0,MODERATE_HEAT_EXPANSION,True,161.0,GOOD,160.0,A,326.0,False,0.0,0.0,307.0,,,,,,,,,,,,,,,,,,,,,,,,,,,,
TSK-TRK-0683,TRK-0683,ENGINEERING_TRACK,ALJN,TDL,144.71,146.66,DN,"Track maintenance (AVERAGE TGI 78.9, USFD: CLEAR)",NONE,False,False,,0.0013,0.1,LOW,301,157,24.4,60kg 90UTS,3.0,46.2,76.0,82.1,93.8,76.9,78.92999999999999,AVERAGE,CLEAR,0.0,36.5,23.4,40.0,SAFE_RANGE,True,72.4,GOOD,160.0,A,336.0,False,0.0,0.0,306.0,,,,,,,,,,,,,,,,,,,,,,,,,,,,
TSK-TRK-0757,TRK-0757,ENGINEERING_TRACK,ETW,PHD,340.85,342.02,UP,"Track maintenance (AVERAGE TGI 73.1, USFD: CLEAR)",TAMPING,True,False,,0.0015,0.2,LOW,301,176,24.4,52kg 72UTS,5.0,154.7,62.5,67.0,86.7,75.4,73.11,AVERAGE,CLEAR,0.0,32.1,19.6,40.0,SAFE_RANGE,True,78.5,GOOD,160.0,A,338.0,False,0.0,0.0,305.0,,,,,,,,,,,,,,,,,,,,,,,,,,,,
TSK-TRK-0543,TRK-0543,ENGINEERING_TRACK,NDLS,GZB,3.46,5.29,DN,"Track maintenance (GOOD TGI 83.2, USFD: CLEAR)",NONE,False,False,,0.0018,0.2,LOW,302,152,24.4,60kg 90UTS,5.0,83.5,72.6,64.9,95.5,87.8,83.24,GOOD,CLEAR,0.0,48.0,34.7,40.0,SAFE_RANGE,True,82.1,GOOD,130.0,A,314.0,False,0.0,0.0,310.0,,,,,,,,,,,,,,,,,,,,,,,,,,,,
TSK-TRK-0391,TRK-0391,ENGINEERING_TRACK,FZD,ETW,265.75,267.67,DN,"Track maintenance (AVERAGE TGI 71.0, USFD: CLEAR)",MANUAL,False,False,,0.0015,0.1,LOW,302,169,24.4,60kg 90UTS,7.0,209.8,69.1,68.5,91.9,68.5,70.96000000000001,AVERAGE,CLEAR,0.0,54.3,41.5,40.0,SAFE_RANGE,True,74.3,GOOD,160.0,A,335.0,False,0.0,0.0,306.0,,,,,,,,,,,,,,,,,,,,,,,,,,,,
TSK-TRK-0346,TRK-0346,ENGINEERING_TRACK,NDLS,GZB,5.48,7.07,UP,"Track maintenance (AVERAGE TGI 67.5, USFD: OBS)",MANUAL,False,False,,0.0015,0.2,LOW,301,171,24.4,60kg 90UTS,7.0,207.8,79.8,80.6,74.2,60.1,67.5,AVERAGE,OBS,1.0,44.7,33.3,40.0,SAFE_RANGE,True,66.0,GOOD,130.0,A,338.0,False,0.0,0.0,253.0,,,,,,,,,,,,,,,,,,,,,,,,,,,,
TSK-TRK-0010,TRK-0010,ENGINEERING_TRACK,FZD,ETW,292.44,293.54,UP,"Track maintenance (AVERAGE TGI 73.4, USFD: CLEAR)",MANUAL,False,False,,0.0022,0.2,LOW,302,168,24.4,60kg 90UTS,5.0,126.0,61.5,91.0,81.2,73.1,73.38,AVERAGE,CLEAR,0.0,30.8,20.4,40.0,SAFE_RANGE,True,19.7,GOOD,160.0,A,326.0,False,0.0,0.0,307.0,,,,,,,,,,,,,,,,,,,,,,,,,,,,
TSK-TRK-0436,TRK-0436,ENGINEERING_TRACK,ETW,PHD,317.5,318.84,UP,"Track maintenance (AVERAGE TGI 74.7, USFD: CLEAR)",TAMPING,True,False,,0.0019,0.2,LOW,302,180,24.4,60kg 90UTS,13.0,220.7,64.9,77.6,71.3,78.1,74.72999999999999,AVERAGE,CLEAR,0.0,33.9,22.2,40.0,SAFE_RANGE,True,45.8,GOOD,160.0,A,327.0,False,0.0,0.0,307.0,,,,,,,,,,,,,,,,,,,,,,,,,,,,
TSK-SIG-0396,SIG-0396,SIGNAL_AND_TELECOM,PHD,PHD,357.34,357.44,YARD,"Signal maintenance (POINT_MACHINE at PHD, Tier: MEDIUM)",NONE,False,False,,0.0422,4.2,LOW,250,150,24.4,,,,,,,,,,,,,,,,,,,,,49.0,,,0.0,241.0,,,,,,,,,,,,,,,POINT_MACHINE,PHD,357.34,5.8,2.1,9.9,10211.0,0.0,5.0,12.0,0.0,75.3,400.0,65.64
TSK-SIG-0243,SIG-0243,SIGNAL_AND_TELECOM,ALJN,ALJN,130.42,130.52,UP,"Signal maintenance (TRACK_CIRCUIT at ALJN, Tier: LOW)",NONE,False,False,,0.1886,18.9,LOW,325,150,24.3,,,,,,,,,,,,,,,,,,,,,13.0,,,0.0,362.0,,,,,,,,,,,,,,,TRACK_CIRCUIT,ALJN,130.42,0.0,0.0,15.0,0.0,6.1,2.52,4.0,0.0,89.9,125.0,99.35
TSK-TRK-0334,TRK-0334,ENGINEERING_TRACK,TDL,FZD,222.78,223.67,DN,"Track maintenance (AVERAGE TGI 71.8, USFD: CLEAR)",MANUAL,False,False,,0.002,0.2,LOW,303,162,24.3,60kg 90UTS,7.0,126.0,82.8,77.9,87.7,64.5,71.82000000000001,AVERAGE,CLEAR,0.0,55.1,37.9,40.0,MODERATE_HEAT_EXPANSION,True,145.0,FOULED,160.0,A,312.0,False,0.0,0.0,310.0,,,,,,,,,,,,,,,,,,,,,,,,,,,,
TSK-TRK-0040,TRK-0040,ENGINEERING_TRACK,FZD,ETW,250.14,251.69,UP,"Track maintenance (GOOD TGI 87.8, USFD: CLEAR)",NONE,False,False,,0.0031,0.3,LOW,304,152,24.3,60kg 90UTS,7.0,163.9,77.8,94.1,69.8,93.0,87.75,GOOD,CLEAR,0.0,57.8,42.4,40.0,MODERATE_HEAT_EXPANSION,True,162.5,FOULED,160.0,A,320.0,False,0.0,0.0,309.0,,,,,,,,,,,,,,,,,,,,,,,,,,,,
TSK-TRK-0361,TRK-0361,ENGINEERING_TRACK,PHD,CNB,375.26,376.72,DN,"Track maintenance (AVERAGE TGI 73.0, USFD: CLEAR)",TAMPING,True,False,,0.0051,0.5,LOW,305,178,24.3,60kg 90UTS,8.0,132.6,67.9,73.0,68.3,75.4,72.95,AVERAGE,CLEAR,0.0,44.1,29.5,40.0,SAFE_RANGE,True,15.8,GOOD,130.0,A,260.0,False,0.0,0.0,319.0,,,,,,,,,,,,,,,,,,,,,,,,,,,,
TSK-TRK-0015,TRK-0015,ENGINEERING_TRACK,GZB,DER,35.76,37.06,UP,"Track maintenance (AVERAGE TGI 66.1, USFD: CLEAR)",MANUAL,False,False,,0.0022,0.2,LOW,303,174,24.3,52kg 72UTS,5.0,141.0,68.6,75.8,78.6,61.5,66.06,AVERAGE,CLEAR,0.0,53.9,42.6,40.0,SAFE_RANGE,True,95.0,GOOD,130.0,A,315.0,False,0.0,0.0,309.0,,,,,,,,,,,,,,,,,,,,,,,,,,,,
TSK-SIG-0444,SIG-0444,SIGNAL_AND_TELECOM,CNB,CNB,440.0,440.1,UP,"Signal maintenance (POINT_MACHINE at CNB, Tier: MEDIUM)",NONE,False,False,,0.0197,2.0,LOW,240,150,24.3,,,,,,,,,,,,,,,,,,,,,162.0,,,0.0,259.0,,,,,,,,,,,,,,,POINT_MACHINE,CNB,440.0,5.0,2.41,10.2,26589.0,0.0,5.0,11.0,0.0,76.0,665.0,70.65
TSK-TRK-0779,TRK-0779,ENGINEERING_TRACK,KRJ,ALJN,103.62,105.4,UP,"Track maintenance (AVERAGE TGI 78.6, USFD: CLEAR)",NONE,False,False,,0.0049,0.5,LOW,304,155,24.3,60kg 90UTS,12.0,213.3,81.1,71.1,70.8,80.3,78.58999999999999,AVERAGE,CLEAR,0.0,53.1,40.7,40.0,SAFE_RANGE,True,132.8,FOULED,130.0,A,260.0,False,0.0,0.0,319.0,,,,,,,,,,,,,,,,,,,,,,,,,,,,
TSK-TRK-0164,TRK-0164,ENGINEERING_TRACK,PHD,CNB,430.38,432.15,DN,"Track maintenance (AVERAGE TGI 70.0, USFD: CLEAR)",TAMPING,True,False,,0.0024,0.2,LOW,304,167,24.3,60kg 90UTS,7.0,193.9,72.8,62.9,86.7,67.5,70.02000000000001,AVERAGE,CLEAR,0.0,43.3,32.3,40.0,SAFE_RANGE,True,54.5,GOOD,130.0,A,278.0,False,0.0,0.0,316.0,,,,,,,,,,,,,,,,,,,,,,,,,,,,
TSK-SIG-0276,SIG-0276,SIGNAL_AND_TELECOM,GZB,GZB,24.23,24.33,YARD,"Signal maintenance (TRACK_CIRCUIT at GZB, Tier: LOW)",NONE,False,False,,0.1886,18.9,LOW,325,150,24.3,,,,,,,,,,,,,,,,,,,,,12.0,,,0.0,362.0,,,,,,,,,,,,,,,TRACK_CIRCUIT,GZB,24.23,0.0,0.0,15.0,0.0,4.62,6.75,15.0,0.0,71.9,109.0,99.4
TSK-TRK-0267,TRK-0267,ENGINEERING_TRACK,GZB,DER,31.49,32.57,DN,"Track maintenance (AVERAGE TGI 74.5, USFD: CLEAR)",TAMPING,True,False,,0.0025,0.2,LOW,303,180,24.3,60kg 90UTS,11.0,339.0,63.6,72.0,70.6,79.2,74.5,AVERAGE,CLEAR,0.0,39.6,24.4,40.0,SAFE_RANGE,True,44.7,GOOD,130.0,A,312.0,False,0.0,0.0,310.0,,,,,,,,,,,,,,,,,,,,,,,,,,,,
TSK-TRK-0144,TRK-0144,ENGINEERING_TRACK,GZB,DER,33.54,34.4,UP,"Track maintenance (GOOD TGI 82.0, USFD: CLEAR)",NONE,False,False,,0.0057,0.6,LOW,305,150,24.3,60kg 90UTS,2.0,39.5,69.6,94.2,92.9,82.2,81.95,GOOD,CLEAR,0.0,49.6,34.6,40.0,SAFE_RANGE,True,11.3,GOOD,130.0,A,260.0,False,0.0,0.0,319.0,,,,,,,,,,,,,,,,,,,,,,,,,,,,
TSK-TRK-0089,TRK-0089,ENGINEERING_TRACK,DER,KRJ,68.23,70.09,UP,"Track maintenance (AVERAGE TGI 69.4, USFD: CLEAR)",MANUAL,False,False,,0.0035,0.4,LOW,306,172,24.2,60kg 90UTS,11.0,340.2,43.6,62.9,70.3,79.0,69.44,AVERAGE,CLEAR,0.0,38.6,25.6,40.0,SAFE_RANGE,True,26.2,GOOD,130.0,A,276.0,False,0.0,0.0,316.0,,,,,,,,,,,,,,,,,,,,,,,,,,,,
TSK-TRK-0709,TRK-0709,ENGINEERING_TRACK,KRJ,ALJN,90.13,91.76,DN,"Track maintenance (AVERAGE TGI 73.3, USFD: CLEAR)",TAMPING,True,False,,0.0036,0.4,LOW,306,182,24.2,60kg 90UTS,8.0,142.1,91.6,76.1,82.8,65.2,73.33,AVERAGE,CLEAR,0.0,46.4,29.1,40.0,SAFE_RANGE,True,161.7,GOOD,130.0,A,269.0,False,0.0,0.0,317.0,,,,,,,,,,,,,,,,,,,,,,,,,,,,
TSK-TRK-0692,TRK-0692,ENGINEERING_TRACK,FZD,ETW,265.54,266.05,UP,"Track maintenance (GOOD TGI 83.9, USFD: CLEAR)",NONE,False,False,,0.0019,0.2,LOW,305,150,24.2,60kg 90UTS,1.0,18.4,80.7,98.8,93.7,80.8,83.86999999999999,GOOD,CLEAR,0.0,45.9,30.4,40.0,SAFE_RANGE,True,156.4,FOULED,160.0,A,313.0,False,0.0,0.0,310.0,,,,,,,,,,,,,,,,,,,,,,,,,,,,
TSK-TRK-0381,TRK-0381,ENGINEERING_TRACK,GZB,DER,28.84,30.67,DN,"Track maintenance (AVERAGE TGI 65.2, USFD: CLEAR)",TAMPING,True,False,,0.0025,0.3,LOW,305,184,24.2,60kg 90UTS,11.0,244.4,61.6,59.9,74.0,65.8,65.19,AVERAGE,CLEAR,0.0,39.7,23.7,40.0,SAFE_RANGE,True,95.5,GOOD,130.0,A,292.0,False,0.0,0.0,313.0,,,,,,,,,,,,,,,,,,,,,,,,,,,,
TSK-TRK-0310,TRK-0310,ENGINEERING_TRACK,DER,KRJ,69.94,71.26,UP,"Track maintenance (AVERAGE TGI 67.0, USFD: CLEAR)",MANUAL,False,False,,0.0026,0.3,LOW,305,172,24.2,60kg 90UTS,11.0,295.7,67.9,71.2,79.6,63.9,67.0,AVERAGE,CLEAR,0.0,47.9,34.0,40.0,SAFE_RANGE,True,5.6,GOOD,130.0,A,339.0,False,0.0,0.0,305.0,,,,,,,,,,,,,,,,,,,,,,,,,,,,
TSK-TRK-0037,TRK-0037,ENGINEERING_TRACK,GZB,DER,34.65,35.54,DN,"Track maintenance (GOOD TGI 88.5, USFD: CLEAR)",NONE,False,False,,0.0017,0.2,LOW,305,149,24.2,60kg 90UTS,2.0,34.3,83.2,79.3,100.0,89.9,88.51000000000002,GOOD,CLEAR,0.0,45.1,29.3,40.0,SAFE_RANGE,True,56.5,GOOD,130.0,A,315.0,False,0.0,0.0,309.0,,,,,,,,,,,,,,,,,,,,,,,,,,,,
TSK-TRK-0036,TRK-0036,ENGINEERING_TRACK,TDL,FZD,213.46,214.06,DN,"Track maintenance (AVERAGE TGI 63.8, USFD: CLEAR)",TAMPING,True,False,,0.0019,0.2,LOW,304,178,24.2,60kg 90UTS,12.0,334.0,53.8,63.5,83.0,63.9,63.75,AVERAGE,CLEAR,0.0,46.2,28.4,40.0,SAFE_RANGE,True,96.5,GOOD,160.0,A,19.0,False,0.0,0.0,298.0,,,,,,,,,,,,,,,,,,,,,,,,,,,,
TSK-TRK-0364,TRK-0364,ENGINEERING_TRACK,ETW,PHD,340.42,341.46,DN,"Track maintenance (GOOD TGI 87.3, USFD: CLEAR)",NONE,False,False,,0.002,0.2,LOW,304,150,24.2,60kg 90UTS,4.0,67.8,78.3,86.5,99.4,88.5,87.35,GOOD,CLEAR,0.0,45.1,35.1,40.0,SAFE_RANGE,True,63.9,GOOD,160.0,A,329.0,False,0.0,0.0,307.0,,,,,,,,,,,,,,,,,,,,,,,,,,,,
TSK-TRK-0133,TRK-0133,ENGINEERING_TRACK,ALJN,TDL,174.04,175.51,DN,"Track maintenance (AVERAGE TGI 78.9, USFD: CLEAR)",NONE,False,False,,0.0025,0.2,LOW,307,155,24.1,60kg 90UTS,5.0,142.0,81.0,89.8,74.9,77.1,78.92999999999999,AVERAGE,CLEAR,0.0,55.5,39.6,40.0,MODERATE_HEAT_EXPANSION,True,123.4,FOULED,160.0,A,274.0,False,0.0,0.0,317.0,,,,,,,,,,,,,,,,,,,,,,,,,,,,
TSK-TRK-0087,TRK-0087,ENGINEERING_TRACK,TDL,FZD,218.97,220.07,UP,"Track maintenance (AVERAGE TGI 65.5, USFD: CLEAR)",TAMPING,True,False,,0.0064,0.6,LOW,308,182,24.1,60kg 90UTS,11.0,352.5,60.3,66.8,64.7,67.2,65.53,AVERAGE,CLEAR,0.0,53.3,40.3,40.0,SAFE_RANGE,True,57.0,GOOD,160.0,A,254.0,False,0.0,0.0,320.0,,,,,,,,,,,,,,,,,,,,,,,,,,,,
TSK-TRK-0206,TRK-0206,ENGINEERING_TRACK,PHD,CNB,397.64,399.6,DN,"Track maintenance (AVERAGE TGI 70.7, USFD: CLEAR)",TAMPING,True,False,,0.0026,0.3,LOW,307,183,24.1,60kg 90UTS,17.0,363.4,50.8,64.7,53.1,81.2,70.66,AVERAGE,CLEAR,0.0,40.0,28.8,40.0,SAFE_RANGE,True,67.8,GOOD,130.0,A,280.0,False,0.0,0.0,316.0,,,,,,,,,,,,,,,,,,,,,,,,,,,,
TSK-TRK-0065,TRK-0065,ENGINEERING_TRACK,TDL,FZD,210.91,212.21,UP,"Track maintenance (GOOD TGI 85.1, USFD: CLEAR)",NONE,False,False,,0.0025,0.2,LOW,306,152,24.1,52kg 72UTS,7.0,135.3,62.3,84.8,90.6,91.9,85.14000000000001,GOOD,CLEAR,0.0,46.4,30.6,40.0,SAFE_RANGE,True,175.8,GOOD,160.0,A,273.0,False,0.0,0.0,317.0,,,,,,,,,,,,,,,,,,,,,,,,,,,,
TSK-TRK-0073,TRK-0073,ENGINEERING_TRACK,FZD,ETW,234.49,235.33,UP,"Track maintenance (AVERAGE TGI 65.3, USFD: CLEAR)",TAMPING,True,False,,0.0029,0.3,LOW,306,181,24.1,60kg 90UTS,9.0,283.8,66.7,47.2,72.6,66.6,65.28,AVERAGE,CLEAR,0.0,31.2,19.9,40.0,SAFE_RANGE,True,55.4,GOOD,160.0,A,296.0,False,0.0,0.0,313.0,,,,,,,,,,,,,,,,,,,,,,,,,,,,
TSK-TRK-0639,TRK-0639,ENGINEERING_TRACK,ALJN,TDL,199.12,199.87,DN,"Track maintenance (AVERAGE TGI 78.8, USFD: CLEAR)",NONE,False,False,,0.0034,0.3,LOW,307,154,24.1,60kg 90UTS,5.0,106.2,97.4,84.0,91.3,69.6,78.77000000000001,AVERAGE,CLEAR,0.0,44.2,28.1,40.0,SAFE_RANGE,True,102.4,GOOD,160.0,A,256.0,False,0.0,0.0,320.0,,,,,,,,,,,,,,,,,,,,,,,,,,,,
TSK-TRK-0004,TRK-0004,ENGINEERING_TRACK,GZB,DER,28.95,29.97,DN,"Track maintenance (GOOD TGI 82.7, USFD: CLEAR)",NONE,False,False,,0.002,0.2,LOW,306,152,24.1,60kg 90UTS,2.0,59.2,75.6,85.4,77.3,85.6,82.74999999999999,GOOD,CLEAR,0.0,49.7,31.9,40.0,SAFE_RANGE,True,68.1,GOOD,130.0,A,287.0,False,0.0,0.0,314.0,,,,,,,,,,,,,,,,,,,,,,,,,,,,
TSK-SIG-0223,SIG-0223,SIGNAL_AND_TELECOM,GZB,GZB,26.33,26.43,DN,"Signal maintenance (POINT_MACHINE at GZB, Tier: LOW)",NONE,False,False,,0.0236,2.4,LOW,244,150,24.1,,,,,,,,,,,,,,,,,,,,,272.0,,,0.0,277.0,,,,,,,,,,,,,,,POINT_MACHINE,GZB,26.33,5.11,2.12,16.2,23611.0,0.0,5.0,17.0,0.0,83.4,82.0,75.82
TSK-TRK-0297,TRK-0297,ENGINEERING_TRACK,FZD,ETW,246.01,246.55,UP,"Track maintenance (GOOD TGI 94.7, USFD: CLEAR)",NONE,False,False,,0.0023,0.2,LOW,306,153,24.1,60kg 90UTS,1.0,32.9,100.0,83.5,95.7,94.7,94.74,GOOD,CLEAR,0.0,48.7,38.2,40.0,SAFE_RANGE,True,178.5,FOULED,160.0,A,276.0,False,0.0,0.0,316.0,,,,,,,,,,,,,,,,,,,,,,,,,,,,
TSK-TRK-0501,TRK-0501,ENGINEERING_TRACK,PHD,CNB,365.96,367.15,UP,"Track maintenance (AVERAGE TGI 68.8, USFD: CLEAR)",MANUAL,False,False,,0.0024,0.2,LOW,306,168,24.1,60kg 90UTS,8.0,203.0,66.3,96.8,82.9,62.6,68.78999999999999,AVERAGE,CLEAR,0.0,44.2,28.3,40.0,SAFE_RANGE,True,100.4,FOULED,130.0,A,269.0,False,0.0,0.0,317.0,,,,,,,,,,,,,,,,,,,,,,,,,,,,
TSK-TRK-0247,TRK-0247,ENGINEERING_TRACK,GZB,DER,32.39,33.36,UP,"Track maintenance (AVERAGE TGI 77.1, USFD: CLEAR)",NONE,False,False,,0.0016,0.2,LOW,306,153,24.1,52kg 72UTS,10.0,173.4,61.2,78.2,87.7,80.4,77.07000000000001,AVERAGE,CLEAR,0.0,38.8,27.7,40.0,SAFE_RANGE,True,69.9,GOOD,130.0,A,310.0,False,0.0,0.0,310.0,,,,,,,,,,,,,,,,,,,,,,,,,,,,
TSK-TRK-0844,TRK-0844,ENGINEERING_TRACK,FZD,ETW,276.28,277.03,UP,"Track maintenance (GOOD TGI 82.0, USFD: CLEAR)",NONE,False,False,,0.005,0.5,LOW,307,153,24.1,60kg 90UTS,4.0,88.4,78.6,69.9,89.7,83.8,81.96,GOOD,CLEAR,0.0,47.9,30.3,40.0,SAFE_RANGE,True,21.1,GOOD,160.0,A,268.0,False,0.0,0.0,318.0,,,,,,,,,,,,,,,,,,,,,,,,,,,,
TSK-TRK-0224,TRK-0224,ENGINEERING_TRACK,PHD,CNB,418.13,419.15,UP,"Track maintenance (AVERAGE TGI 66.6, USFD: CLEAR)",TAMPING,True,False,,0.0016,0.2,LOW,306,182,24.1,52kg 72UTS,14.0,275.0,58.5,49.6,78.7,70.1,66.59,AVERAGE,CLEAR,0.0,34.8,20.0,40.0,SAFE_RANGE,True,110.5,FOULED,130.0,A,309.0,False,0.0,0.0,310.0,,,,,,,,,,,,,,,,,,,,,,,,,,,,
TSK-TRK-0739,TRK-0739,ENGINEERING_TRACK,GZB,DER,28.31,29.4,UP,"Track maintenance (AVERAGE TGI 70.1, USFD: CLEAR)",MANUAL,False,False,,0.0066,0.7,LOW,309,163,24.1,52kg 72UTS,5.0,147.5,75.2,91.0,89.3,61.7,70.09,AVERAGE,CLEAR,0.0,61.0,44.0,40.0,HIGH_BUCKLING_RISK,False,38.0,GOOD,130.0,A,263.0,False,0.0,0.0,318.0,,,,,,,,,,,,,,,,,,,,,,,,,,,,
TSK-TRK-0234,TRK-0234,ENGINEERING_TRACK,FZD,ETW,246.74,248.42,DN,"Track maintenance (AVERAGE TGI 72.0, USFD: CLEAR)",MANUAL,False,False,,0.0018,0.2,LOW,307,165,24.0,60kg 90UTS,4.0,134.6,79.6,80.7,74.3,67.7,72.04,AVERAGE,CLEAR,0.0,41.2,23.2,40.0,SAFE_RANGE,True,32.4,GOOD,160.0,A,286.0,False,0.0,0.0,314.0,,,,,,,,,,,,,,,,,,,,,,,,,,,,
TSK-TRK-0392,TRK-0392,ENGINEERING_TRACK,PHD,CNB,368.68,369.46,DN,"Track maintenance (AVERAGE TGI 78.2, USFD: CLEAR)",NONE,False,False,,0.002,0.2,LOW,307,151,24.0,60kg 90UTS,7.0,121.0,83.4,69.0,81.3,77.5,78.21000000000001,AVERAGE,CLEAR,0.0,49.9,35.4,40.0,SAFE_RANGE,True,9.8,GOOD,130.0,A,286.0,False,0.0,0.0,314.0,,,,,,,,,,,,,,,,,,,,,,,,,,,,
TSK-TRK-0461,TRK-0461,ENGINEERING_TRACK,KRJ,ALJN,84.0,85.07,UP,"Track maintenance (AVERAGE TGI 70.7, USFD: CLEAR)",MANUAL,False,False,,0.0035,0.3,LOW,308,171,24.0,60kg 90UTS,9.0,296.8,57.9,87.4,78.9,70.8,70.69,AVERAGE,CLEAR,0.0,44.1,30.6,40.0,SAFE_RANGE,True,53.0,GOOD,130.0,A,255.0,False,0.0,0.0,320.0,,,,,,,,,,,,,,,,,,,,,,,,,,,,
TSK-TRK-0390,TRK-0390,ENGINEERING_TRACK,DER,KRJ,50.41,52.24,DN,"Track maintenance (GOOD TGI 80.4, USFD: CLEAR)",NONE,False,False,,0.0028,0.3,LOW,308,154,24.0,60kg 90UTS,1.0,26.1,80.3,99.8,79.9,77.3,80.41,GOOD,CLEAR,0.0,43.4,32.4,40.0,SAFE_RANGE,True,0.9,GOOD,130.0,A,310.0,False,0.0,0.0,310.0,,,,,,,,,,,,,,,,,,,,,,,,,,,,
TSK-TRK-0705,TRK-0705,ENGINEERING_TRACK,ETW,PHD,344.94,346.88,UP,"Track maintenance (GOOD TGI 83.6, USFD: CLEAR)",NONE,False,False,,0.0019,0.2,LOW,308,155,24.0,60kg 90UTS,4.0,122.5,84.1,81.4,90.9,82.6,83.60999999999999,GOOD,CLEAR,0.0,50.8,33.9,40.0,SAFE_RANGE,True,18.3,GOOD,160.0,A,292.0,False,0.0,0.0,313.0,,,,,,,,,,,,,,,,,,,,,,,,,,,,
TSK-TRK-0676,TRK-0676,ENGINEERING_TRACK,ETW,PHD,303.93,304.65,UP,"Track maintenance (GOOD TGI 85.5, USFD: CLEAR)",NONE,False,False,,0.0054,0.5,LOW,310,151,24.0,60kg 90UTS,6.0,94.3,92.2,69.4,100.0,83.6,85.53999999999999,GOOD,CLEAR,0.0,40.4,24.8,40.0,SAFE_RANGE,True,78.6,GOOD,160.0,A,258.0,False,0.0,0.0,319.0,,,,,,,,,,,,,,,,,,,,,,,,,,,,
TSK-TRK-0744,TRK-0744,ENGINEERING_TRACK,ALJN,TDL,183.4,184.96,UP,"Track maintenance (AVERAGE TGI 72.9, USFD: CLEAR)",TAMPING,True,False,,0.0038,0.4,LOW,309,178,24.0,60kg 90UTS,3.0,94.0,73.2,95.1,67.9,69.9,72.88,AVERAGE,CLEAR,0.0,50.8,34.3,40.0,SAFE_RANGE,True,39.8,GOOD,160.0,A,257.0,False,0.0,0.0,320.0,,,,,,,,,,,,,,,,,,,,,,,,,,,,
TSK-TRK-0195,TRK-0195,ENGINEERING_TRACK,ALJN,TDL,159.3,160.13,UP,"Track maintenance (AVERAGE TGI 77.8, USFD: OBS)",NONE,False,False,,0.0019,0.2,LOW,308,155,24.0,60kg 90UTS,16.0,289.0,54.7,48.2,76.3,90.7,77.81000000000002,AVERAGE,OBS,1.0,52.2,37.4,40.0,SAFE_RANGE,True,74.9,GOOD,160.0,A,286.0,False,0.0,0.0,262.0,,,,,,,,,,,,,,,,,,,,,,,,,,,,
TSK-TRK-0548,TRK-0548,ENGINEERING_TRACK,TDL,FZD,215.74,217.68,DN,"Track maintenance (AVERAGE TGI 74.8, USFD: CLEAR)",MANUAL,False,False,,0.0018,0.2,LOW,308,171,24.0,60kg 90UTS,10.0,183.5,69.2,69.1,82.3,76.3,74.75999999999999,AVERAGE,CLEAR,0.0,50.9,36.1,40.0,SAFE_RANGE,True,54.7,GOOD,160.0,A,293.0,False,0.0,0.0,313.0,,,,,,,,,,,,,,,,,,,,,,,,,,,,
TSK-TRK-0724,TRK-0724,ENGINEERING_TRACK,NDLS,GZB,18.99,19.7,DN,"Track maintenance (GOOD TGI 95.2, USFD: CLEAR)",NONE,False,False,,0.0039,0.4,LOW,309,150,24.0,60kg 90UTS,2.0,67.5,85.8,85.2,95.5,100.0,95.23,GOOD,CLEAR,0.0,38.2,25.9,40.0,SAFE_RANGE,True,33.0,GOOD,130.0,A,255.0,False,0.0,0.0,320.0,,,,,,,,,,,,,,,,,,,,,,,,,,,,
TSK-TRK-0694,TRK-0694,ENGINEERING_TRACK,NDLS,GZB,16.7,17.48,UP,"Track maintenance (AVERAGE TGI 76.3, USFD: CLEAR)",NONE,False,False,,0.0017,0.2,LOW,308,153,24.0,60kg 90UTS,7.0,172.4,79.9,93.2,68.8,73.6,76.34,AVERAGE,CLEAR,0.0,33.7,21.8,40.0,SAFE_RANGE,True,151.6,FOULED,130.0,A,280.0,False,0.0,0.0,316.0,,,,,,,,,,,,,,,,,,,,,,,,,,,,
TSK-TRK-0650,TRK-0650,ENGINEERING_TRACK,PHD,CNB,373.45,374.64,UP,"Track maintenance (AVERAGE TGI 64.2, USFD: CLEAR)",TAMPING,True,False,,0.003,0.3,LOW,308,179,24.0,60kg 90UTS,5.0,149.6,55.4,77.7,81.4,62.1,64.25,AVERAGE,CLEAR,0.0,54.7,37.9,40.0,SAFE_RANGE,True,73.8,GOOD,130.0,A,37.0,False,0.0,0.0,295.0,,,,,,,,,,,,,,,,,,,,,,,,,,,,
TSK-TRK-0427,TRK-0427,ENGINEERING_TRACK,KRJ,ALJN,96.5,97.6,DN,"Track maintenance (AVERAGE TGI 73.8, USFD: CLEAR)",MANUAL,False,False,,0.0015,0.1,LOW,308,165,24.0,60kg 90UTS,3.0,78.3,66.9,85.9,78.2,73.4,73.83000000000001,AVERAGE,CLEAR,0.0,35.1,22.6,40.0,SAFE_RANGE,True,39.3,GOOD,130.0,A,298.0,False,0.0,0.0,312.0,,,,,,,,,,,,,,,,,,,,,,,,,,,,
TSK-TRK-0848,TRK-0848,ENGINEERING_TRACK,FZD,ETW,261.83,263.3,DN,"Track maintenance (AVERAGE TGI 72.7, USFD: CLEAR)",TAMPING,True,False,,0.0017,0.2,LOW,307,173,24.0,60kg 90UTS,10.0,264.3,81.9,80.6,73.2,68.3,72.74,AVERAGE,CLEAR,0.0,31.1,20.6,40.0,SAFE_RANGE,True,163.6,FOULED,160.0,A,280.0,False,0.0,0.0,316.0,,,,,,,,,,,,,,,,,,,,,,,,,,,,
TSK-TRK-0344,TRK-0344,ENGINEERING_TRACK,ALJN,TDL,140.93,142.01,DN,"Track maintenance (AVERAGE TGI 72.0, USFD: CLEAR)",MANUAL,False,False,,0.0021,0.2,LOW,307,166,24.0,60kg 90UTS,6.0,97.8,71.2,71.6,76.1,71.7,72.03,AVERAGE,CLEAR,0.0,36.8,19.2,40.0,SAFE_RANGE,True,82.1,GOOD,160.0,A,271.0,False,0.0,0.0,317.0,,,,,,,,,,,,,,,,,,,,,,,,,,,,
TSK-TRK-0407,TRK-0407,ENGINEERING_TRACK,PHD,CNB,360.21,361.57,UP,"Track maintenance (GOOD TGI 87.7, USFD: CLEAR)",NONE,False,False,,0.002,0.2,LOW,309,151,23.9,60kg 90UTS,6.0,121.0,78.4,80.6,80.1,93.2,87.67,GOOD,CLEAR,0.0,40.4,22.7,40.0,SAFE_RANGE,True,107.9,FOULED,130.0,A,293.0,False,0.0,0.0,313.0,,,,,,,,,,,,,,,,,,,,,,,,,,,,
TSK-TRK-0320,TRK-0320,ENGINEERING_TRACK,GZB,DER,29.27,30.37,DN,"Track maintenance (AVERAGE TGI 74.0, USFD: CLEAR)",MANUAL,False,False,,0.0015,0.1,LOW,309,164,23.9,60kg 90UTS,9.0,228.5,69.6,70.9,76.9,75.5,74.0,AVERAGE,CLEAR,0.0,51.9,41.8,40.0,SAFE_RANGE,True,126.1,FOULED,130.0,A,305.0,False,0.0,0.0,311.0,,,,,,,,,,,,,,,,,,,,,,,,,,,,
TSK-TRK-0098,TRK-0098,ENGINEERING_TRACK,PHD,CNB,386.99,388.68,UP,"Track maintenance (AVERAGE TGI 79.8, USFD: CLEAR)",NONE,False,False,,0.0014,0.1,LOW,309,155,23.9,60kg 90UTS,9.0,231.6,70.1,84.3,63.0,85.1,79.80999999999999,AVERAGE,CLEAR,0.0,45.2,29.8,40.0,SAFE_RANGE,True,121.0,FOULED,130.0,A,304.0,False,0.0,0.0,311.0,,,,,,,,,,,,,,,,,,,,,,,,,,,,
TSK-TRK-0643,TRK-0643,ENGINEERING_TRACK,GZB,DER,34.56,35.23,UP,"Track maintenance (AVERAGE TGI 73.3, USFD: CLEAR)",TAMPING,True,False,,0.0057,0.6,LOW,311,179,23.9,60kg 90UTS,1.0,25.8,68.4,84.3,98.1,68.9,73.26000000000002,AVERAGE,CLEAR,0.0,34.3,19.0,40.0,SAFE_RANGE,True,76.0,GOOD,130.0,A,268.0,False,0.0,0.0,318.0,,,,,,,,,,,,,,,,,,,,,,,,,,,,
TSK-TRK-0688,TRK-0688,ENGINEERING_TRACK,ALJN,TDL,195.8,197.08,DN,"Track maintenance (AVERAGE TGI 66.2, USFD: CLEAR)",MANUAL,False,False,,0.0042,0.4,LOW,312,179,23.8,60kg 90UTS,19.0,303.1,53.9,66.3,69.6,69.7,66.19000000000001,AVERAGE,CLEAR,0.0,30.4,20.0,40.0,SAFE_RANGE,True,19.4,GOOD,160.0,A,222.0,False,0.0,0.0,326.0,,,,,,,,,,,,,,,,,,,,,,,,,,,,
TSK-OHE-0147,OHE-0147,TRACTION_DISTRIBUTION_OHE,KRJ,ALJN,94.85,96.1,DN,"OHE maintenance (Wire wear 40.1%, ATD: NORMAL)",NONE,True,False,,0.0027,0.3,LOW,238,154,23.8,,,,,,,,,,,,,22.5,,,,,,,,166.0,,,0.0,187.0,94/14,94/25,10.64,40.1,WORN,GOOD,474.1,NORMAL,5538.0,82.0,CLEAN,3.0,TILTING,False,,,,,,,,,,,,,,
TSK-SIG-0401,SIG-0401,SIGNAL_AND_TELECOM,TDL,TDL,207.88,207.98,YARD,"Signal maintenance (POINT_MACHINE at TDL, Tier: MEDIUM)",NONE,False,False,,0.0231,2.3,LOW,249,150,23.8,,,,,,,,,,,,,,,,,,,,,241.0,,,0.0,261.0,,,,,,,,,,,,,,,POINT_MACHINE,TDL,207.88,5.04,2.36,10.4,24249.0,0.0,5.0,20.0,0.0,72.9,191.0,71.22
TSK-TRK-0785,TRK-0785,ENGINEERING_TRACK,FZD,ETW,296.68,298.48,UP,"Track maintenance (AVERAGE TGI 77.8, USFD: CLEAR)",NONE,False,False,,0.0017,0.2,LOW,310,158,23.8,60kg 90UTS,7.0,148.4,81.9,75.9,75.0,77.3,77.85,AVERAGE,CLEAR,0.0,54.6,39.3,40.0,SAFE_RANGE,True,28.6,GOOD,160.0,A,299.0,False,0.0,0.0,312.0,,,,,,,,,,,,,,,,,,,,,,,,,,,,
TSK-TRK-0091,TRK-0091,ENGINEERING_TRACK,DER,KRJ,47.45,48.91,DN,"Track maintenance (AVERAGE TGI 74.9, USFD: CLEAR)",MANUAL,False,False,,0.0018,0.2,LOW,310,160,23.8,60kg 90UTS,9.0,255.0,59.3,67.8,79.2,80.6,74.91999999999999,AVERAGE,CLEAR,0.0,55.1,41.4,40.0,MODERATE_HEAT_EXPANSION,True,51.8,GOOD,130.0,A,284.0,False,0.0,0.0,315.0,,,,,,,,,,,,,,,,,,,,,,,,,,,,
TSK-TRK-0699,TRK-0699,ENGINEERING_TRACK,TDL,FZD,216.17,217.32,UP,"Track maintenance (AVERAGE TGI 70.8, USFD: CLEAR)",TAMPING,True,False,,0.0013,0.1,LOW,310,177,23.8,60kg 90UTS,10.0,295.2,53.6,61.4,80.0,76.6,70.82,AVERAGE,CLEAR,0.0,43.7,30.2,40.0,SAFE_RANGE,True,91.4,GOOD,160.0,A,305.0,False,0.0,0.0,311.0,,,,,,,,,,,,,,,,,,,,,,,,,,,,
TSK-TRK-0009,TRK-0009,ENGINEERING_TRACK,KRJ,ALJN,113.81,114.9,DN,"Track maintenance (GOOD TGI 86.8, USFD: CLEAR)",NONE,False,False,,0.0016,0.2,LOW,311,150,23.8,60kg 90UTS,5.0,101.5,84.1,90.4,91.2,86.4,86.82000000000001,GOOD,CLEAR,0.0,38.9,24.4,40.0,SAFE_RANGE,True,47.3,GOOD,130.0,A,304.0,False,0.0,0.0,311.0,,,,,,,,,,,,,,,,,,,,,,,,,,,,
TSK-TRK-0311,TRK-0311,ENGINEERING_TRACK,DER,KRJ,64.33,65.48,UP,"Track maintenance (AVERAGE TGI 75.5, USFD: CLEAR)",NONE,False,False,,0.0019,0.2,LOW,310,155,23.8,60kg 90UTS,4.0,86.5,78.6,100.0,97.5,66.7,75.49000000000001,AVERAGE,CLEAR,0.0,56.6,43.3,40.0,MODERATE_HEAT_EXPANSION,True,99.7,GOOD,130.0,A,281.0,False,0.0,0.0,315.0,,,,,,,,,,,,,,,,,,,,,,,,,,,,
TSK-TRK-0042,TRK-0042,ENGINEERING_TRACK,ETW,PHD,338.16,339.43,UP,"Track maintenance (AVERAGE TGI 65.5, USFD: CLEAR)",TAMPING,True,False,,0.0168,1.7,LOW,320,187,23.7,60kg 90UTS,22.0,367.3,40.6,51.7,80.9,73.5,65.47999999999999,AVERAGE,CLEAR,0.0,46.5,31.4,40.0,SAFE_RANGE,True,60.3,GOOD,160.0,A,125.0,False,0.0,0.0,343.0,,,,,,,,,,,,,,,,,,,,,,,,,,,,
TSK-TRK-0090,TRK-0090,ENGINEERING_TRACK,FZD,ETW,267.88,269.57,UP,"Track maintenance (GOOD TGI 82.6, USFD: OBS)",NONE,False,False,,0.0019,0.2,LOW,312,152,23.7,60kg 90UTS,6.0,99.5,87.3,82.7,77.1,81.9,82.58,GOOD,OBS,1.0,55.6,40.6,40.0,MODERATE_HEAT_EXPANSION,True,43.3,GOOD,160.0,A,303.0,False,0.0,0.0,259.0,,,,,,,,,,,,,,,,,,,,,,,,,,,,
TSK-TRK-0796,TRK-0796,ENGINEERING_TRACK,GZB,DER,29.3,30.26,UP,"Track maintenance (AVERAGE TGI 67.2, USFD: OBS)",TAMPING,True,False,,0.0066,0.7,LOW,315,183,23.7,60kg 90UTS,20.0,301.9,62.1,81.2,65.9,66.8,67.21,AVERAGE,OBS,4.0,55.3,37.9,40.0,MODERATE_HEAT_EXPANSION,True,67.4,GOOD,130.0,A,127.0,False,0.0,0.0,290.0,,,,,,,,,,,,,,,,,,,,,,,,,,,,
TSK-TRK-0609,TRK-0609,ENGINEERING_TRACK,ALJN,TDL,157.56,158.52,DN,"Track maintenance (AVERAGE TGI 65.4, USFD: CLEAR)",TAMPING,True,False,,0.0039,0.4,LOW,315,184,23.6,60kg 90UTS,18.0,301.5,55.0,62.6,73.9,67.9,65.39000000000001,AVERAGE,CLEAR,0.0,50.5,36.9,40.0,SAFE_RANGE,True,178.7,FOULED,160.0,A,231.0,False,0.0,0.0,324.0,,,,,,,,,,,,,,,,,,,,,,,,,,,,
TSK-TRK-0045,TRK-0045,ENGINEERING_TRACK,KRJ,ALJN,91.27,93.21,DN,"Track maintenance (GOOD TGI 84.0, USFD: OBS)",NONE,False,False,,0.0017,0.2,LOW,313,156,23.6,60kg 90UTS,2.0,52.3,88.4,85.4,90.5,81.3,84.05,GOOD,OBS,1.0,52.9,41.9,40.0,SAFE_RANGE,True,24.0,GOOD,130.0,A,242.0,False,0.0,0.0,270.0,,,,,,,,,,,,,,,,,,,,,,,,,,,,
TSK-TRK-0217,TRK-0217,ENGINEERING_TRACK,ETW,PHD,301.87,303.17,DN,"Track maintenance (GOOD TGI 86.3, USFD: CLEAR)",NONE,False,False,,0.005,0.5,LOW,316,152,23.5,52kg 72UTS,1.0,15.3,92.4,78.9,98.8,83.5,86.35,GOOD,CLEAR,0.0,51.1,36.8,40.0,SAFE_RANGE,True,51.6,GOOD,160.0,A,262.0,False,0.0,0.0,319.0,,,,,,,,,,,,,,,,,,,,,,,,,,,,
TSK-TRK-0430,TRK-0430,ENGINEERING_TRACK,ETW,PHD,321.42,322.39,DN,"Track maintenance (AVERAGE TGI 72.4, USFD: CLEAR)",TAMPING,True,False,,0.0014,0.1,LOW,315,173,23.5,60kg 90UTS,16.0,298.5,68.1,72.8,83.4,72.0,72.44,AVERAGE,CLEAR,0.0,52.0,37.9,40.0,SAFE_RANGE,True,71.6,GOOD,160.0,A,300.0,False,0.0,0.0,312.0,,,,,,,,,,,,,,,,,,,,,,,,,,,,
TSK-OHE-0268,OHE-0268,TRACTION_DISTRIBUTION_OHE,TDL,FZD,217.46,218.2,UP,"OHE maintenance (Wire wear 60.4%, ATD: NORMAL)",NONE,True,False,,0.0129,1.3,LOW,248,157,23.5,,,,,,,,,,,,,35.8,,,,,,,,346.0,,,0.0,217.0,217/11,217/28,9.83,60.4,WORN,GOOD,468.2,NORMAL,5521.0,-63.0,POLLUTED,4.0,STABLE,False,,,,,,,,,,,,,,
TSK-SIG-0318,SIG-0318,SIGNAL_AND_TELECOM,GZB,GZB,25.05,25.15,UP,"Signal maintenance (TRACK_CIRCUIT at GZB, Tier: LOW)",NONE,False,False,,0.164,16.4,LOW,325,150,23.5,,,,,,,,,,,,,,,,,,,,,14.0,,,0.0,362.0,,,,,,,,,,,,,,,TRACK_CIRCUIT,GZB,25.05,0.0,0.0,15.0,0.0,5.23,3.27,3.0,0.0,86.5,154.0,99.3
TSK-TRK-0363,TRK-0363,ENGINEERING_TRACK,PHD,CNB,403.11,404.59,DN,"Track maintenance (AVERAGE TGI 77.5, USFD: CLEAR)",NONE,False,False,,0.0019,0.2,LOW,315,155,23.5,60kg 90UTS,11.0,244.9,80.6,82.6,63.1,78.1,77.55,AVERAGE,CLEAR,0.0,31.2,19.4,40.0,SAFE_RANGE,True,81.8,GOOD,130.0,A,291.0,False,0.0,0.0,314.0,,,,,,,,,,,,,,,,,,,,,,,,,,,,
TSK-OHE-0253,OHE-0253,TRACTION_DISTRIBUTION_OHE,ALJN,TDL,170.61,171.54,UP,"OHE maintenance (Wire wear 40.4%, ATD: NORMAL)",NONE,True,False,,0.0034,0.3,LOW,242,153,23.5,,,,,,,,,,,,,33.6,,,,,,,,133.0,,,0.0,192.0,170/15,170/27,10.63,40.4,WORN,GOOD,583.0,NORMAL,5454.0,21.0,CLEAN,2.0,TILTING,False,,,,,,,,,,,,,,
TSK-TRK-0385,TRK-0385,ENGINEERING_TRACK,KRJ,ALJN,114.51,116.17,DN,"Track maintenance (AVERAGE TGI 73.2, USFD: OBS)",TAMPING,True,False,,0.0017,0.2,LOW,316,178,23.4,60kg 90UTS,4.0,76.4,84.2,75.1,81.8,67.8,73.21,AVERAGE,OBS,1.0,56.5,39.5,40.0,MODERATE_HEAT_EXPANSION,True,133.4,FOULED,130.0,A,227.0,False,0.0,0.0,272.0,,,,,,,,,,,,,,,,,,,,,,,,,,,,
TSK-SIG-0125,SIG-0125,SIGNAL_AND_TELECOM,CNB,CNB,440.0,440.1,UP,"Signal maintenance (POINT_MACHINE at CNB, Tier: MEDIUM)",NONE,False,False,,0.0102,1.0,LOW,249,150,23.3,,,,,,,,,,,,,,,,,,,,,156.0,,,0.0,241.0,,,,,,,,,,,,,,,POINT_MACHINE,CNB,440.0,5.31,2.42,14.2,4718.0,0.0,5.0,18.0,0.0,95.5,649.0,65.76
TSK-TRK-0814,TRK-0814,ENGINEERING_TRACK,ALJN,TDL,180.36,181.74,DN,"Track maintenance (GOOD TGI 81.6, USFD: OBS)",NONE,False,False,,0.0016,0.2,LOW,318,153,23.3,60kg 90UTS,2.0,69.7,70.6,79.6,61.4,88.9,81.56000000000002,GOOD,OBS,1.0,38.7,21.2,40.0,SAFE_RANGE,True,29.2,GOOD,160.0,A,228.0,False,0.0,0.0,272.0,,,,,,,,,,,,,,,,,,,,,,,,,,,,
TSK-TRK-0163,TRK-0163,ENGINEERING_TRACK,FZD,ETW,263.21,265.01,UP,"Track maintenance (AVERAGE TGI 66.0, USFD: OBS)",TAMPING,True,False,,0.0024,0.2,LOW,318,183,23.3,60kg 90UTS,17.0,307.0,51.6,80.2,68.4,68.0,65.97999999999999,AVERAGE,OBS,1.0,34.9,22.3,40.0,SAFE_RANGE,True,127.7,FOULED,160.0,A,182.0,False,0.0,0.0,280.0,,,,,,,,,,,,,,,,,,,,,,,,,,,,
TSK-TRK-0048,TRK-0048,ENGINEERING_TRACK,ALJN,TDL,156.86,158.7,UP,"Track maintenance (GOOD TGI 82.0, USFD: OBS)",NONE,False,False,,0.0014,0.1,LOW,318,153,23.3,60kg 90UTS,5.0,90.1,61.1,70.1,79.4,91.3,81.95,GOOD,OBS,1.0,39.2,28.0,40.0,SAFE_RANGE,True,38.5,GOOD,160.0,A,217.0,False,0.0,0.0,274.0,,,,,,,,,,,,,,,,,,,,,,,,,,,,
TSK-TRK-0365,TRK-0365,ENGINEERING_TRACK,ALJN,TDL,173.17,174.23,UP,"Track maintenance (AVERAGE TGI 71.8, USFD: OBS)",MANUAL,False,False,,0.0011,0.1,LOW,317,168,23.3,60kg 90UTS,2.0,65.9,81.0,81.3,83.5,65.2,71.8,AVERAGE,OBS,1.0,47.4,30.8,40.0,SAFE_RANGE,True,133.7,FOULED,160.0,A,214.0,False,0.0,0.0,275.0,,,,,,,,,,,,,,,,,,,,,,,,,,,,
TSK-TRK-0022,TRK-0022,ENGINEERING_TRACK,DER,KRJ,55.29,56.51,DN,"Track maintenance (GOOD TGI 83.6, USFD: CLEAR)",NONE,False,False,,0.0016,0.2,LOW,318,153,23.3,60kg 90UTS,2.0,36.6,87.9,76.5,92.8,81.8,83.59,GOOD,CLEAR,0.0,31.2,18.1,40.0,SAFE_RANGE,True,166.8,FOULED,130.0,A,237.0,False,0.0,0.0,323.0,,,,,,,,,,,,,,,,,,,,,,,,,,,,
TSK-TRK-0539,TRK-0539,ENGINEERING_TRACK,FZD,ETW,279.12,280.99,UP,"Track maintenance (AVERAGE TGI 70.3, USFD: CLEAR)",TAMPING,True,False,,0.0047,0.5,LOW,320,184,23.2,52kg 72UTS,19.0,288.1,72.3,66.1,71.0,70.3,70.35,AVERAGE,CLEAR,0.0,56.8,43.6,40.0,MODERATE_HEAT_EXPANSION,True,23.0,GOOD,160.0,A,155.0,False,0.0,0.0,337.0,,,,,,,,,,,,,,,,,,,,,,,,,,,,
TSK-OHE-0199,OHE-0199,TRACTION_DISTRIBUTION_OHE,FZD,ETW,252.6,253.29,UP,"OHE maintenance (Wire wear 41.1%, ATD: NORMAL)",NONE,True,False,,0.0039,0.4,LOW,247,152,23.2,,,,,,,,,,,,,26.0,,,,,,,,252.0,,,0.0,231.0,252/10,252/21,10.6,41.1,WORN,GOOD,570.8,NORMAL,5487.0,-69.0,POLLUTED,4.0,STABLE,False,,,,,,,,,,,,,,
TSK-TRK-0179,TRK-0179,ENGINEERING_TRACK,KRJ,ALJN,84.48,86.4,UP,"Track maintenance (AVERAGE TGI 72.9, USFD: CLEAR)",TAMPING,True,False,,0.0012,0.1,LOW,319,178,23.2,60kg 90UTS,7.0,107.7,93.0,88.9,78.9,62.6,72.94,AVERAGE,CLEAR,0.0,37.4,26.2,40.0,SAFE_RANGE,True,124.3,FOULED,130.0,A,215.0,False,0.0,0.0,327.0,,,,,,,,,,,,,,,,,,,,,,,,,,,,
TSK-SIG-0067,SIG-0067,SIGNAL_AND_TELECOM,TDL,TDL,209.55,209.65,DN,"Signal maintenance (POINT_MACHINE at TDL, Tier: MEDIUM)",NONE,False,False,,0.0375,3.8,LOW,264,150,23.2,,,,,,,,,,,,,,,,,,,,,286.0,,,0.0,260.0,,,,,,,,,,,,,,,POINT_MACHINE,TDL,209.55,4.33,2.82,14.8,10971.0,0.0,5.0,10.0,0.0,70.7,486.0,71.05
TSK-TRK-0313,TRK-0313,ENGINEERING_TRACK,FZD,ETW,232.48,234.22,DN,"Track maintenance (AVERAGE TGI 75.8, USFD: CLEAR)",NONE,False,False,,0.0018,0.2,LOW,319,157,23.2,52kg 72UTS,7.0,118.6,66.5,91.1,84.7,74.9,75.82000000000001,AVERAGE,CLEAR,0.0,38.5,23.4,40.0,SAFE_RANGE,True,175.9,GOOD,160.0,A,247.0,False,0.0,0.0,321.0,,,,,,,,,,,,,,,,,,,,,,,,,,,,
TSK-TRK-0581,TRK-0581,ENGINEERING_TRACK,ETW,PHD,310.7,312.21,UP,"Track maintenance (AVERAGE TGI 79.9, USFD: CLEAR)",NONE,False,False,,0.0016,0.2,LOW,321,156,23.1,60kg 90UTS,2.0,55.8,78.8,90.4,97.4,75.6,79.9,AVERAGE,CLEAR,0.0,38.9,25.4,40.0,SAFE_RANGE,True,60.2,GOOD,160.0,A,237.0,False,0.0,0.0,323.0,,,,,,,,,,,,,,,,,,,,,,,,,,,,
TSK-TRK-0575,TRK-0575,ENGINEERING_TRACK,NDLS,GZB,14.23,15.23,UP,"Track maintenance (AVERAGE TGI 75.8, USFD: CLEAR)",NONE,False,False,,0.0016,0.2,LOW,321,154,23.1,60kg 90UTS,9.0,160.4,86.7,81.6,72.9,71.7,75.81,AVERAGE,CLEAR,0.0,44.4,28.8,40.0,SAFE_RANGE,True,99.6,GOOD,130.0,A,229.0,False,0.0,0.0,324.0,,,,,,,,,,,,,,,,,,,,,,,,,,,,
TSK-TRK-0580,TRK-0580,ENGINEERING_TRACK,PHD,CNB,374.98,376.64,UP,"Track maintenance (GOOD TGI 85.0, USFD: CLEAR)",NONE,False,False,,0.0019,0.2,LOW,321,152,23.1,60kg 90UTS,9.0,144.6,78.6,95.4,82.7,85.8,85.00999999999999,GOOD,CLEAR,0.0,32.1,20.9,40.0,SAFE_RANGE,True,151.9,FOULED,130.0,A,247.0,False,0.0,0.0,321.0,,,,,,,,,,,,,,,,,,,,,,,,,,,,
TSK-TRK-0556,TRK-0556,ENGINEERING_TRACK,FZD,ETW,271.18,272.66,DN,"Track maintenance (AVERAGE TGI 73.1, USFD: CLEAR)",MANUAL,False,False,,0.0016,0.2,LOW,321,171,23.1,60kg 90UTS,11.0,224.5,42.8,83.2,77.0,80.8,73.05999999999999,AVERAGE,CLEAR,0.0,50.9,38.9,40.0,SAFE_RANGE,True,105.2,GOOD,160.0,A,241.0,False,0.0,0.0,322.0,,,,,,,,,,,,,,,,,,,,,,,,,,,,
TSK-TRK-0497,TRK-0497,ENGINEERING_TRACK,KRJ,ALJN,111.03,111.88,UP,"Track maintenance (AVERAGE TGI 66.6, USFD: CLEAR)",TAMPING,True,False,,0.0018,0.2,LOW,321,182,23.1,60kg 90UTS,12.0,199.1,59.9,79.9,95.1,61.9,66.61999999999999,AVERAGE,CLEAR,0.0,49.4,38.3,40.0,SAFE_RANGE,True,152.3,FOULED,130.0,A,245.0,False,0.0,0.0,322.0,,,,,,,,,,,,,,,,,,,,,,,,,,,,
TSK-OHE-0279,OHE-0279,TRACTION_DISTRIBUTION_OHE,ETW,PHD,352.12,353.57,DN,"OHE maintenance (Wire wear 54.1%, ATD: NORMAL)",NONE,True,False,,0.0192,1.9,LOW,256,159,23.1,,,,,,,,,,,,,15.1,,,,,,,,352.0,,,0.0,254.0,352/8,352/19,10.08,54.1,WORN,GOOD,429.1,NORMAL,5658.0,1.0,CLEAN,1.0,STABLE,False,,,,,,,,,,,,,,
TSK-TRK-0380,TRK-0380,ENGINEERING_TRACK,GZB,DER,33.62,34.6,UP,"Track maintenance (GOOD TGI 81.3, USFD: CLEAR)",NONE,False,False,,0.0013,0.1,LOW,321,152,23.1,60kg 90UTS,6.0,152.5,70.7,75.4,88.9,84.5,81.27000000000001,GOOD,CLEAR,0.0,49.7,38.4,40.0,SAFE_RANGE,True,97.8,GOOD,130.0,A,211.0,False,0.0,0.0,328.0,,,,,,,,,,,,,,,,,,,,,,,,,,,,
TSK-TRK-0440,TRK-0440,ENGINEERING_TRACK,TDL,FZD,215.75,217.17,DN,"Track maintenance (AVERAGE TGI 77.4, USFD: OBS)",NONE,False,False,,0.0016,0.2,LOW,321,157,23.1,60kg 90UTS,3.0,49.7,65.3,80.9,95.1,77.9,77.4,AVERAGE,OBS,1.0,39.4,26.9,40.0,SAFE_RANGE,True,117.5,FOULED,160.0,A,141.0,False,0.0,0.0,287.0,,,,,,,,,,,,,,,,,,,,,,,,,,,,
TSK-TRK-0798,TRK-0798,ENGINEERING_TRACK,DER,KRJ,38.98,40.25,DN,"Track maintenance (AVERAGE TGI 73.0, USFD: OBS)",TAMPING,True,False,,0.0015,0.1,LOW,320,178,23.1,60kg 90UTS,11.0,288.7,67.5,60.1,72.6,77.1,73.03,AVERAGE,OBS,1.0,34.6,22.9,40.0,SAFE_RANGE,True,97.5,GOOD,130.0,A,224.0,False,0.0,0.0,273.0,,,,,,,,,,,,,,,,,,,,,,,,,,,,
TSK-TRK-0280,TRK-0280,ENGINEERING_TRACK,TDL,FZD,210.91,212.42,UP,"Track maintenance (GOOD TGI 84.1, USFD: CLEAR)",NONE,False,False,,0.002,0.2,LOW,321,152,23.1,60kg 90UTS,6.0,116.8,80.1,83.2,82.1,85.9,84.09,GOOD,CLEAR,0.0,41.8,31.4,40.0,SAFE_RANGE,True,72.2,GOOD,160.0,A,243.0,False,0.0,0.0,322.0,,,,,,,,,,,,,,,,,,,,,,,,,,,,
TSK-TRK-0287,TRK-0287,ENGINEERING_TRACK,TDL,FZD,216.24,217.09,UP,"Track maintenance (AVERAGE TGI 71.7, USFD: CLEAR)",TAMPING,True,False,,0.002,0.2,LOW,321,173,23.1,60kg 90UTS,5.0,153.0,59.1,67.0,71.5,76.7,71.69000000000001,AVERAGE,CLEAR,0.0,44.4,33.2,40.0,SAFE_RANGE,True,29.6,GOOD,160.0,A,243.0,False,0.0,0.0,322.0,,,,,,,,,,,,,,,,,,,,,,,,,,,,
TSK-TRK-0631,TRK-0631,ENGINEERING_TRACK,DER,KRJ,37.58,39.09,UP,"Track maintenance (AVERAGE TGI 68.7, USFD: CLEAR)",TAMPING,True,False,,0.0016,0.2,LOW,321,177,23.1,60kg 90UTS,13.0,308.9,72.4,49.8,72.3,70.0,68.69000000000001,AVERAGE,CLEAR,0.0,45.8,35.1,40.0,SAFE_RANGE,True,25.8,GOOD,130.0,A,210.0,False,0.0,0.0,328.0,,,,,,,,,,,,,,,,,,,,,,,,,,,,
TSK-TRK-0680,TRK-0680,ENGINEERING_TRACK,FZD,ETW,253.64,255.53,UP,"Track maintenance (AVERAGE TGI 71.5, USFD: CLEAR)",TAMPING,True,False,,0.0013,0.1,LOW,321,181,23.1,52kg 72UTS,11.0,198.8,85.7,83.8,85.4,62.4,71.5,AVERAGE,CLEAR,0.0,36.7,20.1,40.0,SAFE_RANGE,True,118.7,FOULED,160.0,A,237.0,False,0.0,0.0,323.0,,,,,,,,,,,,,,,,,,,,,,,,,,,,
TSK-TRK-0652,TRK-0652,ENGINEERING_TRACK,ALJN,TDL,166.74,168.08,DN,"Track maintenance (AVERAGE TGI 69.9, USFD: CLEAR)",TAMPING,True,False,,0.002,0.2,LOW,321,176,23.1,60kg 90UTS,14.0,391.1,69.3,67.7,82.1,68.4,69.88,AVERAGE,CLEAR,0.0,30.3,19.0,40.0,SAFE_RANGE,True,24.6,GOOD,160.0,A,137.0,False,0.0,0.0,341.0,,,,,,,,,,,,,,,,,,,,,,,,,,,,
TSK-TRK-0020,TRK-0020,ENGINEERING_TRACK,GZB,DER,25.67,27.26,UP,"Track maintenance (AVERAGE TGI 79.7, USFD: CLEAR)",NONE,False,False,,0.0016,0.2,LOW,321,155,23.1,60kg 90UTS,8.0,150.7,66.1,79.2,77.3,84.7,79.69000000000001,AVERAGE,CLEAR,0.0,43.0,31.9,40.0,SAFE_RANGE,True,33.0,GOOD,130.0,A,241.0,False,0.0,0.0,322.0,,,,,,,,,,,,,,,,,,,,,,,,,,,,
TSK-TRK-0611,TRK-0611,ENGINEERING_TRACK,PHD,CNB,437.9,438.5,DN,"Track maintenance (AVERAGE TGI 78.5, USFD: CLEAR)",NONE,False,False,,0.0018,0.2,LOW,321,151,23.1,52kg 72UTS,3.0,45.4,78.1,82.1,92.4,75.8,78.55,AVERAGE,CLEAR,0.0,46.8,34.6,40.0,SAFE_RANGE,True,31.5,GOOD,130.0,A,241.0,False,0.0,0.0,322.0,,,,,,,,,,,,,,,,,,,,,,,,,,,,
TSK-TRK-0803,TRK-0803,ENGINEERING_TRACK,PHD,CNB,409.53,410.38,UP,"Track maintenance (GOOD TGI 81.9, USFD: CLEAR)",NONE,False,False,,0.0015,0.2,LOW,321,153,23.1,60kg 90UTS,8.0,123.4,88.1,71.1,86.1,80.9,81.88,GOOD,CLEAR,0.0,48.7,37.7,40.0,SAFE_RANGE,True,42.6,GOOD,130.0,A,224.0,False,0.0,0.0,325.0,,,,,,,,,,,,,,,,,,,,,,,,,,,,
TSK-TRK-0143,TRK-0143,ENGINEERING_TRACK,ETW,PHD,334.84,336.7,UP,"Track maintenance (AVERAGE TGI 78.5, USFD: CLEAR)",NONE,False,False,,0.0014,0.1,LOW,320,157,23.1,60kg 90UTS,9.0,173.8,61.1,75.2,85.1,83.7,78.47,AVERAGE,CLEAR,0.0,39.4,21.9,40.0,SAFE_RANGE,True,109.6,GOOD,160.0,A,221.0,False,0.0,0.0,326.0,,,,,,,,,,,,,,,,,,,,,,,,,,,,
TSK-TRK-0140,TRK-0140,ENGINEERING_TRACK,ALJN,TDL,137.46,138.2,DN,"Track maintenance (AVERAGE TGI 68.0, USFD: CLEAR)",MANUAL,False,False,,0.0019,0.2,LOW,321,167,23.1,60kg 90UTS,17.0,305.1,70.7,70.5,68.6,66.6,68.00999999999999,AVERAGE,CLEAR,0.0,47.0,29.4,40.0,SAFE_RANGE,True,40.0,GOOD,160.0,A,235.0,False,0.0,0.0,323.0,,,,,,,,,,,,,,,,,,,,,,,,,,,,
TSK-TRK-0480,TRK-0480,ENGINEERING_TRACK,FZD,ETW,297.86,299.49,UP,"Track maintenance (AVERAGE TGI 71.4, USFD: CLEAR)",MANUAL,False,False,,0.0018,0.2,LOW,322,168,23.0,60kg 90UTS,8.0,189.1,54.0,68.2,88.1,74.9,71.37,AVERAGE,CLEAR,0.0,49.6,38.4,40.0,SAFE_RANGE,True,60.5,GOOD,160.0,A,248.0,False,0.0,0.0,321.0,,,,,,,,,,,,,,,,,,,,,,,,,,,,
TSK-TRK-0418,TRK-0418,ENGINEERING_TRACK,FZD,ETW,284.17,285.87,UP,"Track maintenance (AVERAGE TGI 79.1, USFD: CLEAR)",NONE,False,False,,0.0019,0.2,LOW,322,155,23.0,60kg 90UTS,6.0,136.7,58.9,74.7,77.1,86.9,79.10000000000001,AVERAGE,CLEAR,0.0,50.9,34.5,40.0,SAFE_RANGE,True,148.2,FOULED,160.0,A,246.0,False,0.0,0.0,321.0,,,,,,,,,,,,,,,,,,,,,,,,,,,,
TSK-TRK-0416,TRK-0416,ENGINEERING_TRACK,FZD,ETW,281.87,282.99,DN,"Track maintenance (AVERAGE TGI 78.2, USFD: CLEAR)",NONE,False,False,,0.0027,0.3,LOW,323,154,23.0,52kg 72UTS,6.0,134.4,78.9,80.2,91.7,75.4,78.21000000000001,AVERAGE,CLEAR,0.0,44.4,32.4,40.0,SAFE_RANGE,True,55.2,GOOD,160.0,A,181.0,False,0.0,0.0,333.0,,,,,,,,,,,,,,,,,,,,,,,,,,,,
TSK-TRK-0323,TRK-0323,ENGINEERING_TRACK,ALJN,TDL,162.03,163.46,DN,"Track maintenance (AVERAGE TGI 77.9, USFD: CLEAR)",NONE,False,False,,0.0021,0.2,LOW,322,155,23.0,60kg 90UTS,2.0,45.8,88.6,91.9,69.1,73.4,77.86000000000001,AVERAGE,CLEAR,0.0,56.4,40.9,40.0,MODERATE_HEAT_EXPANSION,True,8.9,GOOD,160.0,A,248.0,False,0.0,0.0,321.0,,,,,,,,,,,,,,,,,,,,,,,,,,,,
TSK-TRK-0366,TRK-0366,ENGINEERING_TRACK,GZB,DER,27.8,28.59,UP,"Track maintenance (AVERAGE TGI 69.0, USFD: CLEAR)",TAMPING,True,False,,0.0012,0.1,LOW,322,174,23.0,60kg 90UTS,13.0,251.1,59.6,70.7,77.9,70.3,68.96,AVERAGE,CLEAR,0.0,50.9,39.4,40.0,SAFE_RANGE,True,60.8,GOOD,130.0,A,217.0,False,0.0,0.0,327.0,,,,,,,,,,,,,,,,,,,,,,,,,,,,
TSK-TRK-0161,TRK-0161,ENGINEERING_TRACK,GZB,DER,28.4,30.4,DN,"Track maintenance (AVERAGE TGI 65.0, USFD: CLEAR)",MANUAL,False,False,,0.003,0.3,LOW,323,179,23.0,52kg 72UTS,17.0,394.7,53.2,56.3,66.8,70.1,65.00999999999999,AVERAGE,CLEAR,0.0,43.2,28.6,40.0,SAFE_RANGE,True,22.6,GOOD,130.0,A,167.0,False,0.0,0.0,335.0,,,,,,,,,,,,,,,,,,,,,,,,,,,,
TSK-TRK-0518,TRK-0518,ENGINEERING_TRACK,TDL,FZD,214.46,216.05,UP,"Track maintenance (AVERAGE TGI 74.7, USFD: CLEAR)",TAMPING,True,False,,0.0021,0.2,LOW,322,172,23.0,60kg 90UTS,6.0,113.3,53.7,77.4,81.8,80.0,74.66,AVERAGE,CLEAR,0.0,57.1,39.7,40.0,MODERATE_HEAT_EXPANSION,True,86.2,GOOD,160.0,A,247.0,False,0.0,0.0,321.0,,,,,,,,,,,,,,,,,,,,,,,,,,,,
TSK-TRK-0218,TRK-0218,ENGINEERING_TRACK,FZD,ETW,285.66,287.52,UP,"Track maintenance (AVERAGE TGI 78.4, USFD: OBS)",NONE,False,False,,0.0028,0.3,LOW,322,156,23.0,60kg 90UTS,4.0,102.0,67.8,86.6,86.7,79.2,78.41,AVERAGE,OBS,1.0,39.3,24.3,40.0,SAFE_RANGE,True,45.4,GOOD,160.0,A,186.0,False,0.0,0.0,279.0,,,,,,,,,,,,,,,,,,,,,,,,,,,,
TSK-TRK-0168,TRK-0168,ENGINEERING_TRACK,DER,KRJ,56.78,58.01,UP,"Track maintenance (AVERAGE TGI 73.4, USFD: CLEAR)",TAMPING,True,False,,0.0024,0.2,LOW,323,181,23.0,52kg 72UTS,11.0,298.5,66.5,73.6,71.5,76.0,73.41,AVERAGE,CLEAR,0.0,41.8,26.1,40.0,SAFE_RANGE,True,132.2,FOULED,130.0,A,181.0,False,0.0,0.0,333.0,,,,,,,,,,,,,,,,,,,,,,,,,,,,
TSK-TRK-0142,TRK-0142,ENGINEERING_TRACK,GZB,DER,34.23,35.7,UP,"Track maintenance (GOOD TGI 81.2, USFD: CLEAR)",NONE,False,False,,0.0022,0.2,LOW,322,154,23.0,52kg 72UTS,5.0,78.8,74.2,86.8,97.9,79.8,81.19,GOOD,CLEAR,0.0,55.7,41.9,40.0,MODERATE_HEAT_EXPANSION,True,149.6,FOULED,130.0,A,245.0,False,0.0,0.0,322.0,,,,,,,,,,,,,,,,,,,,,,,,,,,,
TSK-TRK-0725,TRK-0725,ENGINEERING_TRACK,NDLS,GZB,2.94,3.96,UP,"Track maintenance (AVERAGE TGI 65.1, USFD: CLEAR)",TAMPING,True,False,,0.0029,0.3,LOW,323,184,23.0,60kg 90UTS,14.0,344.7,70.7,75.7,70.9,60.5,65.1,AVERAGE,CLEAR,0.0,39.7,26.1,40.0,SAFE_RANGE,True,60.8,GOOD,130.0,A,198.0,False,0.0,0.0,330.0,,,,,,,,,,,,,,,,,,,,,,,,,,,,
TSK-TRK-0573,TRK-0573,ENGINEERING_TRACK,DER,KRJ,74.59,75.19,UP,"Track maintenance (AVERAGE TGI 73.9, USFD: CLEAR)",MANUAL,False,False,,0.0015,0.2,LOW,322,161,23.0,60kg 90UTS,4.0,99.8,91.5,76.0,93.8,64.3,73.85999999999999,AVERAGE,CLEAR,0.0,50.6,38.8,40.0,SAFE_RANGE,True,144.8,GOOD,130.0,A,223.0,False,0.0,0.0,325.0,,,,,,,,,,,,,,,,,,,,,,,,,,,,
TSK-TRK-0029,TRK-0029,ENGINEERING_TRACK,DER,KRJ,48.9,50.73,UP,"Track maintenance (AVERAGE TGI 71.1, USFD: CLEAR)",TAMPING,True,False,,0.0014,0.1,LOW,322,181,23.0,60kg 90UTS,9.0,185.7,70.0,100.0,84.2,64.4,71.06,AVERAGE,CLEAR,0.0,36.2,23.5,40.0,SAFE_RANGE,True,123.7,GOOD,130.0,A,140.0,False,0.0,0.0,340.0,,,,,,,,,,,,,,,,,,,,,,,,,,,,
TSK-TRK-0695,TRK-0695,ENGINEERING_TRACK,KRJ,ALJN,87.05,88.7,UP,"Track maintenance (AVERAGE TGI 66.8, USFD: CLEAR)",TAMPING,True,False,,0.0022,0.2,LOW,322,182,23.0,52kg 72UTS,16.0,375.0,63.7,62.9,85.8,65.3,66.78999999999999,AVERAGE,CLEAR,0.0,38.2,21.0,40.0,SAFE_RANGE,True,133.0,GOOD,130.0,A,232.0,False,0.0,0.0,324.0,,,,,,,,,,,,,,,,,,,,,,,,,,,,
TSK-TRK-0627,TRK-0627,ENGINEERING_TRACK,KRJ,ALJN,126.26,128.04,DN,"Track maintenance (AVERAGE TGI 78.0, USFD: CLEAR)",NONE,False,False,,0.0033,0.3,LOW,323,157,23.0,60kg 90UTS,12.0,347.6,60.2,75.4,56.1,88.0,77.99,AVERAGE,CLEAR,0.0,38.2,22.8,40.0,SAFE_RANGE,True,19.3,GOOD,130.0,A,186.0,False,0.0,0.0,332.0,,,,,,,,,,,,,,,,,,,,,,,,,,,,
TSK-SIG-0365,SIG-0365,SIGNAL_AND_TELECOM,KRJ,KRJ,83.56,83.66,YARD,"Signal maintenance (EI_SYSTEM at KRJ, Tier: LOW)",NONE,False,False,,0.1486,14.9,LOW,325,150,22.9,,,,,,,,,,,,,,,,,,,,,15.0,,,0.0,365.0,,,,,,,,,,,,,,,EI_SYSTEM,KRJ,83.56,0.0,0.0,15.0,0.0,0.0,5.0,16.0,2.0,91.8,559.0,100.0
TSK-TRK-0720,TRK-0720,ENGINEERING_TRACK,FZD,ETW,291.75,292.96,DN,"Track maintenance (GOOD TGI 83.6, USFD: CLEAR)",NONE,False,False,,0.0014,0.1,LOW,323,152,22.9,60kg 90UTS,3.0,67.2,87.3,81.8,72.4,84.6,83.63999999999999,GOOD,CLEAR,0.0,46.4,31.7,40.0,SAFE_RANGE,True,93.4,GOOD,160.0,A,207.0,False,0.0,0.0,328.0,,,,,,,,,,,,,,,,,,,,,,,,,,,,
TSK-TRK-0629,TRK-0629,ENGINEERING_TRACK,TDL,FZD,220.28,221.62,UP,"Track maintenance (GOOD TGI 80.5, USFD: CLEAR)",NONE,False,False,,0.0011,0.1,LOW,323,153,22.9,60kg 90UTS,3.0,64.7,63.3,80.2,73.1,87.5,80.49,GOOD,CLEAR,0.0,33.3,21.0,40.0,SAFE_RANGE,True,108.1,FOULED,160.0,A,164.0,False,0.0,0.0,336.0,,,,,,,,,,,,,,,,,,,,,,,,,,,,
TSK-TRK-0751,TRK-0751,ENGINEERING_TRACK,FZD,ETW,285.8,287.19,DN,"Track maintenance (AVERAGE TGI 75.0, USFD: CLEAR)",NONE,False,False,,0.0013,0.1,LOW,324,155,22.9,52kg 72UTS,9.0,179.5,73.5,81.6,84.9,72.8,75.03,AVERAGE,CLEAR,0.0,48.0,30.3,40.0,SAFE_RANGE,True,149.9,GOOD,160.0,A,175.0,False,0.0,0.0,334.0,,,,,,,,,,,,,,,,,,,,,,,,,,,,
TSK-TRK-0120,TRK-0120,ENGINEERING_TRACK,ALJN,TDL,203.79,205.44,DN,"Track maintenance (AVERAGE TGI 70.5, USFD: CLEAR)",MANUAL,False,False,,0.0016,0.2,LOW,324,169,22.9,52kg 72UTS,10.0,215.6,57.4,72.1,85.9,72.1,70.53999999999999,AVERAGE,CLEAR,0.0,34.2,18.2,40.0,SAFE_RANGE,True,31.6,GOOD,160.0,A,199.0,False,0.0,0.0,330.0,,,,,,,,,,,,,,,,,,,,,,,,,,,,
TSK-TRK-0545,TRK-0545,ENGINEERING_TRACK,KRJ,ALJN,116.47,117.37,DN,"Track maintenance (AVERAGE TGI 73.2, USFD: CLEAR)",TAMPING,True,False,,0.0019,0.2,LOW,323,176,22.9,60kg 90UTS,2.0,69.1,65.3,72.1,85.8,73.9,73.19000000000001,AVERAGE,CLEAR,0.0,48.4,32.8,40.0,SAFE_RANGE,True,20.4,GOOD,130.0,A,251.0,False,0.0,0.0,321.0,,,,,,,,,,,,,,,,,,,,,,,,,,,,
TSK-TRK-0228,TRK-0228,ENGINEERING_TRACK,PHD,CNB,402.49,403.6,UP,"Track maintenance (AVERAGE TGI 71.5, USFD: CLEAR)",TAMPING,True,False,,0.0016,0.2,LOW,323,176,22.9,60kg 90UTS,3.0,66.2,52.9,91.8,82.7,72.5,71.53,AVERAGE,CLEAR,0.0,35.2,20.4,40.0,SAFE_RANGE,True,58.4,GOOD,130.0,A,202.0,False,0.0,0.0,329.0,,,,,,,,,,,,,,,,,,,,,,,,,,,,
TSK-TRK-0783,TRK-0783,ENGINEERING_TRACK,NDLS,GZB,4.48,5.08,DN,"Track maintenance (AVERAGE TGI 72.2, USFD: CLEAR)",MANUAL,False,False,,0.0025,0.3,LOW,324,164,22.9,60kg 90UTS,10.0,191.2,68.2,50.4,89.4,74.3,72.2,AVERAGE,CLEAR,0.0,39.8,25.6,40.0,SAFE_RANGE,True,81.8,GOOD,130.0,A,193.0,False,0.0,0.0,331.0,,,,,,,,,,,,,,,,,,,,,,,,,,,,
TSK-TRK-0520,TRK-0520,ENGINEERING_TRACK,TDL,FZD,217.88,218.41,DN,"Track maintenance (AVERAGE TGI 72.7, USFD: OBS)",MANUAL,False,False,,0.002,0.2,LOW,324,173,22.9,60kg 90UTS,12.0,195.9,73.7,62.2,75.3,73.6,72.65,AVERAGE,OBS,1.0,38.6,21.9,40.0,SAFE_RANGE,True,61.0,GOOD,160.0,A,197.0,False,0.0,0.0,278.0,,,,,,,,,,,,,,,,,,,,,,,,,,,,
TSK-TRK-0449,TRK-0449,ENGINEERING_TRACK,KRJ,ALJN,102.35,103.69,DN,"Track maintenance (GOOD TGI 81.6, USFD: OBS)",NONE,False,False,,0.0016,0.2,LOW,324,152,22.9,60kg 90UTS,8.0,146.1,79.5,99.6,67.5,81.6,81.57000000000001,GOOD,OBS,1.0,50.3,37.2,40.0,SAFE_RANGE,True,68.1,GOOD,130.0,A,139.0,False,0.0,0.0,288.0,,,,,,,,,,,,,,,,,,,,,,,,,,,,
TSK-TRK-0444,TRK-0444,ENGINEERING_TRACK,KRJ,ALJN,117.67,118.83,UP,"Track maintenance (AVERAGE TGI 73.1, USFD: CLEAR)",TAMPING,True,False,,0.0015,0.2,LOW,324,177,22.9,60kg 90UTS,5.0,127.7,65.4,89.2,78.5,72.1,73.10999999999999,AVERAGE,CLEAR,0.0,32.7,22.4,40.0,SAFE_RANGE,True,64.2,GOOD,130.0,A,171.0,False,0.0,0.0,335.0,,,,,,,,,,,,,,,,,,,,,,,,,,,,
TSK-TRK-0457,TRK-0457,ENGINEERING_TRACK,ALJN,TDL,168.05,169.0,DN,"Track maintenance (AVERAGE TGI 78.8, USFD: CLEAR)",NONE,False,False,,0.0016,0.2,LOW,324,153,22.9,60kg 90UTS,2.0,64.5,85.0,95.9,75.3,74.4,78.76,AVERAGE,CLEAR,0.0,34.6,23.7,40.0,SAFE_RANGE,True,113.9,FOULED,160.0,A,171.0,False,0.0,0.0,335.0,,,,,,,,,,,,,,,,,,,,,,,,,,,,
TSK-TRK-0289,TRK-0289,ENGINEERING_TRACK,ALJN,TDL,194.63,196.18,UP,"Track maintenance (AVERAGE TGI 68.8, USFD: CLEAR)",TAMPING,True,False,,0.0022,0.2,LOW,324,168,22.9,60kg 90UTS,7.0,222.0,50.4,81.4,68.5,72.9,68.81,AVERAGE,CLEAR,0.0,37.2,26.5,40.0,SAFE_RANGE,True,44.7,GOOD,160.0,A,187.0,False,0.0,0.0,332.0,,,,,,,,,,,,,,,,,,,,,,,,,,,,
TSK-TRK-0309,TRK-0309,ENGINEERING_TRACK,DER,KRJ,57.31,59.01,UP,"Track maintenance (AVERAGE TGI 70.5, USFD: CLEAR)",MANUAL,False,False,,0.0021,0.2,LOW,324,170,22.9,60kg 90UTS,10.0,154.0,66.1,89.5,78.8,67.4,70.49000000000001,AVERAGE,CLEAR,0.0,35.6,24.8,40.0,SAFE_RANGE,True,61.5,GOOD,130.0,A,197.0,False,0.0,0.0,330.0,,,,,,,,,,,,,,,,,,,,,,,,,,,,
TSK-TRK-0831,TRK-0831,ENGINEERING_TRACK,ETW,PHD,353.53,354.75,UP,"Track maintenance (AVERAGE TGI 74.9, USFD: CLEAR)",TAMPING,True,False,,0.0015,0.1,LOW,323,172,22.9,60kg 90UTS,8.0,153.9,73.1,100.0,72.6,71.7,74.9,AVERAGE,CLEAR,0.0,52.9,37.6,40.0,SAFE_RANGE,True,16.1,GOOD,160.0,A,227.0,False,0.0,0.0,325.0,,,,,,,,,,,,,,,,,,,,,,,,,,,,
TSK-TRK-0412,TRK-0412,ENGINEERING_TRACK,NDLS,GZB,21.53,23.19,DN,"Track maintenance (AVERAGE TGI 70.3, USFD: CLEAR)",MANUAL,False,False,,0.0032,0.3,LOW,324,171,22.9,60kg 90UTS,17.0,398.0,68.0,67.5,71.0,71.4,70.29,AVERAGE,CLEAR,0.0,56.3,40.7,40.0,MODERATE_HEAT_EXPANSION,True,77.2,GOOD,130.0,A,251.0,False,0.0,0.0,321.0,,,,,,,,,,,,,,,,,,,,,,,,,,,,
TSK-TRK-0401,TRK-0401,ENGINEERING_TRACK,TDL,FZD,209.65,211.29,UP,"Track maintenance (GOOD TGI 81.1, USFD: CLEAR)",NONE,False,False,,0.0026,0.3,LOW,324,155,22.9,60kg 90UTS,3.0,60.9,71.4,98.5,82.8,81.1,81.07000000000001,GOOD,CLEAR,0.0,39.4,24.1,40.0,SAFE_RANGE,True,93.2,GOOD,160.0,A,189.0,False,0.0,0.0,331.0,,,,,,,,,,,,,,,,,,,,,,,,,,,,
TSK-TRK-0395,TRK-0395,ENGINEERING_TRACK,TDL,FZD,224.34,225.09,DN,"Track maintenance (AVERAGE TGI 72.9, USFD: CLEAR)",TAMPING,True,False,,0.0019,0.2,LOW,324,176,22.9,60kg 90UTS,8.0,245.7,71.6,77.1,77.2,71.9,72.89000000000001,AVERAGE,CLEAR,0.0,51.6,36.5,40.0,SAFE_RANGE,True,49.8,GOOD,160.0,A,189.0,False,0.0,0.0,331.0,,,,,,,,,,,,,,,,,,,,,,,,,,,,
TSK-TRK-0041,TRK-0041,ENGINEERING_TRACK,ALJN,TDL,162.27,164.02,DN,"Track maintenance (AVERAGE TGI 74.0, USFD: CLEAR)",TAMPING,True,False,,0.0015,0.1,LOW,323,177,22.9,60kg 90UTS,10.0,192.0,76.6,83.6,71.4,72.0,74.02000000000001,AVERAGE,CLEAR,0.0,53.3,38.4,40.0,SAFE_RANGE,True,58.0,GOOD,160.0,A,231.0,False,0.0,0.0,324.0,,,,,,,,,,,,,,,,,,,,,,,,,,,,
TSK-TRK-0014,TRK-0014,ENGINEERING_TRACK,TDL,FZD,216.82,217.49,DN,"Track maintenance (AVERAGE TGI 78.4, USFD: CLEAR)",NONE,False,False,,0.0019,0.2,LOW,324,152,22.9,52kg 72UTS,10.0,197.9,66.5,80.6,79.2,81.8,78.35999999999999,AVERAGE,CLEAR,0.0,38.8,24.3,40.0,SAFE_RANGE,True,14.2,GOOD,160.0,A,253.0,False,0.0,0.0,320.0,,,,,,,,,,,,,,,,,,,,,,,,,,,,
TSK-TRK-0043,TRK-0043,ENGINEERING_TRACK,ALJN,TDL,148.3,149.1,UP,"Track maintenance (GOOD TGI 88.0, USFD: CLEAR)",NONE,False,False,,0.0012,0.1,LOW,324,149,22.9,60kg 90UTS,2.0,39.8,94.0,85.6,79.8,87.8,88.02000000000001,GOOD,CLEAR,0.0,47.2,30.4,40.0,SAFE_RANGE,True,13.1,GOOD,160.0,A,217.0,False,0.0,0.0,327.0,,,,,,,,,,,,,,,,,,,,,,,,,,,,
TSK-TRK-0405,TRK-0405,ENGINEERING_TRACK,PHD,CNB,409.77,410.59,UP,"Track maintenance (GOOD TGI 81.6, USFD: CLEAR)",NONE,False,False,,0.0014,0.1,LOW,324,151,22.9,60kg 90UTS,6.0,133.5,88.2,73.6,67.7,83.1,81.63,GOOD,CLEAR,0.0,47.5,36.6,40.0,SAFE_RANGE,True,41.5,GOOD,130.0,A,174.0,False,0.0,0.0,334.0,,,,,,,,,,,,,,,,,,,,,,,,,,,,
TSK-OHE-0035,OHE-0035,TRACTION_DISTRIBUTION_OHE,NDLS,GZB,13.55,14.55,UP,"OHE maintenance (Wire wear 34.8%, ATD: NORMAL)",NONE,True,False,,0.0085,0.8,LOW,254,154,22.9,,,,,,,,,,,,,41.7,,,,,,,,76.0,,,0.0,258.0,13/1,13/25,10.85,34.8,GOOD,WORN,583.9,NORMAL,5593.0,-17.0,FLASHOVER_RISK,12.0,STABLE,False,,,,,,,,,,,,,,
TSK-TRK-0690,TRK-0690,ENGINEERING_TRACK,ETW,PHD,310.88,311.65,DN,"Track maintenance (AVERAGE TGI 67.8, USFD: CLEAR)",MANUAL,False,False,,0.0015,0.1,LOW,323,166,22.9,60kg 90UTS,2.0,33.3,83.3,82.8,97.2,55.3,67.83999999999999,AVERAGE,CLEAR,0.0,53.2,40.8,40.0,SAFE_RANGE,True,105.7,FOULED,160.0,A,237.0,False,0.0,0.0,323.0,,,,,,,,,,,,,,,,,,,,,,,,,,,,
TSK-TRK-0001,TRK-0001,ENGINEERING_TRACK,GZB,DER,25.28,26.19,UP,"Track maintenance (GOOD TGI 80.8, USFD: CLEAR)",NONE,False,False,,0.0012,0.1,LOW,323,150,22.9,60kg 90UTS,5.0,148.6,64.0,81.8,83.6,85.7,80.76,GOOD,CLEAR,0.0,52.7,35.6,40.0,SAFE_RANGE,True,15.6,GOOD,130.0,A,221.0,False,0.0,0.0,326.0,,,,,,,,,,,,,,,,,,,,,,,,,,,,
TSK-TRK-0402,TRK-0402,ENGINEERING_TRACK,FZD,ETW,260.76,261.94,UP,"Track maintenance (GOOD TGI 81.5, USFD: CLEAR)",NONE,False,False,,0.0015,0.1,LOW,324,153,22.9,60kg 90UTS,2.0,69.2,77.1,88.5,81.7,81.8,81.52,GOOD,CLEAR,0.0,42.0,26.4,40.0,SAFE_RANGE,True,93.8,GOOD,160.0,A,145.0,False,0.0,0.0,339.0,,,,,,,,,,,,,,,,,,,,,,,,,,,,
TSK-TRK-0264,TRK-0264,ENGINEERING_TRACK,GZB,DER,35.87,37.0,UP,"Track maintenance (AVERAGE TGI 77.3, USFD: CLEAR)",NONE,False,False,,0.0019,0.2,LOW,324,156,22.9,52kg 72UTS,16.0,262.7,77.2,76.4,76.2,77.6,77.25999999999999,AVERAGE,CLEAR,0.0,43.8,28.0,40.0,SAFE_RANGE,True,18.4,GOOD,130.0,A,165.0,False,0.0,0.0,336.0,,,,,,,,,,,,,,,,,,,,,,,,,,,,
TSK-TRK-0276,TRK-0276,ENGINEERING_TRACK,NDLS,GZB,8.04,9.18,UP,"Track maintenance (AVERAGE TGI 73.9, USFD: CLEAR)",MANUAL,False,False,,0.0023,0.2,LOW,324,176,22.9,60kg 90UTS,9.0,263.2,69.5,78.9,77.7,73.9,73.9,AVERAGE,CLEAR,0.0,43.6,33.0,40.0,SAFE_RANGE,True,81.9,GOOD,130.0,A,189.0,False,0.0,0.0,331.0,,,,,,,,,,,,,,,,,,,,,,,,,,,,
TSK-TRK-0293,TRK-0293,ENGINEERING_TRACK,DER,KRJ,41.14,42.91,DN,"Track maintenance (GOOD TGI 83.4, USFD: CLEAR)",NONE,False,False,,0.0014,0.1,LOW,323,153,22.9,60kg 90UTS,4.0,63.4,84.5,83.7,95.3,81.0,83.4,GOOD,CLEAR,0.0,41.3,30.0,40.0,SAFE_RANGE,True,103.3,FOULED,130.0,A,207.0,False,0.0,0.0,328.0,,,,,,,,,,,,,,,,,,,,,,,,,,,,
TSK-TRK-0620,TRK-0620,ENGINEERING_TRACK,KRJ,ALJN,120.37,121.71,UP,"Track maintenance (AVERAGE TGI 68.6, USFD: CLEAR)",TAMPING,True,False,,0.0037,0.4,LOW,324,179,22.9,52kg 72UTS,14.0,338.9,68.6,82.9,73.3,65.4,68.58,AVERAGE,CLEAR,0.0,36.6,20.0,40.0,SAFE_RANGE,True,166.2,FOULED,130.0,A,250.0,False,0.0,0.0,321.0,,,,,,,,,,,,,,,,,,,,,,,,,,,,
TSK-TRK-0521,TRK-0521,ENGINEERING_TRACK,PHD,CNB,426.08,427.44,DN,"Track maintenance (AVERAGE TGI 73.4, USFD: CLEAR)",TAMPING,True,False,,0.0014,0.1,LOW,323,174,22.9,60kg 90UTS,6.0,161.4,57.9,79.0,83.1,76.0,73.39,AVERAGE,CLEAR,0.0,56.5,40.5,40.0,MODERATE_HEAT_EXPANSION,True,126.9,FOULED,130.0,A,166.0,False,0.0,0.0,335.0,,,,,,,,,,,,,,,,,,,,,,,,,,,,
TSK-TRK-0553,TRK-0553,ENGINEERING_TRACK,ETW,PHD,340.93,341.68,DN,"Track maintenance (GOOD TGI 85.6, USFD: CLEAR)",NONE,False,False,,0.0013,0.1,LOW,323,151,22.9,60kg 90UTS,2.0,55.7,90.0,81.3,82.2,85.4,85.59,GOOD,CLEAR,0.0,48.5,37.6,40.0,SAFE_RANGE,True,30.2,GOOD,160.0,A,209.0,False,0.0,0.0,328.0,,,,,,,,,,,,,,,,,,,,,,,,,,,,
TSK-TRK-0771,TRK-0771,ENGINEERING_TRACK,KRJ,ALJN,93.32,94.12,UP,"Track maintenance (AVERAGE TGI 67.2, USFD: CLEAR)",MANUAL,False,False,,0.0018,0.2,LOW,324,172,22.9,60kg 90UTS,13.0,251.8,62.5,77.4,83.6,64.3,67.17999999999999,AVERAGE,CLEAR,0.0,42.1,29.1,40.0,SAFE_RANGE,True,28.3,GOOD,130.0,A,196.0,False,0.0,0.0,330.0,,,,,,,,,,,,,,,,,,,,,,,,,,,,
TSK-TRK-0192,TRK-0192,ENGINEERING_TRACK,FZD,ETW,264.13,264.76,UP,"Track maintenance (AVERAGE TGI 72.4, USFD: OBS)",MANUAL,False,False,,0.0019,0.2,LOW,324,160,22.9,60kg 90UTS,6.0,207.8,82.1,80.9,69.1,68.3,72.4,AVERAGE,OBS,1.0,47.9,30.4,40.0,SAFE_RANGE,True,1.2,GOOD,160.0,A,201.0,False,0.0,0.0,277.0,,,,,,,,,,,,,,,,,,,,,,,,,,,,
TSK-TRK-0632,TRK-0632,ENGINEERING_TRACK,GZB,DER,33.16,35.0,UP,"Track maintenance (GOOD TGI 97.6, USFD: CLEAR)",NONE,False,False,,0.0018,0.2,LOW,325,154,22.8,60kg 90UTS,3.0,66.8,91.5,92.8,100.0,100.0,97.58,GOOD,CLEAR,0.0,34.8,23.2,40.0,SAFE_RANGE,True,151.9,FOULED,130.0,A,211.0,False,0.0,0.0,328.0,,,,,,,,,,,,,,,,,,,,,,,,,,,,
TSK-TRK-0111,TRK-0111,ENGINEERING_TRACK,PHD,CNB,416.11,416.93,DN,"Track maintenance (GOOD TGI 80.3, USFD: CLEAR)",NONE,False,False,,0.0011,0.1,LOW,325,152,22.8,52kg 72UTS,8.0,186.2,69.2,89.7,96.4,79.7,80.27000000000001,GOOD,CLEAR,0.0,52.7,39.5,40.0,SAFE_RANGE,True,131.3,GOOD,130.0,A,165.0,False,0.0,0.0,336.0,,,,,,,,,,,,,,,,,,,,,,,,,,,,
TSK-TRK-0263,TRK-0263,ENGINEERING_TRACK,GZB,DER,32.74,33.24,DN,"Track maintenance (GOOD TGI 84.8, USFD: CLEAR)",NONE,False,False,,0.0046,0.5,LOW,326,149,22.8,52kg 72UTS,3.0,53.0,82.2,96.3,79.5,84.7,84.84,GOOD,CLEAR,0.0,39.3,23.9,40.0,SAFE_RANGE,True,1.7,GOOD,130.0,A,180.0,False,0.0,0.0,333.0,,,,,,,,,,,,,,,,,,,,,,,,,,,,
TSK-TRK-0833,TRK-0833,ENGINEERING_TRACK,PHD,CNB,408.95,410.19,DN,"Track maintenance (AVERAGE TGI 67.1, USFD: CLEAR)",TAMPING,True,False,,0.0015,0.1,LOW,325,180,22.8,60kg 90UTS,8.0,269.1,83.5,59.1,85.9,59.8,67.08,AVERAGE,CLEAR,0.0,52.7,37.9,40.0,SAFE_RANGE,True,115.9,FOULED,130.0,A,198.0,False,0.0,0.0,330.0,,,,,,,,,,,,,,,,,,,,,,,,,,,,
TSK-OHE-0536,OHE-0536,TRACTION_DISTRIBUTION_OHE,FZD,ETW,299.7,301.17,DN,"OHE maintenance (Wire wear 57.1%, ATD: NORMAL)",NONE,True,False,,0.0144,1.4,LOW,258,157,22.8,,,,,,,,,,,,,20.4,,,,,,,,262.0,,,0.0,230.0,299/5,299/30,9.96,57.1,WORN,GOOD,328.3,NORMAL,5588.0,-22.0,POLLUTED,3.0,SETTLEMENT,False,,,,,,,,,,,,,,
TSK-TRK-0343,TRK-0343,ENGINEERING_TRACK,NDLS,GZB,21.41,23.05,UP,"Track maintenance (GOOD TGI 80.7, USFD: CLEAR)",NONE,False,False,,0.0022,0.2,LOW,325,154,22.8,60kg 90UTS,1.0,28.5,78.1,85.4,91.1,79.1,80.72999999999999,GOOD,CLEAR,0.0,46.3,34.3,40.0,SAFE_RANGE,True,124.8,FOULED,130.0,A,181.0,False,0.0,0.0,333.0,,,,,,,,,,,,,,,,,,,,,,,,,,,,
TSK-SIG-0274,SIG-0274,SIGNAL_AND_TELECOM,KRJ,KRJ,84.05,84.15,YARD,"Signal maintenance (POINT_MACHINE at KRJ, Tier: MEDIUM)",NONE,False,False,,0.0186,1.9,LOW,260,150,22.8,,,,,,,,,,,,,,,,,,,,,66.0,,,0.0,252.0,,,,,,,,,,,,,,,POINT_MACHINE,KRJ,84.05,5.34,2.27,12.1,16857.0,0.0,5.0,16.0,0.0,73.5,144.0,68.84
TSK-TRK-0447,TRK-0447,ENGINEERING_TRACK,ETW,PHD,317.93,319.05,UP,"Track maintenance (AVERAGE TGI 70.8, USFD: CLEAR)",MANUAL,False,False,,0.0014,0.1,LOW,325,170,22.8,60kg 90UTS,10.0,152.1,82.2,81.3,67.9,65.8,70.84,AVERAGE,CLEAR,0.0,47.7,31.6,40.0,SAFE_RANGE,True,24.5,GOOD,160.0,A,151.0,False,0.0,0.0,338.0,,,,,,,,,,,,,,,,,,,,,,,,,,,,
TSK-TRK-0291,TRK-0291,ENGINEERING_TRACK,GZB,DER,30.08,31.79,UP,"Track maintenance (GOOD TGI 87.6, USFD: CLEAR)",NONE,False,False,,0.0017,0.2,LOW,325,154,22.8,60kg 90UTS,4.0,61.0,100.0,69.1,88.5,86.4,87.60000000000001,GOOD,CLEAR,0.0,57.5,39.6,40.0,MODERATE_HEAT_EXPANSION,True,23.5,GOOD,130.0,A,210.0,False,0.0,0.0,328.0,,,,,,,,,,,,,,,,,,,,,,,,,,,,
TSK-TRK-0286,TRK-0286,ENGINEERING_TRACK,FZD,ETW,275.02,275.72,DN,"Track maintenance (AVERAGE TGI 71.2, USFD: OBS)",MANUAL,False,False,,0.0016,0.2,LOW,325,175,22.8,52kg 72UTS,9.0,288.2,72.8,66.4,82.6,69.5,71.16,AVERAGE,OBS,1.0,55.2,42.1,40.0,MODERATE_HEAT_EXPANSION,True,149.7,FOULED,160.0,A,172.0,False,0.0,0.0,282.0,,,,,,,,,,,,,,,,,,,,,,,,,,,,
TSK-OHE-0385,OHE-0385,TRACTION_DISTRIBUTION_OHE,ETW,PHD,342.39,342.99,UP,"OHE maintenance (Wire wear 56.9%, ATD: NORMAL)",NONE,True,False,,0.0098,1.0,LOW,256,156,22.8,,,,,,,,,,,,,15.7,,,,,,,,255.0,,,0.0,231.0,342/2,342/29,9.97,56.9,WORN,WORN,425.4,NORMAL,5590.0,-23.0,POLLUTED,3.0,STABLE,False,,,,,,,,,,,,,,
TSK-TRK-0061,TRK-0061,ENGINEERING_TRACK,NDLS,GZB,11.86,12.85,DN,"Track maintenance (AVERAGE TGI 78.7, USFD: CLEAR)",NONE,False,False,,0.0015,0.2,LOW,325,153,22.8,52kg 72UTS,7.0,154.7,82.1,93.0,86.6,73.8,78.66,AVERAGE,CLEAR,0.0,36.9,24.7,40.0,SAFE_RANGE,True,107.3,GOOD,130.0,A,146.0,False,0.0,0.0,339.0,,,,,,,,,,,,,,,,,,,,,,,,,,,,
TSK-TRK-0083,TRK-0083,ENGINEERING_TRACK,NDLS,GZB,6.79,7.74,DN,"Track maintenance (AVERAGE TGI 78.4, USFD: CLEAR)",NONE,False,False,,0.0017,0.2,LOW,325,155,22.8,60kg 90UTS,5.0,119.7,60.3,85.9,77.7,83.3,78.4,AVERAGE,CLEAR,0.0,43.3,30.6,40.0,SAFE_RANGE,True,137.3,FOULED,130.0,A,198.0,False,0.0,0.0,330.0,,,,,,,,,,,,,,,,,,,,,,,,,,,,
TSK-TRK-0597,TRK-0597,ENGINEERING_TRACK,ALJN,TDL,165.8,166.85,UP,"Track maintenance (AVERAGE TGI 66.5, USFD: CLEAR)",TAMPING,True,False,,0.0021,0.2,LOW,325,181,22.8,60kg 90UTS,7.0,229.9,49.1,77.0,65.3,70.8,66.53,AVERAGE,CLEAR,0.0,40.5,29.9,40.0,SAFE_RANGE,True,161.6,FOULED,160.0,A,152.0,False,0.0,0.0,338.0,,,,,,,,,,,,,,,,,,,,,,,,,,,,
TSK-OHE-0416,OHE-0416,TRACTION_DISTRIBUTION_OHE,TDL,FZD,221.29,222.43,UP,"OHE maintenance (Wire wear 55.6%, ATD: NORMAL)",NONE,True,False,,0.0095,0.9,LOW,256,158,22.8,,,,,,,,,,,,,42.4,,,,,,,,254.0,,,0.0,269.0,221/4,221/30,10.02,55.6,WORN,GOOD,600.1,NORMAL,5568.0,34.0,CLEAN,0.0,STABLE,False,,,,,,,,,,,,,,
TSK-TRK-0188,TRK-0188,ENGINEERING_TRACK,GZB,DER,32.18,33.03,UP,"Track maintenance (AVERAGE TGI 69.8, USFD: CLEAR)",MANUAL,False,False,,0.0024,0.2,LOW,325,160,22.8,60kg 90UTS,6.0,140.1,69.2,66.9,82.1,68.5,69.84,AVERAGE,CLEAR,0.0,57.3,39.8,40.0,MODERATE_HEAT_EXPANSION,True,6.5,GOOD,130.0,A,208.0,False,0.0,0.0,328.0,,,,,,,,,,,,,,,,,,,,,,,,,,,,
TSK-SIG-0077,SIG-0077,SIGNAL_AND_TELECOM,CNB,CNB,440.0,440.1,UP,"Signal maintenance (POINT_MACHINE at CNB, Tier: MEDIUM)",NONE,False,False,,0.0215,2.1,LOW,262,150,22.8,,,,,,,,,,,,,,,,,,,,,126.0,,,0.0,252.0,,,,,,,,,,,,,,,POINT_MACHINE,CNB,440.0,4.78,2.63,15.3,17666.0,0.0,5.0,6.0,0.0,79.2,70.0,68.77
TSK-SIG-0037,SIG-0037,SIGNAL_AND_TELECOM,NDLS,NDLS,1.17,1.27,YARD,"Signal maintenance (POINT_MACHINE at NDLS, Tier: MEDIUM)",NONE,False,False,,0.0158,1.6,LOW,259,150,22.8,,,,,,,,,,,,,,,,,,,,,18.0,,,0.0,256.0,,,,,,,,,,,,,,,POINT_MACHINE,NDLS,1.17,6.25,1.81,14.3,4577.0,0.0,5.0,12.0,0.0,72.2,63.0,69.76
TSK-TRK-0723,TRK-0723,ENGINEERING_TRACK,GZB,DER,26.33,27.69,UP,"Track maintenance (AVERAGE TGI 66.3, USFD: CLEAR)",TAMPING,True,False,,0.0025,0.3,LOW,326,181,22.8,60kg 90UTS,17.0,307.1,56.4,65.7,74.5,68.4,66.34,AVERAGE,CLEAR,0.0,45.6,27.7,40.0,SAFE_RANGE,True,54.6,GOOD,130.0,A,253.0,False,0.0,0.0,320.0,,,,,,,,,,,,,,,,,,,,,,,,,,,,
TSK-TRK-0794,TRK-0794,ENGINEERING_TRACK,GZB,DER,26.95,27.64,DN,"Track maintenance (GOOD TGI 82.8, USFD: CLEAR)",NONE,False,False,,0.0019,0.2,LOW,326,152,22.7,60kg 90UTS,6.0,99.3,79.2,89.3,89.8,81.8,82.83,GOOD,CLEAR,0.0,53.3,37.9,40.0,SAFE_RANGE,True,27.6,GOOD,130.0,A,188.0,False,0.0,0.0,332.0,,,,,,,,,,,,,,,,,,,,,,,,,,,,
TSK-TRK-0304,TRK-0304,ENGINEERING_TRACK,ETW,PHD,336.7,337.46,DN,"Track maintenance (AVERAGE TGI 68.1, USFD: CLEAR)",TAMPING,True,False,,0.0011,0.1,LOW,326,178,22.7,60kg 90UTS,8.0,226.5,54.5,72.3,77.4,70.4,68.11000000000001,AVERAGE,CLEAR,0.0,52.2,39.2,40.0,SAFE_RANGE,True,132.1,FOULED,160.0,A,155.0,False,0.0,0.0,337.0,,,,,,,,,,,,,,,,,,,,,,,,,,,,
TSK-TRK-0666,TRK-0666,ENGINEERING_TRACK,GZB,DER,35.72,36.52,UP,"Track maintenance (GOOD TGI 90.6, USFD: CLEAR)",NONE,False,False,,0.0022,0.2,LOW,327,148,22.7,60kg 90UTS,2.0,46.0,89.4,99.1,99.8,88.0,90.57,GOOD,CLEAR,0.0,41.3,29.2,40.0,SAFE_RANGE,True,16.0,GOOD,130.0,A,193.0,False,0.0,0.0,331.0,,,,,,,,,,,,,,,,,,,,,,,,,,,,
TSK-TRK-0525,TRK-0525,ENGINEERING_TRACK,KRJ,ALJN,117.05,118.24,UP,"Track maintenance (GOOD TGI 80.2, USFD: CLEAR)",NONE,False,False,,0.0018,0.2,LOW,327,153,22.7,60kg 90UTS,1.0,21.2,74.6,73.5,92.8,81.0,80.15,GOOD,CLEAR,0.0,35.9,19.1,40.0,SAFE_RANGE,True,156.9,FOULED,130.0,A,175.0,False,0.0,0.0,334.0,,,,,,,,,,,,,,,,,,,,,,,,,,,,
TSK-SIG-0062,SIG-0062,SIGNAL_AND_TELECOM,ETW,ETW,301.49,301.59,YARD,"Signal maintenance (POINT_MACHINE at ETW, Tier: MEDIUM)",NONE,False,False,,0.0205,2.1,LOW,263,150,22.7,,,,,,,,,,,,,,,,,,,,,163.0,,,0.0,258.0,,,,,,,,,,,,,,,POINT_MACHINE,ETW,301.49,5.62,2.02,15.0,10606.0,0.0,5.0,4.0,0.0,84.9,62.0,70.52
TSK-TRK-0134,TRK-0134,ENGINEERING_TRACK,GZB,DER,32.11,33.25,DN,"Track maintenance (GOOD TGI 87.1, USFD: CLEAR)",NONE,False,False,,0.0021,0.2,LOW,327,152,22.7,60kg 90UTS,1.0,22.3,83.2,100.0,84.6,86.7,87.12,GOOD,CLEAR,0.0,34.4,22.7,40.0,SAFE_RANGE,True,170.6,FOULED,130.0,A,253.0,False,0.0,0.0,320.0,,,,,,,,,,,,,,,,,,,,,,,,,,,,
TSK-TRK-0587,TRK-0587,ENGINEERING_TRACK,PHD,CNB,427.11,427.74,DN,"Track maintenance (AVERAGE TGI 66.8, USFD: CLEAR)",MANUAL,False,False,,0.0015,0.2,LOW,327,182,22.7,60kg 90UTS,7.0,187.8,58.3,78.3,87.1,64.4,66.84,AVERAGE,CLEAR,0.0,52.0,39.8,40.0,SAFE_RANGE,True,131.4,FOULED,130.0,A,131.0,False,0.0,0.0,342.0,,,,,,,,,,,,,,,,,,,,,,,,,,,,
TSK-TRK-0007,TRK-0007,ENGINEERING_TRACK,DER,KRJ,61.04,61.91,DN,"Track maintenance (AVERAGE TGI 68.2, USFD: CLEAR)",TAMPING,True,False,,0.0015,0.2,LOW,326,177,22.7,60kg 90UTS,13.0,265.2,74.7,72.9,73.6,64.4,68.22999999999999,AVERAGE,CLEAR,0.0,57.6,42.1,40.0,MODERATE_HEAT_EXPANSION,True,39.5,GOOD,130.0,A,171.0,False,0.0,0.0,335.0,,,,,,,,,,,,,,,,,,,,,,,,,,,,
TSK-TRK-0647,TRK-0647,ENGINEERING_TRACK,GZB,DER,31.51,32.42,DN,"Track maintenance (AVERAGE TGI 72.7, USFD: CLEAR)",MANUAL,False,False,,0.0017,0.2,LOW,328,168,22.6,60kg 90UTS,14.0,268.7,59.5,81.3,69.6,76.2,72.71000000000001,AVERAGE,CLEAR,0.0,53.9,38.7,40.0,SAFE_RANGE,True,54.3,GOOD,130.0,A,158.0,False,0.0,0.0,337.0,,,,,,,,,,,,,,,,,,,,,,,,,,,,
TSK-TRK-0064,TRK-0064,ENGINEERING_TRACK,TDL,FZD,215.81,217.43,DN,"Track maintenance (AVERAGE TGI 66.3, USFD: CLEAR)",TAMPING,True,False,,0.0026,0.3,LOW,329,187,22.6,52kg 72UTS,12.0,348.7,61.8,66.4,66.1,67.8,66.28999999999999,AVERAGE,CLEAR,0.0,37.0,25.0,40.0,SAFE_RANGE,True,21.7,GOOD,160.0,A,103.0,False,0.0,0.0,346.0,,,,,,,,,,,,,,,,,,,,,,,,,,,,
TSK-TRK-0488,TRK-0488,ENGINEERING_TRACK,FZD,ETW,274.87,276.36,DN,"Track maintenance (GOOD TGI 90.6, USFD: CLEAR)",NONE,False,False,,0.0015,0.1,LOW,328,153,22.6,60kg 90UTS,4.0,61.5,86.9,87.1,91.5,92.3,90.62,GOOD,CLEAR,0.0,55.8,40.6,40.0,MODERATE_HEAT_EXPANSION,True,41.6,GOOD,160.0,A,199.0,False,0.0,0.0,330.0,,,,,,,,,,,,,,,,,,,,,,,,,,,,
TSK-TRK-0230,TRK-0230,ENGINEERING_TRACK,ALJN,TDL,154.19,155.43,UP,"Track maintenance (GOOD TGI 87.9, USFD: CLEAR)",NONE,False,False,,0.0017,0.2,LOW,328,149,22.6,60kg 90UTS,6.0,142.2,71.8,89.9,96.8,91.5,87.92999999999999,GOOD,CLEAR,0.0,42.8,28.9,40.0,SAFE_RANGE,True,13.8,GOOD,160.0,A,133.0,False,0.0,0.0,341.0,,,,,,,,,,,,,,,,,,,,,,,,,,,,
TSK-TRK-0702,TRK-0702,ENGINEERING_TRACK,ETW,PHD,306.55,307.67,DN,"Track maintenance (AVERAGE TGI 73.7, USFD: CLEAR)",MANUAL,False,False,,0.0014,0.1,LOW,328,168,22.6,60kg 90UTS,10.0,196.9,61.9,61.1,83.8,78.0,73.67,AVERAGE,CLEAR,0.0,50.5,32.5,40.0,SAFE_RANGE,True,64.6,GOOD,160.0,A,138.0,False,0.0,0.0,340.0,,,,,,,,,,,,,,,,,,,,,,,,,,,,
TSK-TRK-0186,TRK-0186,ENGINEERING_TRACK,KRJ,ALJN,85.47,86.59,DN,"Track maintenance (GOOD TGI 81.3, USFD: OBS)",NONE,False,False,,0.0017,0.2,LOW,328,153,22.6,60kg 90UTS,4.0,114.5,63.0,61.6,91.1,89.0,81.27000000000001,GOOD,OBS,1.0,39.3,21.6,40.0,SAFE_RANGE,True,176.0,GOOD,130.0,A,85.0,False,0.0,0.0,297.0,,,,,,,,,,,,,,,,,,,,,,,,,,,,
TSK-OHE-0117,OHE-0117,TRACTION_DISTRIBUTION_OHE,FZD,ETW,253.03,254.45,UP,"OHE maintenance (Wire wear 54.6%, ATD: NORMAL)",NONE,True,False,,0.0043,0.4,LOW,258,159,22.5,,,,,,,,,,,,,21.6,,,,,,,,135.0,,,0.0,192.0,253/13,253/32,10.06,54.6,WORN,WORN,524.1,NORMAL,5554.0,55.0,CLEAN,4.0,TILTING,False,,,,,,,,,,,,,,
TSK-OHE-0293,OHE-0293,TRACTION_DISTRIBUTION_OHE,TDL,FZD,221.3,222.06,UP,"OHE maintenance (Wire wear 64.9%, ATD: NORMAL)",NONE,True,False,,0.0031,0.3,LOW,257,157,22.5,,,,,,,,,,,,,26.0,,,,,,,,162.0,,,0.0,188.0,221/6,221/29,9.65,64.9,WORN,GOOD,574.8,NORMAL,5525.0,-92.0,CLEAN,3.0,TILTING,False,,,,,,,,,,,,,,
TSK-TRK-0189,TRK-0189,ENGINEERING_TRACK,ETW,PHD,311.25,312.87,DN,"Track maintenance (GOOD TGI 96.6, USFD: CLEAR)",NONE,False,False,,0.0013,0.1,LOW,329,154,22.5,60kg 90UTS,2.0,30.4,93.3,87.2,91.9,100.0,96.57,GOOD,CLEAR,0.0,43.7,32.8,40.0,SAFE_RANGE,True,176.9,FOULED,160.0,A,150.0,False,0.0,0.0,338.0,,,,,,,,,,,,,,,,,,,,,,,,,,,,
TSK-OHE-0077,OHE-0077,TRACTION_DISTRIBUTION_OHE,FZD,ETW,267.51,268.54,DN,"OHE maintenance (Wire wear 58.1%, ATD: NORMAL)",NONE,True,False,,0.0106,1.1,LOW,261,157,22.5,,,,,,,,,,,,,24.8,,,,,,,,257.0,,,0.0,268.0,267/7,267/24,9.92,58.1,WORN,GOOD,436.7,NORMAL,5576.0,-83.0,CLEAN,0.0,STABLE,False,,,,,,,,,,,,,,
TSK-TRK-0614,TRK-0614,ENGINEERING_TRACK,DER,KRJ,59.13,60.66,UP,"Track maintenance (GOOD TGI 86.2, USFD: CLEAR)",NONE,False,False,,0.0023,0.2,LOW,329,151,22.5,52kg 72UTS,1.0,17.4,89.8,81.0,87.9,85.5,86.15,GOOD,CLEAR,0.0,43.2,25.2,40.0,SAFE_RANGE,True,12.0,GOOD,130.0,A,190.0,False,0.0,0.0,331.0,,,,,,,,,,,,,,,,,,,,,,,,,,,,
TSK-TRK-0498,TRK-0498,ENGINEERING_TRACK,TDL,FZD,211.94,213.02,DN,"Track maintenance (GOOD TGI 92.3, USFD: CLEAR)",NONE,False,False,,0.0012,0.1,LOW,329,154,22.5,52kg 72UTS,5.0,91.4,78.4,72.4,93.6,100.0,92.28,GOOD,CLEAR,0.0,37.2,23.9,40.0,SAFE_RANGE,True,174.4,GOOD,160.0,A,143.0,False,0.0,0.0,339.0,,,,,,,,,,,,,,,,,,,,,,,,,,,,
TSK-SIG-0194,SIG-0194,SIGNAL_AND_TELECOM,NDLS,NDLS,0.0,0.1,YARD,"Signal maintenance (POINT_MACHINE at NDLS, Tier: MEDIUM)",NONE,False,False,,0.0106,1.1,LOW,263,150,22.4,,,,,,,,,,,,,,,,,,,,,88.0,,,0.0,252.0,,,,,,,,,,,,,,,POINT_MACHINE,NDLS,0.0,5.47,2.19,16.5,12196.0,0.0,5.0,8.0,0.0,76.7,61.0,68.77
TSK-TRK-0823,TRK-0823,ENGINEERING_TRACK,DER,KRJ,40.59,41.22,UP,"Track maintenance (AVERAGE TGI 79.3, USFD: OBS)",NONE,False,False,,0.0016,0.2,LOW,331,152,22.4,60kg 90UTS,9.0,146.6,76.1,79.1,62.4,83.2,79.29,AVERAGE,OBS,1.0,30.7,18.8,40.0,SAFE_RANGE,True,87.3,GOOD,130.0,A,56.0,False,0.0,0.0,302.0,,,,,,,,,,,,,,,,,,,,,,,,,,,,
TSK-TRK-0485,TRK-0485,ENGINEERING_TRACK,KRJ,ALJN,127.6,129.49,DN,"Track maintenance (GOOD TGI 90.5, USFD: CLEAR)",NONE,False,False,,0.0014,0.1,LOW,330,154,22.4,52kg 72UTS,1.0,21.9,79.4,66.4,80.2,100.0,90.54,GOOD,CLEAR,0.0,51.3,38.9,40.0,SAFE_RANGE,True,84.8,GOOD,130.0,A,174.0,False,0.0,0.0,334.0,,,,,,,,,,,,,,,,,,,,,,,,,,,,
TSK-TRK-0657,TRK-0657,ENGINEERING_TRACK,PHD,CNB,387.73,389.65,DN,"Track maintenance (AVERAGE TGI 67.8, USFD: CLEAR)",TAMPING,True,False,,0.0056,0.6,LOW,333,186,22.4,60kg 90UTS,18.0,422.6,67.6,70.7,69.2,67.1,67.77,AVERAGE,CLEAR,0.0,53.5,35.8,40.0,SAFE_RANGE,True,158.3,GOOD,130.0,A,79.0,False,0.0,0.0,351.0,,,,,,,,,,,,,,,,,,,,,,,,,,,,
TSK-OHE-0280,OHE-0280,TRACTION_DISTRIBUTION_OHE,ETW,PHD,321.7,322.59,DN,"OHE maintenance (Wire wear 60.7%, ATD: NORMAL)",NONE,True,False,,0.0101,1.0,LOW,264,158,22.3,,,,,,,,,,,,,34.5,,,,,,,,361.0,,,0.0,253.0,321/6,321/21,9.82,60.7,WORN,GOOD,488.7,NORMAL,5552.0,-67.0,CLEAN,0.0,STABLE,False,,,,,,,,,,,,,,
TSK-TRK-0526,TRK-0526,ENGINEERING_TRACK,ETW,PHD,349.91,350.56,DN,"Track maintenance (GOOD TGI 82.4, USFD: CLEAR)",NONE,False,False,,0.002,0.2,LOW,333,151,22.3,60kg 90UTS,1.0,26.6,86.5,85.7,92.5,78.8,82.4,GOOD,CLEAR,0.0,43.2,26.1,40.0,SAFE_RANGE,True,57.8,GOOD,160.0,A,103.0,False,0.0,0.0,346.0,,,,,,,,,,,,,,,,,,,,,,,,,,,,
TSK-OHE-0249,OHE-0249,TRACTION_DISTRIBUTION_OHE,ETW,PHD,309.53,310.41,UP,"OHE maintenance (Wire wear 40.4%, ATD: NORMAL)",NONE,True,False,,0.0036,0.4,LOW,260,153,22.3,,,,,,,,,,,,,30.5,,,,,,,,196.0,,,0.0,278.0,309/6,309/21,10.63,40.4,WORN,WORN,577.0,NORMAL,5445.0,65.0,CLEAN,2.0,STABLE,False,,,,,,,,,,,,,,
TSK-OHE-0302,OHE-0302,TRACTION_DISTRIBUTION_OHE,GZB,DER,25.85,26.74,DN,"OHE maintenance (Wire wear 57.6%, ATD: NORMAL)",NONE,True,False,,0.0052,0.5,LOW,261,157,22.3,,,,,,,,,,,,,42.0,,,,,,,,329.0,,,0.0,257.0,25/8,25/29,9.94,57.6,WORN,GOOD,642.7,NORMAL,5544.0,-18.0,CLEAN,2.0,STABLE,False,,,,,,,,,,,,,,
TSK-OHE-0297,OHE-0297,TRACTION_DISTRIBUTION_OHE,FZD,ETW,271.24,272.26,DN,"OHE maintenance (Wire wear 56.6%, ATD: NORMAL)",NONE,True,False,,0.0051,0.5,LOW,263,157,22.2,,,,,,,,,,,,,28.9,,,,,,,,289.0,,,0.0,264.0,271/13,271/21,9.98,56.6,WORN,WORN,484.4,NORMAL,5547.0,106.0,CLEAN,2.0,SETTLEMENT,False,,,,,,,,,,,,,,
TSK-OHE-0535,OHE-0535,TRACTION_DISTRIBUTION_OHE,TDL,FZD,212.19,213.33,DN,"OHE maintenance (Wire wear 58.4%, ATD: NORMAL)",NONE,True,False,,0.0084,0.8,LOW,264,159,22.2,,,,,,,,,,,,,25.5,,,,,,,,364.0,,,0.0,252.0,212/3,212/24,9.91,58.4,WORN,GOOD,405.3,NORMAL,5601.0,-54.0,CLEAN,3.0,STABLE,False,,,,,,,,,,,,,,
TSK-TRK-0193,TRK-0193,ENGINEERING_TRACK,KRJ,ALJN,104.0,104.9,DN,"Track maintenance (AVERAGE TGI 70.5, USFD: CLEAR)",TAMPING,True,False,,0.0021,0.2,LOW,336,178,22.1,60kg 90UTS,10.0,266.5,68.0,83.4,68.5,69.6,70.55,AVERAGE,CLEAR,0.0,45.0,32.9,40.0,SAFE_RANGE,True,64.7,GOOD,130.0,A,125.0,False,0.0,0.0,343.0,,,,,,,,,,,,,,,,,,,,,,,,,,,,
TSK-OHE-0439,OHE-0439,TRACTION_DISTRIBUTION_OHE,PHD,CNB,367.76,368.69,DN,"OHE maintenance (Wire wear 51.6%, ATD: NORMAL)",NONE,True,False,,0.0076,0.8,LOW,265,156,22.1,,,,,,,,,,,,,36.4,,,,,,,,272.0,,,0.0,266.0,367/4,367/24,10.18,51.6,WORN,GOOD,469.8,NORMAL,5565.0,99.0,CLEAN,1.0,STABLE,False,,,,,,,,,,,,,,
TSK-TRK-0171,TRK-0171,ENGINEERING_TRACK,DER,KRJ,59.42,60.69,DN,"Track maintenance (AVERAGE TGI 66.6, USFD: CLEAR)",TAMPING,True,False,,0.0021,0.2,LOW,336,185,22.1,60kg 90UTS,10.0,249.5,79.4,84.1,80.6,57.1,66.61,AVERAGE,CLEAR,0.0,33.4,20.3,40.0,SAFE_RANGE,True,82.3,GOOD,130.0,A,128.0,False,0.0,0.0,342.0,,,,,,,,,,,,,,,,,,,,,,,,,,,,
TSK-TRK-0284,TRK-0284,ENGINEERING_TRACK,KRJ,ALJN,107.9,108.76,DN,"Track maintenance (GOOD TGI 81.2, USFD: CLEAR)",NONE,False,False,,0.0021,0.2,LOW,336,150,22.1,60kg 90UTS,2.0,68.9,75.7,83.5,90.4,81.2,81.25,GOOD,CLEAR,0.0,33.9,21.7,40.0,SAFE_RANGE,True,7.9,GOOD,130.0,A,123.0,False,0.0,0.0,343.0,,,,,,,,,,,,,,,,,,,,,,,,,,,,
TSK-TRK-0810,TRK-0810,ENGINEERING_TRACK,GZB,DER,35.46,36.5,DN,"Track maintenance (GOOD TGI 80.6, USFD: OBS)",NONE,False,False,,0.0018,0.2,LOW,335,152,22.1,52kg 72UTS,6.0,146.5,76.3,80.2,70.2,83.8,80.58,GOOD,OBS,1.0,43.9,29.0,40.0,SAFE_RANGE,True,78.0,GOOD,130.0,A,84.0,False,0.0,0.0,297.0,,,,,,,,,,,,,,,,,,,,,,,,,,,,
TSK-TRK-0807,TRK-0807,ENGINEERING_TRACK,FZD,ETW,264.59,265.37,UP,"Track maintenance (AVERAGE TGI 79.0, USFD: CLEAR)",NONE,False,False,,0.0013,0.1,LOW,336,153,22.0,60kg 90UTS,3.0,97.2,100.0,59.3,89.2,73.6,79.00999999999999,AVERAGE,CLEAR,0.0,31.3,19.8,40.0,SAFE_RANGE,True,114.2,FOULED,160.0,A,77.0,False,0.0,0.0,351.0,,,,,,,,,,,,,,,,,,,,,,,,,,,,
TSK-TRK-0687,TRK-0687,ENGINEERING_TRACK,DER,KRJ,78.88,80.17,UP,"Track maintenance (AVERAGE TGI 74.5, USFD: CLEAR)",TAMPING,True,False,,0.0023,0.2,LOW,337,181,22.0,60kg 90UTS,10.0,243.6,82.5,69.4,83.2,71.2,74.48,AVERAGE,CLEAR,0.0,36.5,20.1,40.0,SAFE_RANGE,True,54.1,GOOD,130.0,A,70.0,False,0.0,0.0,352.0,,,,,,,,,,,,,,,,,,,,,,,,,,,,
TSK-OHE-0175,OHE-0175,TRACTION_DISTRIBUTION_OHE,KRJ,ALJN,126.73,127.75,DN,"OHE maintenance (Wire wear 54.4%, ATD: NORMAL)",NONE,True,False,,0.0028,0.3,LOW,264,158,22.0,,,,,,,,,,,,,27.0,,,,,,,,163.0,,,0.0,245.0,126/4,126/32,10.07,54.4,WORN,GOOD,379.3,NORMAL,5456.0,-46.0,POLLUTED,4.0,STABLE,False,,,,,,,,,,,,,,
TSK-TRK-0673,TRK-0673,ENGINEERING_TRACK,DER,KRJ,48.71,49.97,DN,"Track maintenance (AVERAGE TGI 67.9, USFD: OBS)",TAMPING,True,False,,0.0034,0.3,LOW,338,184,22.0,60kg 90UTS,15.0,264.6,51.5,75.4,72.9,71.3,67.91,AVERAGE,OBS,1.0,40.5,26.3,40.0,SAFE_RANGE,True,25.5,GOOD,130.0,A,64.0,False,0.0,0.0,301.0,,,,,,,,,,,,,,,,,,,,,,,,,,,,
TSK-TRK-0277,TRK-0277,ENGINEERING_TRACK,NDLS,GZB,11.99,13.34,DN,"Track maintenance (AVERAGE TGI 74.8, USFD: CLEAR)",TAMPING,True,False,,0.0017,0.2,LOW,337,179,22.0,60kg 90UTS,6.0,120.6,65.5,81.4,82.7,75.5,74.81,AVERAGE,CLEAR,0.0,35.3,20.7,40.0,SAFE_RANGE,True,130.1,FOULED,130.0,A,121.0,False,0.0,0.0,343.0,,,,,,,,,,,,,,,,,,,,,,,,,,,,
TSK-TRK-0290,TRK-0290,ENGINEERING_TRACK,FZD,ETW,264.0,265.52,DN,"Track maintenance (GOOD TGI 89.9, USFD: CLEAR)",NONE,False,False,,0.0016,0.2,LOW,336,153,22.0,60kg 90UTS,6.0,93.7,81.7,91.1,100.0,90.7,89.87,GOOD,CLEAR,0.0,42.1,28.5,40.0,SAFE_RANGE,True,134.7,FOULED,160.0,A,132.0,False,0.0,0.0,341.0,,,,,,,,,,,,,,,,,,,,,,,,,,,,
TSK-OHE-0490,OHE-0490,TRACTION_DISTRIBUTION_OHE,KRJ,ALJN,119.74,121.02,DN,"OHE maintenance (Wire wear 60.2%, ATD: NORMAL)",NONE,True,False,,0.0072,0.7,LOW,266,157,22.0,,,,,,,,,,,,,20.0,,,,,,,,274.0,,,0.0,266.0,119/9,119/27,9.84,60.2,WORN,GOOD,422.2,NORMAL,5493.0,11.0,CLEAN,1.0,STABLE,False,,,,,,,,,,,,,,
TSK-TRK-0839,TRK-0839,ENGINEERING_TRACK,KRJ,ALJN,106.27,107.83,DN,"Track maintenance (GOOD TGI 82.1, USFD: CLEAR)",NONE,False,False,,0.0017,0.2,LOW,336,152,22.0,60kg 90UTS,2.0,69.2,74.9,81.1,79.9,85.0,82.08,GOOD,CLEAR,0.0,43.3,26.7,40.0,SAFE_RANGE,True,37.9,GOOD,130.0,A,120.0,False,0.0,0.0,344.0,,,,,,,,,,,,,,,,,,,,,,,,,,,,
TSK-TRK-0846,TRK-0846,ENGINEERING_TRACK,GZB,DER,33.56,35.36,DN,"Track maintenance (AVERAGE TGI 73.9, USFD: OBS)",MANUAL,False,False,,0.0031,0.3,LOW,337,174,22.0,60kg 90UTS,9.0,248.8,89.3,62.2,72.8,70.9,73.9,AVERAGE,OBS,1.0,39.7,29.6,40.0,SAFE_RANGE,True,21.0,GOOD,130.0,A,67.0,False,0.0,0.0,300.0,,,,,,,,,,,,,,,,,,,,,,,,,,,,
TSK-TRK-0378,TRK-0378,ENGINEERING_TRACK,FZD,ETW,229.01,229.93,DN,"Track maintenance (GOOD TGI 80.8, USFD: CLEAR)",NONE,False,False,,0.0014,0.1,LOW,336,153,22.0,60kg 90UTS,5.0,91.1,80.7,100.0,87.6,76.5,80.8,GOOD,CLEAR,0.0,50.0,40.0,40.0,SAFE_RANGE,True,83.9,GOOD,160.0,A,84.0,False,0.0,0.0,350.0,,,,,,,,,,,,,,,,,,,,,,,,,,,,
TSK-TRK-0393,TRK-0393,ENGINEERING_TRACK,ETW,PHD,336.46,337.07,UP,"Track maintenance (GOOD TGI 83.8, USFD: CLEAR)",NONE,False,False,,0.0018,0.2,LOW,337,150,22.0,60kg 90UTS,9.0,152.7,67.5,79.1,84.8,89.9,83.83000000000001,GOOD,CLEAR,0.0,50.8,36.9,40.0,SAFE_RANGE,True,59.6,GOOD,160.0,A,70.0,False,0.0,0.0,352.0,,,,,,,,,,,,,,,,,,,,,,,,,,,,
TSK-TRK-0509,TRK-0509,ENGINEERING_TRACK,FZD,ETW,258.7,260.1,UP,"Track maintenance (AVERAGE TGI 65.9, USFD: CLEAR)",TAMPING,True,False,,0.0014,0.1,LOW,337,185,22.0,60kg 90UTS,8.0,261.1,65.6,79.5,68.6,63.3,65.91,AVERAGE,CLEAR,0.0,40.2,25.2,40.0,SAFE_RANGE,True,147.6,FOULED,160.0,A,111.0,False,0.0,0.0,345.0,,,,,,,,,,,,,,,,,,,,,,,,,,,,
TSK-TRK-0471,TRK-0471,ENGINEERING_TRACK,TDL,FZD,219.79,221.34,DN,"Track maintenance (GOOD TGI 83.1, USFD: OBS)",NONE,False,False,,0.0016,0.2,LOW,336,152,22.0,52kg 72UTS,4.0,73.3,62.8,86.8,77.6,90.2,83.12,GOOD,OBS,1.0,35.9,22.7,40.0,SAFE_RANGE,True,60.8,GOOD,160.0,A,85.0,False,0.0,0.0,297.0,,,,,,,,,,,,,,,,,,,,,,,,,,,,
TSK-TRK-0210,TRK-0210,ENGINEERING_TRACK,TDL,FZD,213.85,215.71,UP,"Track maintenance (AVERAGE TGI 65.8, USFD: CLEAR)",TAMPING,True,False,,0.0018,0.2,LOW,336,186,22.0,60kg 90UTS,7.0,239.7,69.3,65.3,79.7,62.4,65.8,AVERAGE,CLEAR,0.0,39.1,21.1,40.0,SAFE_RANGE,True,86.2,GOOD,160.0,A,129.0,False,0.0,0.0,342.0,,,,,,,,,,,,,,,,,,,,,,,,,,,,
TSK-TRK-0157,TRK-0157,ENGINEERING_TRACK,GZB,DER,27.88,28.77,DN,"Track maintenance (AVERAGE TGI 74.5, USFD: CLEAR)",TAMPING,True,False,,0.0022,0.2,LOW,337,180,22.0,60kg 90UTS,7.0,244.5,86.0,76.9,76.0,70.1,74.55,AVERAGE,CLEAR,0.0,42.7,25.4,40.0,SAFE_RANGE,True,88.4,GOOD,130.0,A,67.0,False,0.0,0.0,353.0,,,,,,,,,,,,,,,,,,,,,,,,,,,,
TSK-TRK-0356,TRK-0356,ENGINEERING_TRACK,GZB,DER,26.46,28.05,UP,"Track maintenance (GOOD TGI 80.3, USFD: CLEAR)",NONE,False,False,,0.0017,0.2,LOW,337,154,22.0,60kg 90UTS,4.0,93.3,89.9,100.0,85.1,73.1,80.35,GOOD,CLEAR,0.0,49.8,33.4,40.0,SAFE_RANGE,True,122.1,FOULED,130.0,A,97.0,False,0.0,0.0,348.0,,,,,,,,,,,,,,,,,,,,,,,,,,,,
TSK-TRK-0324,TRK-0324,ENGINEERING_TRACK,ALJN,TDL,200.07,200.6,DN,"Track maintenance (AVERAGE TGI 70.9, USFD: CLEAR)",TAMPING,True,False,,0.0019,0.2,LOW,337,174,22.0,60kg 90UTS,10.0,206.1,63.8,67.0,91.3,70.5,70.89,AVERAGE,CLEAR,0.0,46.4,30.8,40.0,SAFE_RANGE,True,17.7,GOOD,160.0,A,121.0,False,0.0,0.0,343.0,,,,,,,,,,,,,,,,,,,,,,,,,,,,
TSK-TRK-0819,TRK-0819,ENGINEERING_TRACK,ALJN,TDL,187.51,189.14,UP,"Track maintenance (AVERAGE TGI 75.3, USFD: OBS)",NONE,False,False,,0.0011,0.1,LOW,338,158,21.9,60kg 90UTS,4.0,110.9,71.3,78.2,75.2,76.2,75.32000000000001,AVERAGE,OBS,1.0,51.0,38.2,40.0,SAFE_RANGE,True,25.7,GOOD,160.0,A,112.0,False,0.0,0.0,292.0,,,,,,,,,,,,,,,,,,,,,,,,,,,,
TSK-TRK-0018,TRK-0018,ENGINEERING_TRACK,TDL,FZD,210.13,210.99,DN,"Track maintenance (AVERAGE TGI 78.3, USFD: CLEAR)",NONE,False,False,,0.0017,0.2,LOW,338,154,21.9,60kg 90UTS,7.0,180.5,73.6,100.0,77.9,76.4,78.35,AVERAGE,CLEAR,0.0,53.9,36.8,40.0,SAFE_RANGE,True,103.7,FOULED,160.0,A,129.0,False,0.0,0.0,342.0,,,,,,,,,,,,,,,,,,,,,,,,,,,,
TSK-OHE-0166,OHE-0166,TRACTION_DISTRIBUTION_OHE,PHD,CNB,393.13,394.58,DN,"OHE maintenance (Wire wear 22.1%, ATD: NORMAL)",NONE,True,False,,0.007,0.7,LOW,268,151,21.9,,,,,,,,,,,,,34.1,,,,,,,,62.0,,,0.0,260.0,393/11,393/29,11.36,22.1,GOOD,GOOD,616.3,NORMAL,5573.0,44.0,FLASHOVER_RISK,11.0,STABLE,False,,,,,,,,,,,,,,
TSK-TRK-0374,TRK-0374,ENGINEERING_TRACK,NDLS,GZB,16.57,17.51,UP,"Track maintenance (AVERAGE TGI 65.4, USFD: CLEAR)",TAMPING,True,False,,0.0025,0.3,LOW,338,186,21.9,60kg 90UTS,12.0,375.4,55.0,78.7,58.0,67.9,65.41,AVERAGE,CLEAR,0.0,37.6,20.7,40.0,SAFE_RANGE,True,133.1,FOULED,130.0,A,119.0,False,0.0,0.0,344.0,,,,,,,,,,,,,,,,,,,,,,,,,,,,
TSK-TRK-0767,TRK-0767,ENGINEERING_TRACK,TDL,FZD,214.09,215.23,UP,"Track maintenance (AVERAGE TGI 74.8, USFD: CLEAR)",MANUAL,False,False,,0.0015,0.2,LOW,338,161,21.9,60kg 90UTS,2.0,60.5,88.5,99.7,80.6,65.2,74.85,AVERAGE,CLEAR,0.0,50.1,33.3,40.0,SAFE_RANGE,True,53.0,GOOD,160.0,A,81.0,False,0.0,0.0,350.0,,,,,,,,,,,,,,,,,,,,,,,,,,,,
TSK-TRK-0437,TRK-0437,ENGINEERING_TRACK,GZB,DER,29.95,30.95,DN,"Track maintenance (AVERAGE TGI 65.8, USFD: CLEAR)",TAMPING,True,False,,0.0033,0.3,LOW,339,186,21.9,52kg 72UTS,12.0,314.5,57.6,66.4,83.9,65.4,65.79,AVERAGE,CLEAR,0.0,54.3,42.2,40.0,SAFE_RANGE,True,3.6,GOOD,130.0,A,67.0,False,0.0,0.0,353.0,,,,,,,,,,,,,,,,,,,,,,,,,,,,
TSK-TRK-0584,TRK-0584,ENGINEERING_TRACK,KRJ,ALJN,86.46,87.84,UP,"Track maintenance (AVERAGE TGI 69.1, USFD: CLEAR)",MANUAL,False,False,,0.0018,0.2,LOW,338,180,21.9,60kg 90UTS,14.0,250.6,62.9,82.8,84.6,66.3,69.1,AVERAGE,CLEAR,0.0,55.7,42.1,40.0,MODERATE_HEAT_EXPANSION,True,69.7,GOOD,130.0,A,74.0,False,0.0,0.0,352.0,,,,,,,,,,,,,,,,,,,,,,,,,,,,
TSK-TRK-0209,TRK-0209,ENGINEERING_TRACK,FZD,ETW,275.85,277.25,UP,"Track maintenance (AVERAGE TGI 77.8, USFD: CLEAR)",NONE,False,False,,0.0011,0.1,LOW,338,155,21.9,52kg 72UTS,7.0,217.7,92.1,68.2,83.2,73.8,77.83999999999999,AVERAGE,CLEAR,0.0,48.7,33.3,40.0,SAFE_RANGE,True,39.1,GOOD,160.0,A,111.0,False,0.0,0.0,345.0,,,,,,,,,,,,,,,,,,,,,,,,,,,,
TSK-TRK-0604,TRK-0604,ENGINEERING_TRACK,TDL,FZD,211.37,212.54,UP,"Track maintenance (AVERAGE TGI 67.6, USFD: CLEAR)",TAMPING,True,False,,0.0031,0.3,LOW,339,184,21.9,52kg 72UTS,18.0,378.6,62.6,74.2,59.4,69.5,67.58,AVERAGE,CLEAR,0.0,55.1,41.9,40.0,MODERATE_HEAT_EXPANSION,True,89.9,GOOD,160.0,A,79.0,False,0.0,0.0,351.0,,,,,,,,,,,,,,,,,,,,,,,,,,,,
TSK-SIG-0049,SIG-0049,SIGNAL_AND_TELECOM,ETW,ETW,300.43,300.53,YARD,"Signal maintenance (POINT_MACHINE at ETW, Tier: LOW)",NONE,False,False,,0.0391,3.9,LOW,284,150,21.9,,,,,,,,,,,,,,,,,,,,,350.0,,,0.0,299.0,,,,,,,,,,,,,,,POINT_MACHINE,ETW,300.43,4.85,2.03,14.8,1494.0,0.0,5.0,8.0,0.0,79.4,291.0,81.84
TSK-TRK-0398,TRK-0398,ENGINEERING_TRACK,FZD,ETW,282.92,283.74,UP,"Track maintenance (AVERAGE TGI 68.1, USFD: CLEAR)",TAMPING,True,False,,0.0027,0.3,LOW,339,184,21.9,60kg 90UTS,18.0,363.8,51.7,80.2,72.9,70.8,68.13,AVERAGE,CLEAR,0.0,55.5,41.2,40.0,MODERATE_HEAT_EXPANSION,True,117.7,FOULED,160.0,A,81.0,False,0.0,0.0,350.0,,,,,,,,,,,,,,,,,,,,,,,,,,,,
TSK-TRK-0574,TRK-0574,ENGINEERING_TRACK,TDL,FZD,221.98,223.95,DN,"Track maintenance (AVERAGE TGI 67.2, USFD: CLEAR)",TAMPING,True,False,,0.0021,0.2,LOW,338,183,21.9,52kg 72UTS,11.0,191.6,75.0,84.5,68.8,61.5,67.22999999999999,AVERAGE,CLEAR,0.0,50.2,35.8,40.0,SAFE_RANGE,True,57.9,GOOD,160.0,A,114.0,False,0.0,0.0,345.0,,,,,,,,,,,,,,,,,,,,,,,,,,,,
TSK-TRK-0302,TRK-0302,ENGINEERING_TRACK,KRJ,ALJN,120.9,121.91,UP,"Track maintenance (AVERAGE TGI 77.7, USFD: CLEAR)",NONE,False,False,,0.0024,0.2,LOW,339,154,21.9,60kg 90UTS,11.0,178.1,87.7,76.8,78.2,74.4,77.67999999999999,AVERAGE,CLEAR,0.0,37.4,21.8,40.0,SAFE_RANGE,True,25.5,GOOD,130.0,A,61.0,False,0.0,0.0,354.0,,,,,,,,,,,,,,,,,,,,,,,,,,,,
TSK-TRK-0318,TRK-0318,ENGINEERING_TRACK,PHD,CNB,422.64,424.16,UP,"Track maintenance (AVERAGE TGI 70.0, USFD: CLEAR)",MANUAL,False,False,,0.0025,0.2,LOW,338,165,21.9,60kg 90UTS,4.0,135.9,70.5,77.8,82.4,66.5,70.02000000000001,AVERAGE,CLEAR,0.0,47.3,29.7,40.0,SAFE_RANGE,True,30.1,GOOD,130.0,A,113.0,False,0.0,0.0,345.0,,,,,,,,,,,,,,,,,,,,,,,,,,,,
TSK-TRK-0606,TRK-0606,ENGINEERING_TRACK,ETW,PHD,319.63,320.3,DN,"Track maintenance (AVERAGE TGI 79.3, USFD: CLEAR)",NONE,False,False,,0.0021,0.2,LOW,339,151,21.9,60kg 90UTS,2.0,35.6,66.5,88.7,95.4,79.4,79.35,AVERAGE,CLEAR,0.0,44.8,32.3,40.0,SAFE_RANGE,True,72.3,GOOD,160.0,A,117.0,False,0.0,0.0,344.0,,,,,,,,,,,,,,,,,,,,,,,,,,,,
TSK-TRK-0190,TRK-0190,ENGINEERING_TRACK,ETW,PHD,355.4,356.71,DN,"Track maintenance (AVERAGE TGI 78.5, USFD: CLEAR)",NONE,False,False,,0.0018,0.2,LOW,338,155,21.9,60kg 90UTS,5.0,160.1,91.1,82.1,75.0,74.2,78.45,AVERAGE,CLEAR,0.0,41.7,30.2,40.0,SAFE_RANGE,True,20.3,GOOD,160.0,A,88.0,False,0.0,0.0,349.0,,,,,,,,,,,,,,,,,,,,,,,,,,,,
TSK-TRK-0619,TRK-0619,ENGINEERING_TRACK,NDLS,GZB,3.29,4.21,DN,"Track maintenance (AVERAGE TGI 65.2, USFD: CLEAR)",TAMPING,True,False,,0.0019,0.2,LOW,338,185,21.9,60kg 90UTS,14.0,305.3,61.8,69.6,73.4,64.2,65.18,AVERAGE,CLEAR,0.0,52.5,41.7,40.0,SAFE_RANGE,True,27.8,GOOD,130.0,A,118.0,False,0.0,0.0,344.0,,,,,,,,,,,,,,,,,,,,,,,,,,,,
TSK-TRK-0799,TRK-0799,ENGINEERING_TRACK,GZB,DER,27.56,28.22,DN,"Track maintenance (AVERAGE TGI 77.4, USFD: CLEAR)",NONE,False,False,,0.0024,0.2,LOW,339,153,21.9,60kg 90UTS,6.0,91.8,83.6,64.7,80.3,77.0,77.42,AVERAGE,CLEAR,0.0,45.1,35.0,40.0,SAFE_RANGE,True,38.3,GOOD,130.0,A,117.0,False,0.0,0.0,344.0,,,,,,,,,,,,,,,,,,,,,,,,,,,,
TSK-TRK-0454,TRK-0454,ENGINEERING_TRACK,NDLS,GZB,6.4,7.49,DN,"Track maintenance (AVERAGE TGI 79.4, USFD: CLEAR)",NONE,False,False,,0.0023,0.2,LOW,339,153,21.9,60kg 90UTS,6.0,113.1,79.4,85.3,79.3,78.4,79.38000000000001,AVERAGE,CLEAR,0.0,56.4,39.9,40.0,MODERATE_HEAT_EXPANSION,True,149.1,FOULED,130.0,A,67.0,False,0.0,0.0,353.0,,,,,,,,,,,,,,,,,,,,,,,,,,,,
TSK-TRK-0781,TRK-0781,ENGINEERING_TRACK,DER,KRJ,80.98,82.97,DN,"Track maintenance (AVERAGE TGI 69.4, USFD: CLEAR)",TAMPING,True,False,,0.0025,0.3,LOW,339,187,21.9,60kg 90UTS,13.0,248.1,75.7,72.9,81.6,64.7,69.41,AVERAGE,CLEAR,0.0,42.5,28.2,40.0,SAFE_RANGE,True,33.9,GOOD,130.0,A,60.0,False,0.0,0.0,354.0,,,,,,,,,,,,,,,,,,,,,,,,,,,,
TSK-TRK-0515,TRK-0515,ENGINEERING_TRACK,ETW,PHD,329.58,331.03,DN,"Track maintenance (AVERAGE TGI 75.8, USFD: CLEAR)",NONE,False,False,,0.002,0.2,LOW,339,156,21.9,60kg 90UTS,6.0,196.0,72.5,81.4,67.8,77.3,75.8,AVERAGE,CLEAR,0.0,36.4,24.1,40.0,SAFE_RANGE,True,34.8,GOOD,160.0,A,65.0,False,0.0,0.0,353.0,,,,,,,,,,,,,,,,,,,,,,,,,,,,
TSK-TRK-0456,TRK-0456,ENGINEERING_TRACK,KRJ,ALJN,105.22,106.74,DN,"Track maintenance (AVERAGE TGI 69.8, USFD: CLEAR)",TAMPING,True,False,,0.002,0.2,LOW,339,181,21.9,60kg 90UTS,11.0,199.9,73.5,80.2,76.6,65.7,69.8,AVERAGE,CLEAR,0.0,52.9,36.9,40.0,SAFE_RANGE,True,98.9,GOOD,130.0,A,67.0,False,0.0,0.0,353.0,,,,,,,,,,,,,,,,,,,,,,,,,,,,
TSK-TRK-0155,TRK-0155,ENGINEERING_TRACK,KRJ,ALJN,119.59,120.64,DN,"Track maintenance (AVERAGE TGI 75.3, USFD: OBS)",NONE,False,False,,0.0028,0.3,LOW,338,156,21.9,60kg 90UTS,19.0,297.3,66.3,78.7,71.1,78.4,75.28,AVERAGE,OBS,2.0,53.3,35.7,40.0,SAFE_RANGE,True,67.0,GOOD,130.0,A,44.0,False,0.0,0.0,304.0,,,,,,,,,,,,,,,,,,,,,,,,,,,,
TSK-OHE-0235,OHE-0235,TRACTION_DISTRIBUTION_OHE,TDL,FZD,221.08,221.74,UP,"OHE maintenance (Wire wear 61.2%, ATD: NORMAL)",NONE,True,False,,0.0048,0.5,LOW,267,157,21.9,,,,,,,,,,,,,36.0,,,,,,,,309.0,,,0.0,261.0,221/6,221/16,9.8,61.2,WORN,GOOD,511.3,NORMAL,5613.0,-114.0,CLEAN,1.0,STABLE,False,,,,,,,,,,,,,,
TSK-OHE-0402,OHE-0402,TRACTION_DISTRIBUTION_OHE,KRJ,ALJN,116.61,117.99,DN,"OHE maintenance (Wire wear 55.1%, ATD: NORMAL)",NONE,True,False,,0.0035,0.4,LOW,268,157,21.8,,,,,,,,,,,,,27.8,,,,,,,,213.0,,,0.0,275.0,116/8,116/31,10.04,55.1,WORN,GOOD,471.6,NORMAL,5457.0,-24.0,CLEAN,4.0,STABLE,False,,,,,,,,,,,,,,
TSK-TRK-0005,TRK-0005,ENGINEERING_TRACK,ALJN,TDL,194.86,196.29,DN,"Track maintenance (AVERAGE TGI 71.4, USFD: CLEAR)",TAMPING,True,False,,0.0053,0.5,LOW,342,187,21.8,52kg 72UTS,19.0,358.1,55.1,62.4,64.3,79.5,71.39,AVERAGE,CLEAR,0.0,35.1,19.8,40.0,SAFE_RANGE,True,139.2,FOULED,160.0,A,45.0,False,0.0,0.0,357.0,,,,,,,,,,,,,,,,,,,,,,,,,,,,
TSK-TRK-0505,TRK-0505,ENGINEERING_TRACK,GZB,DER,26.0,27.56,DN,"Track maintenance (GOOD TGI 87.3, USFD: CLEAR)",NONE,False,False,,0.0019,0.2,LOW,340,152,21.8,60kg 90UTS,3.0,76.4,62.0,69.6,79.9,100.0,87.35,GOOD,CLEAR,0.0,44.3,28.0,40.0,SAFE_RANGE,True,92.1,GOOD,130.0,A,86.0,False,0.0,0.0,349.0,,,,,,,,,,,,,,,,,,,,,,,,,,,,
TSK-TRK-0733,TRK-0733,ENGINEERING_TRACK,ALJN,TDL,161.03,162.01,DN,"Track maintenance (AVERAGE TGI 67.0, USFD: CLEAR)",TAMPING,True,False,,0.0016,0.2,LOW,339,183,21.8,60kg 90UTS,11.0,221.7,76.9,80.0,73.9,60.3,66.95,AVERAGE,CLEAR,0.0,59.7,42.5,40.0,MODERATE_HEAT_EXPANSION,True,9.3,GOOD,160.0,A,127.0,False,0.0,0.0,342.0,,,,,,,,,,,,,,,,,,,,,,,,,,,,
TSK-TRK-0748,TRK-0748,ENGINEERING_TRACK,TDL,FZD,215.92,217.91,DN,"Track maintenance (AVERAGE TGI 76.4, USFD: CLEAR)",NONE,False,False,,0.0014,0.1,LOW,339,158,21.8,60kg 90UTS,4.0,114.4,85.5,72.3,79.9,73.5,76.42,AVERAGE,CLEAR,0.0,43.0,30.1,40.0,SAFE_RANGE,True,136.6,FOULED,160.0,A,119.0,False,0.0,0.0,344.0,,,,,,,,,,,,,,,,,,,,,,,,,,,,
TSK-TRK-0021,TRK-0021,ENGINEERING_TRACK,KRJ,ALJN,124.1,124.71,UP,"Track maintenance (GOOD TGI 84.7, USFD: CLEAR)",NONE,False,False,,0.002,0.2,LOW,340,148,21.8,60kg 90UTS,2.0,56.1,98.3,93.2,86.8,78.4,84.7,GOOD,CLEAR,0.0,42.2,32.1,40.0,SAFE_RANGE,True,16.8,GOOD,130.0,A,126.0,False,0.0,0.0,342.0,,,,,,,,,,,,,,,,,,,,,,,,,,,,
TSK-TRK-0250,TRK-0250,ENGINEERING_TRACK,FZD,ETW,278.55,279.72,UP,"Track maintenance (GOOD TGI 85.1, USFD: CLEAR)",NONE,False,False,,0.0023,0.2,LOW,340,151,21.8,60kg 90UTS,3.0,78.9,69.1,87.3,83.9,90.3,85.11999999999999,GOOD,CLEAR,0.0,50.5,38.7,40.0,SAFE_RANGE,True,5.9,GOOD,160.0,A,120.0,False,0.0,0.0,344.0,,,,,,,,,,,,,,,,,,,,,,,,,,,,
TSK-TRK-0283,TRK-0283,ENGINEERING_TRACK,NDLS,GZB,5.59,6.61,UP,"Track maintenance (AVERAGE TGI 74.2, USFD: OBS)",TAMPING,True,False,,0.0017,0.2,LOW,340,179,21.8,60kg 90UTS,11.0,165.3,83.6,93.7,70.5,68.5,74.24,AVERAGE,OBS,1.0,51.9,35.1,40.0,SAFE_RANGE,True,130.9,FOULED,130.0,A,58.0,False,0.0,0.0,302.0,,,,,,,,,,,,,,,,,,,,,,,,,,,,
TSK-TRK-0260,TRK-0260,ENGINEERING_TRACK,ETW,PHD,344.36,346.2,UP,"Track maintenance (GOOD TGI 83.6, USFD: CLEAR)",NONE,False,False,,0.0015,0.2,LOW,339,154,21.8,60kg 90UTS,2.0,34.0,91.6,80.6,93.3,79.8,83.58999999999999,GOOD,CLEAR,0.0,52.1,38.4,40.0,SAFE_RANGE,True,22.4,GOOD,160.0,A,85.0,False,0.0,0.0,350.0,,,,,,,,,,,,,,,,,,,,,,,,,,,,
TSK-TRK-0800,TRK-0800,ENGINEERING_TRACK,GZB,DER,32.24,33.16,DN,"Track maintenance (GOOD TGI 82.3, USFD: CLEAR)",NONE,False,False,,0.0017,0.2,LOW,340,152,21.8,60kg 90UTS,2.0,32.7,85.4,97.9,81.9,78.7,82.28,GOOD,CLEAR,0.0,36.1,23.7,40.0,SAFE_RANGE,True,107.8,FOULED,130.0,A,57.0,False,0.0,0.0,355.0,,,,,,,,,,,,,,,,,,,,,,,,,,,,
TSK-SIG-0181,SIG-0181,SIGNAL_AND_TELECOM,ALJN,ALJN,130.55,130.65,YARD,"Signal maintenance (POINT_MACHINE at ALJN, Tier: MEDIUM)",NONE,False,False,,0.0256,2.6,LOW,279,150,21.8,,,,,,,,,,,,,,,,,,,,,365.0,,,0.0,268.0,,,,,,,,,,,,,,,POINT_MACHINE,ALJN,130.55,5.26,2.14,12.5,13593.0,0.0,5.0,10.0,0.0,87.5,222.0,73.1
TSK-TRK-0585,TRK-0585,ENGINEERING_TRACK,ETW,PHD,340.59,342.04,DN,"Track maintenance (GOOD TGI 82.3, USFD: CLEAR)",NONE,False,False,,0.0018,0.2,LOW,339,152,21.8,52kg 72UTS,7.0,152.0,88.8,85.5,84.6,79.2,82.29,GOOD,CLEAR,0.0,33.3,18.8,40.0,SAFE_RANGE,True,50.5,GOOD,160.0,A,61.0,False,0.0,0.0,354.0,,,,,,,,,,,,,,,,,,,,,,,,,,,,
TSK-TRK-0242,TRK-0242,ENGINEERING_TRACK,ETW,PHD,340.71,341.89,UP,"Track maintenance (AVERAGE TGI 77.7, USFD: CLEAR)",NONE,False,False,,0.0018,0.2,LOW,339,153,21.8,60kg 90UTS,10.0,158.9,88.4,78.5,75.6,74.3,77.66999999999999,AVERAGE,CLEAR,0.0,46.7,36.5,40.0,SAFE_RANGE,True,61.8,GOOD,160.0,A,60.0,False,0.0,0.0,354.0,,,,,,,,,,,,,,,,,,,,,,,,,,,,
TSK-TRK-0623,TRK-0623,ENGINEERING_TRACK,NDLS,GZB,18.59,20.23,UP,"Track maintenance (AVERAGE TGI 76.1, USFD: CLEAR)",NONE,False,False,,0.0021,0.2,LOW,340,158,21.8,60kg 90UTS,7.0,120.1,88.5,79.4,75.4,71.6,76.13999999999999,AVERAGE,CLEAR,0.0,52.7,38.6,40.0,SAFE_RANGE,True,10.7,GOOD,130.0,A,65.0,False,0.0,0.0,353.0,,,,,,,,,,,,,,,,,,,,,,,,,,,,
TSK-OHE-0541,OHE-0541,TRACTION_DISTRIBUTION_OHE,ALJN,TDL,196.49,197.99,DN,"OHE maintenance (Wire wear 41.6%, ATD: NORMAL)",NONE,True,False,,0.0038,0.4,LOW,268,154,21.8,,,,,,,,,,,,,31.9,,,,,,,,135.0,,,0.0,287.0,196/14,196/16,10.58,41.6,WORN,GOOD,512.5,NORMAL,5577.0,67.0,CLEAN,0.0,STABLE,False,,,,,,,,,,,,,,
TSK-TRK-0030,TRK-0030,ENGINEERING_TRACK,PHD,CNB,397.06,398.92,UP,"Track maintenance (GOOD TGI 81.0, USFD: OBS)",NONE,False,False,,0.0017,0.2,LOW,340,155,21.8,60kg 90UTS,3.0,83.1,77.2,89.9,88.9,79.5,81.02000000000001,GOOD,OBS,1.0,50.0,39.6,40.0,SAFE_RANGE,True,60.0,GOOD,130.0,A,71.0,False,0.0,0.0,300.0,,,,,,,,,,,,,,,,,,,,,,,,,,,,
TSK-OHE-0215,OHE-0215,TRACTION_DISTRIBUTION_OHE,NDLS,GZB,13.85,14.62,UP,"OHE maintenance (Wire wear 51.1%, ATD: NORMAL)",NONE,True,False,,0.003,0.3,LOW,267,156,21.8,,,,,,,,,,,,,15.3,,,,,,,,166.0,,,0.0,244.0,13/12,13/19,10.2,51.1,WORN,GOOD,501.6,NORMAL,5684.0,67.0,POLLUTED,4.0,STABLE,False,,,,,,,,,,,,,,
TSK-TRK-0321,TRK-0321,ENGINEERING_TRACK,PHD,CNB,421.1,421.77,UP,"Track maintenance (GOOD TGI 82.5, USFD: CLEAR)",NONE,False,False,,0.0021,0.2,LOW,341,150,21.7,60kg 90UTS,5.0,131.7,80.6,79.9,87.7,82.7,82.5,GOOD,CLEAR,0.0,50.8,33.1,40.0,SAFE_RANGE,True,18.0,GOOD,130.0,A,59.0,False,0.0,0.0,354.0,,,,,,,,,,,,,,,,,,,,,,,,,,,,
TSK-OHE-0023,OHE-0023,TRACTION_DISTRIBUTION_OHE,GZB,DER,27.41,28.01,UP,"OHE maintenance (Wire wear 59.4%, ATD: NORMAL)",NONE,True,False,,0.0038,0.4,LOW,269,157,21.7,,,,,,,,,,,,,16.3,,,,,,,,135.0,,,0.0,249.0,27/10,27/22,9.87,59.4,WORN,WORN,420.6,NORMAL,5590.0,-22.0,POLLUTED,4.0,STABLE,False,,,,,,,,,,,,,,
TSK-TRK-0148,TRK-0148,ENGINEERING_TRACK,DER,KRJ,74.37,75.9,DN,"Track maintenance (AVERAGE TGI 71.5, USFD: CLEAR)",TAMPING,True,False,,0.0042,0.4,LOW,343,187,21.7,60kg 90UTS,21.0,391.6,58.0,77.6,61.7,76.6,71.49,AVERAGE,CLEAR,0.0,37.2,21.5,40.0,SAFE_RANGE,True,169.8,FOULED,130.0,A,23.0,False,0.0,0.0,360.0,,,,,,,,,,,,,,,,,,,,,,,,,,,,
TSK-OHE-0101,OHE-0101,TRACTION_DISTRIBUTION_OHE,PHD,CNB,436.43,437.4,UP,"OHE maintenance (Wire wear 52.1%, ATD: NORMAL)",NONE,True,False,,0.0039,0.4,LOW,269,157,21.7,,,,,,,,,,,,,31.5,,,,,,,,252.0,,,0.0,269.0,436/15,436/29,10.16,52.1,WORN,GOOD,604.3,NORMAL,5436.0,-145.0,CLEAN,4.0,STABLE,False,,,,,,,,,,,,,,
TSK-OHE-0176,OHE-0176,TRACTION_DISTRIBUTION_OHE,PHD,CNB,378.28,378.88,DN,"OHE maintenance (Wire wear 40.1%, ATD: NORMAL)",NONE,True,False,,0.0028,0.3,LOW,269,151,21.7,,,,,,,,,,,,,34.3,,,,,,,,216.0,,,0.0,275.0,378/4,378/17,10.64,40.1,WORN,GOOD,515.7,NORMAL,5525.0,-142.0,CLEAN,1.0,STABLE,False,,,,,,,,,,,,,,
TSK-OHE-0005,OHE-0005,TRACTION_DISTRIBUTION_OHE,ALJN,TDL,159.34,160.03,UP,"OHE maintenance (Wire wear 49.1%, ATD: NORMAL)",NONE,True,False,,0.0028,0.3,LOW,268,153,21.7,,,,,,,,,,,,,29.8,,,,,,,,162.0,,,0.0,245.0,159/9,159/19,10.28,49.1,WORN,WORN,639.9,NORMAL,5562.0,-35.0,POLLUTED,3.0,SETTLEMENT,False,,,,,,,,,,,,,,
TSK-TRK-0822,TRK-0822,ENGINEERING_TRACK,DER,KRJ,46.04,47.66,UP,"Track maintenance (AVERAGE TGI 66.4, USFD: CLEAR)",TAMPING,True,False,,0.0026,0.3,LOW,341,186,21.7,60kg 90UTS,9.0,311.9,62.5,84.6,70.3,64.0,66.39,AVERAGE,CLEAR,0.0,54.2,40.7,40.0,SAFE_RANGE,True,164.3,FOULED,130.0,A,60.0,False,0.0,0.0,354.0,,,,,,,,,,,,,,,,,,,,,,,,,,,,
TSK-TRK-0104,TRK-0104,ENGINEERING_TRACK,GZB,DER,32.29,33.75,UP,"Track maintenance (AVERAGE TGI 75.4, USFD: CLEAR)",NONE,False,False,,0.0021,0.2,LOW,343,155,21.6,60kg 90UTS,2.0,61.5,77.5,80.4,75.2,73.9,75.4,AVERAGE,CLEAR,0.0,35.3,24.3,40.0,SAFE_RANGE,True,101.6,FOULED,130.0,A,40.0,False,0.0,0.0,358.0,,,,,,,,,,,,,,,,,,,,,,,,,,,,
TSK-OHE-0213,OHE-0213,TRACTION_DISTRIBUTION_OHE,PHD,CNB,382.71,383.64,UP,"OHE maintenance (Wire wear 53.4%, ATD: NORMAL)",NONE,True,False,,0.0038,0.4,LOW,270,157,21.6,,,,,,,,,,,,,23.2,,,,,,,,134.0,,,0.0,287.0,382/9,382/17,10.11,53.4,WORN,GOOD,435.1,NORMAL,5530.0,72.0,CLEAN,3.0,STABLE,False,,,,,,,,,,,,,,
TSK-OHE-0227,OHE-0227,TRACTION_DISTRIBUTION_OHE,KRJ,ALJN,128.27,129.55,DN,"OHE maintenance (Wire wear 51.9%, ATD: NORMAL)",NONE,True,False,,0.006,0.6,LOW,272,159,21.6,,,,,,,,,,,,,20.4,,,,,,,,192.0,,,0.0,278.0,128/15,128/24,10.17,51.9,WORN,GOOD,504.5,NORMAL,5606.0,97.0,CLEAN,4.0,STABLE,False,,,,,,,,,,,,,,
TSK-TRK-0058,TRK-0058,ENGINEERING_TRACK,TDL,FZD,209.2,210.33,DN,"Track maintenance (GOOD TGI 90.0, USFD: CLEAR)",NONE,False,False,,0.0019,0.2,LOW,343,152,21.6,60kg 90UTS,4.0,94.7,90.7,100.0,83.6,89.1,89.96,GOOD,CLEAR,0.0,44.5,27.4,40.0,SAFE_RANGE,True,82.8,GOOD,160.0,A,83.0,False,0.0,0.0,350.0,,,,,,,,,,,,,,,,,,,,,,,,,,,,
TSK-SIG-0351,SIG-0351,SIGNAL_AND_TELECOM,GZB,GZB,26.07,26.17,UP,"Signal maintenance (POINT_MACHINE at GZB, Tier: MEDIUM)",NONE,False,False,,0.0132,1.3,LOW,275,150,21.6,,,,,,,,,,,,,,,,,,,,,336.0,,,0.0,263.0,,,,,,,,,,,,,,,POINT_MACHINE,GZB,26.07,4.76,2.51,12.7,11439.0,0.0,5.0,1.0,0.0,73.4,120.0,71.89
TSK-TRK-0162,TRK-0162,ENGINEERING_TRACK,GZB,DER,29.95,31.47,DN,"Track maintenance (AVERAGE TGI 72.2, USFD: CLEAR)",MANUAL,False,False,,0.0017,0.2,LOW,342,165,21.6,60kg 90UTS,5.0,162.8,51.8,80.0,71.3,77.8,72.16999999999999,AVERAGE,CLEAR,0.0,53.4,38.3,40.0,SAFE_RANGE,True,32.8,GOOD,130.0,A,71.0,False,0.0,0.0,352.0,,,,,,,,,,,,,,,,,,,,,,,,,,,,
TSK-OHE-0381,OHE-0381,TRACTION_DISTRIBUTION_OHE,FZD,ETW,237.85,238.36,DN,"OHE maintenance (Wire wear 42.1%, ATD: NORMAL)",NONE,True,False,,0.0033,0.3,LOW,270,152,21.6,,,,,,,,,,,,,34.4,,,,,,,,149.0,,,0.0,247.0,237/5,237/32,10.56,42.1,WORN,GOOD,558.4,NORMAL,5454.0,32.0,POLLUTED,3.0,STABLE,False,,,,,,,,,,,,,,
TSK-OHE-0168,OHE-0168,TRACTION_DISTRIBUTION_OHE,DER,KRJ,69.92,70.48,DN,"OHE maintenance (Wire wear 50.6%, ATD: NORMAL)",NONE,True,False,,0.0037,0.4,LOW,271,152,21.6,,,,,,,,,,,,,24.7,,,,,,,,231.0,,,0.0,272.0,69/8,69/21,10.22,50.6,WORN,GOOD,528.9,NORMAL,5460.0,-82.0,CLEAN,4.0,STABLE,False,,,,,,,,,,,,,,
TSK-TRK-0410,TRK-0410,ENGINEERING_TRACK,GZB,DER,27.53,28.61,UP,"Track maintenance (AVERAGE TGI 78.4, USFD: CLEAR)",NONE,False,False,,0.0019,0.2,LOW,343,154,21.6,60kg 90UTS,1.0,19.0,89.3,85.2,88.9,71.9,78.41000000000001,AVERAGE,CLEAR,0.0,54.3,40.3,40.0,SAFE_RANGE,True,75.6,GOOD,130.0,A,81.0,False,0.0,0.0,350.0,,,,,,,,,,,,,,,,,,,,,,,,,,,,
TSK-TRK-0696,TRK-0696,ENGINEERING_TRACK,ETW,PHD,326.93,328.72,UP,"Track maintenance (GOOD TGI 80.3, USFD: CLEAR)",NONE,False,False,,0.0015,0.1,LOW,342,155,21.6,60kg 90UTS,7.0,146.3,66.1,99.8,75.9,82.6,80.35,GOOD,CLEAR,0.0,52.7,39.6,40.0,SAFE_RANGE,True,60.1,GOOD,160.0,A,57.0,False,0.0,0.0,355.0,,,,,,,,,,,,,,,,,,,,,,,,,,,,
TSK-TRK-0635,TRK-0635,ENGINEERING_TRACK,ETW,PHD,313.7,315.61,UP,"Track maintenance (GOOD TGI 85.1, USFD: CLEAR)",NONE,False,False,,0.0027,0.3,LOW,343,152,21.6,60kg 90UTS,4.0,119.0,91.6,79.7,68.3,86.6,85.08,GOOD,CLEAR,0.0,53.6,39.6,40.0,SAFE_RANGE,True,4.8,GOOD,160.0,A,96.0,False,0.0,0.0,348.0,,,,,,,,,,,,,,,,,,,,,,,,,,,,
TSK-OHE-0447,OHE-0447,TRACTION_DISTRIBUTION_OHE,ETW,PHD,326.87,327.93,UP,"OHE maintenance (Wire wear 58.6%, ATD: NORMAL)",NONE,True,False,,0.004,0.4,LOW,271,157,21.6,,,,,,,,,,,,,36.0,,,,,,,,250.0,,,0.0,270.0,326/3,326/17,9.9,58.6,WORN,GOOD,581.7,NORMAL,5651.0,53.0,CLEAN,4.0,STABLE,False,,,,,,,,,,,,,,
TSK-TRK-0618,TRK-0618,ENGINEERING_TRACK,PHD,CNB,383.45,384.42,DN,"Track maintenance (AVERAGE TGI 78.6, USFD: CLEAR)",NONE,False,False,,0.0015,0.2,LOW,342,153,21.6,52kg 72UTS,9.0,258.4,70.9,60.7,67.9,85.9,78.58000000000001,AVERAGE,CLEAR,0.0,46.7,35.9,40.0,SAFE_RANGE,True,104.4,FOULED,130.0,A,78.0,False,0.0,0.0,351.0,,,,,,,,,,,,,,,,,,,,,,,,,,,,
TSK-OHE-0550,OHE-0550,TRACTION_DISTRIBUTION_OHE,TDL,FZD,223.34,224.47,DN,"OHE maintenance (Wire wear 41.9%, ATD: NORMAL)",NONE,True,False,,0.0048,0.5,LOW,271,154,21.6,,,,,,,,,,,,,33.0,,,,,,,,130.0,,,0.0,250.0,223/11,223/22,10.57,41.9,WORN,GOOD,485.7,NORMAL,5576.0,18.0,POLLUTED,1.0,STABLE,False,,,,,,,,,,,,,,
TSK-TRK-0731,TRK-0731,ENGINEERING_TRACK,TDL,FZD,215.99,217.11,DN,"Track maintenance (AVERAGE TGI 72.8, USFD: CLEAR)",MANUAL,False,False,,0.0014,0.1,LOW,343,169,21.6,60kg 90UTS,13.0,261.9,59.8,87.5,76.5,74.0,72.76,AVERAGE,CLEAR,0.0,31.8,21.0,40.0,SAFE_RANGE,True,30.3,GOOD,160.0,A,78.0,False,0.0,0.0,351.0,,,,,,,,,,,,,,,,,,,,,,,,,,,,
TSK-TRK-0550,TRK-0550,ENGINEERING_TRACK,GZB,DER,26.4,27.02,DN,"Track maintenance (GOOD TGI 87.1, USFD: CLEAR)",NONE,False,False,,0.0035,0.4,LOW,344,147,21.6,60kg 90UTS,9.0,158.9,79.9,74.3,79.1,92.9,87.06000000000002,GOOD,CLEAR,0.0,42.2,25.3,40.0,SAFE_RANGE,True,2.6,GOOD,130.0,A,62.0,False,0.0,0.0,354.0,,,,,,,,,,,,,,,,,,,,,,,,,,,,
TSK-TRK-0408,TRK-0408,ENGINEERING_TRACK,NDLS,GZB,21.08,22.67,DN,"Track maintenance (GOOD TGI 87.2, USFD: CLEAR)",NONE,False,False,,0.0018,0.2,LOW,342,152,21.6,60kg 90UTS,3.0,58.0,88.2,85.9,85.0,87.5,87.22999999999999,GOOD,CLEAR,0.0,47.6,33.8,40.0,SAFE_RANGE,True,86.7,GOOD,130.0,A,117.0,False,0.0,0.0,344.0,,,,,,,,,,,,,,,,,,,,,,,,,,,,
TSK-TRK-0524,TRK-0524,ENGINEERING_TRACK,ETW,PHD,341.28,342.57,DN,"Track maintenance (GOOD TGI 92.1, USFD: OBS)",NONE,False,False,,0.0015,0.2,LOW,343,152,21.6,60kg 90UTS,5.0,151.9,81.1,88.8,69.9,100.0,92.09,GOOD,OBS,1.0,38.5,20.6,40.0,SAFE_RANGE,True,92.9,GOOD,160.0,A,72.0,False,0.0,0.0,299.0,,,,,,,,,,,,,,,,,,,,,,,,,,,,
TSK-TRK-0450,TRK-0450,ENGINEERING_TRACK,GZB,DER,29.64,30.5,DN,"Track maintenance (AVERAGE TGI 66.6, USFD: CLEAR)",TAMPING,True,False,,0.0021,0.2,LOW,343,184,21.6,60kg 90UTS,10.0,279.7,65.7,74.8,70.2,65.0,66.64,AVERAGE,CLEAR,0.0,44.0,31.8,40.0,SAFE_RANGE,True,33.8,GOOD,130.0,A,40.0,False,0.0,0.0,358.0,,,,,,,,,,,,,,,,,,,,,,,,,,,,
TSK-TRK-0784,TRK-0784,ENGINEERING_TRACK,PHD,CNB,357.91,358.9,DN,"Track maintenance (AVERAGE TGI 72.2, USFD: CLEAR)",TAMPING,True,False,,0.0023,0.2,LOW,343,181,21.6,60kg 90UTS,13.0,235.8,87.4,78.1,67.8,66.9,72.21000000000001,AVERAGE,CLEAR,0.0,35.2,20.9,40.0,SAFE_RANGE,True,86.1,GOOD,130.0,A,40.0,False,0.0,0.0,358.0,,,,,,,,,,,,,,,,,,,,,,,,,,,,
TSK-OHE-0102,OHE-0102,TRACTION_DISTRIBUTION_OHE,PHD,CNB,434.09,435.55,DN,"OHE maintenance (Wire wear 63.2%, ATD: NORMAL)",NONE,True,False,,0.004,0.4,LOW,272,158,21.5,,,,,,,,,,,,,44.5,,,,,,,,249.0,,,0.0,270.0,434/13,434/24,9.72,63.2,WORN,WORN,578.4,NORMAL,5562.0,91.0,CLEAN,4.0,STABLE,False,,,,,,,,,,,,,,
TSK-SIG-0391,SIG-0391,SIGNAL_AND_TELECOM,ALJN,ALJN,130.26,130.36,DN,"Signal maintenance (POINT_MACHINE at ALJN, Tier: LOW)",NONE,False,False,,0.0206,2.1,LOW,280,150,21.5,,,,,,,,,,,,,,,,,,,,,305.0,,,0.0,282.0,,,,,,,,,,,,,,,POINT_MACHINE,ALJN,130.26,4.31,2.31,7.9,15717.0,0.0,5.0,13.0,0.0,73.4,196.0,77.05
TSK-TRK-0384,TRK-0384,ENGINEERING_TRACK,ALJN,TDL,200.17,200.96,UP,"Track maintenance (AVERAGE TGI 78.9, USFD: CLEAR)",NONE,False,False,,0.0027,0.3,LOW,345,152,21.5,52kg 72UTS,4.0,73.4,85.6,100.0,87.7,71.7,78.91,AVERAGE,CLEAR,0.0,57.2,42.9,40.0,MODERATE_HEAT_EXPANSION,True,1.3,GOOD,160.0,A,38.0,False,0.0,0.0,358.0,,,,,,,,,,,,,,,,,,,,,,,,,,,,
TSK-OHE-0046,OHE-0046,TRACTION_DISTRIBUTION_OHE,PHD,CNB,419.71,421.11,UP,"OHE maintenance (Wire wear 63.9%, ATD: NORMAL)",NONE,True,False,,0.0038,0.4,LOW,272,158,21.5,,,,,,,,,,,,,34.6,,,,,,,,133.0,,,0.0,287.0,419/1,419/30,9.69,63.9,WORN,GOOD,572.5,NORMAL,5511.0,27.0,CLEAN,3.0,STABLE,False,,,,,,,,,,,,,,
TSK-OHE-0116,OHE-0116,TRACTION_DISTRIBUTION_OHE,ALJN,TDL,184.62,186.0,DN,"OHE maintenance (Wire wear 51.4%, ATD: NORMAL)",NONE,True,False,,0.0034,0.3,LOW,272,158,21.5,,,,,,,,,,,,,35.8,,,,,,,,198.0,,,0.0,277.0,184/7,184/23,10.19,51.4,WORN,WORN,504.9,NORMAL,5563.0,0.0,CLEAN,4.0,STABLE,False,,,,,,,,,,,,,,
TSK-OHE-0265,OHE-0265,TRACTION_DISTRIBUTION_OHE,FZD,ETW,227.42,227.99,UP,"OHE maintenance (Wire wear 54.1%, ATD: NORMAL)",NONE,True,False,,0.0028,0.3,LOW,271,158,21.5,,,,,,,,,,,,,43.5,,,,,,,,162.0,,,0.0,283.0,227/2,227/21,10.08,54.1,WORN,GOOD,645.8,NORMAL,5586.0,169.0,CLEAN,3.0,STABLE,False,,,,,,,,,,,,,,
TSK-OHE-0294,OHE-0294,TRACTION_DISTRIBUTION_OHE,NDLS,GZB,1.82,2.49,UP,"OHE maintenance (Wire wear 59.4%, ATD: NORMAL)",NONE,True,False,,0.0029,0.3,LOW,272,158,21.5,,,,,,,,,,,,,29.9,,,,,,,,161.0,,,0.0,283.0,1/9,1/16,9.87,59.4,WORN,GOOD,505.0,NORMAL,5590.0,70.0,CLEAN,4.0,STABLE,False,,,,,,,,,,,,,,
TSK-SIG-0215,SIG-0215,SIGNAL_AND_TELECOM,CNB,CNB,439.13,439.23,DN,"Signal maintenance (POINT_MACHINE at CNB, Tier: LOW)",NONE,False,False,,0.011,1.1,LOW,276,150,21.5,,,,,,,,,,,,,,,,,,,,,318.0,,,0.0,277.0,,,,,,,,,,,,,,,POINT_MACHINE,CNB,439.13,4.73,2.37,11.5,8697.0,0.0,5.0,15.0,0.0,84.7,11.0,75.64
TSK-OHE-0237,OHE-0237,TRACTION_DISTRIBUTION_OHE,ALJN,TDL,185.41,186.23,UP,"OHE maintenance (Wire wear 41.6%, ATD: NORMAL)",NONE,True,False,,0.0033,0.3,LOW,272,153,21.5,,,,,,,,,,,,,15.6,,,,,,,,135.0,,,0.0,287.0,185/5,185/18,10.58,41.6,WORN,GOOD,386.0,NORMAL,5524.0,34.0,CLEAN,1.0,STABLE,False,,,,,,,,,,,,,,
TSK-TRK-0275,TRK-0275,ENGINEERING_TRACK,NDLS,GZB,3.93,5.86,DN,"Track maintenance (GOOD TGI 85.7, USFD: CLEAR)",NONE,False,False,,0.002,0.2,LOW,344,153,21.5,60kg 90UTS,6.0,134.6,77.7,83.9,73.4,90.7,85.69000000000001,GOOD,CLEAR,0.0,54.5,37.5,40.0,SAFE_RANGE,True,131.9,GOOD,130.0,A,65.0,False,0.0,0.0,353.0,,,,,,,,,,,,,,,,,,,,,,,,,,,,
TSK-SIG-0390,SIG-0390,SIGNAL_AND_TELECOM,GZB,GZB,26.19,26.29,UP,"Signal maintenance (POINT_MACHINE at GZB, Tier: MEDIUM)",NONE,False,False,,0.0083,0.8,LOW,275,150,21.5,,,,,,,,,,,,,,,,,,,,,307.0,,,0.0,272.0,,,,,,,,,,,,,,,POINT_MACHINE,GZB,26.19,4.67,2.46,16.5,3336.0,0.0,5.0,14.0,0.0,89.4,56.0,74.42
TSK-TRK-0691,TRK-0691,ENGINEERING_TRACK,ETW,PHD,335.31,336.21,UP,"Track maintenance (GOOD TGI 84.4, USFD: CLEAR)",NONE,False,False,,0.0019,0.2,LOW,345,152,21.4,60kg 90UTS,7.0,130.9,67.4,87.4,85.2,89.5,84.44000000000001,GOOD,CLEAR,0.0,52.2,37.4,40.0,SAFE_RANGE,True,156.9,FOULED,160.0,A,59.0,False,0.0,0.0,354.0,,,,,,,,,,,,,,,,,,,,,,,,,,,,
TSK-OHE-0108,OHE-0108,TRACTION_DISTRIBUTION_OHE,DER,KRJ,58.12,59.24,DN,"OHE maintenance (Wire wear 47.6%, ATD: NORMAL)",NONE,True,False,,0.0031,0.3,LOW,273,153,21.4,,,,,,,,,,,,,36.0,,,,,,,,204.0,,,0.0,276.0,58/14,58/27,10.34,47.6,WORN,GOOD,603.1,NORMAL,5583.0,-72.0,CLEAN,4.0,STABLE,False,,,,,,,,,,,,,,
TSK-OHE-0538,OHE-0538,TRACTION_DISTRIBUTION_OHE,GZB,DER,27.3,28.5,DN,"OHE maintenance (Wire wear 41.9%, ATD: NORMAL)",NONE,True,False,,0.0032,0.3,LOW,273,154,21.4,,,,,,,,,,,,,22.1,,,,,,,,139.0,,,0.0,286.0,27/12,27/17,10.57,41.9,WORN,GOOD,573.8,NORMAL,5636.0,82.0,CLEAN,2.0,STABLE,False,,,,,,,,,,,,,,
TSK-OHE-0129,OHE-0129,TRACTION_DISTRIBUTION_OHE,TDL,FZD,217.34,218.21,UP,"OHE maintenance (Wire wear 49.1%, ATD: NORMAL)",NONE,True,False,,0.004,0.4,LOW,274,153,21.4,,,,,,,,,,,,,39.8,,,,,,,,173.0,,,0.0,281.0,217/9,217/31,10.28,49.1,WORN,GOOD,660.3,NORMAL,5526.0,-32.0,CLEAN,4.0,STABLE,False,,,,,,,,,,,,,,
TSK-OHE-0463,OHE-0463,TRACTION_DISTRIBUTION_OHE,NDLS,GZB,14.43,15.65,UP,"OHE maintenance (Wire wear 59.9%, ATD: NORMAL)",NONE,True,False,,0.0036,0.4,LOW,274,158,21.4,,,,,,,,,,,,,41.2,,,,,,,,204.0,,,0.0,276.0,14/5,14/23,9.85,59.9,WORN,GOOD,551.8,NORMAL,5666.0,139.0,CLEAN,4.0,STABLE,False,,,,,,,,,,,,,,
TSK-SIG-0108,SIG-0108,SIGNAL_AND_TELECOM,ETW,ETW,299.83,299.93,YARD,"Signal maintenance (POINT_MACHINE at ETW, Tier: LOW)",NONE,False,False,,0.0138,1.4,LOW,278,150,21.4,,,,,,,,,,,,,,,,,,,,,299.0,,,0.0,275.0,,,,,,,,,,,,,,,POINT_MACHINE,ETW,299.83,5.32,2.01,14.6,6989.0,0.0,5.0,16.0,0.0,78.8,74.0,75.26
TSK-OHE-0162,OHE-0162,TRACTION_DISTRIBUTION_OHE,DER,KRJ,59.34,60.62,DN,"OHE maintenance (Wire wear 59.4%, ATD: NORMAL)",NONE,True,False,,0.0061,0.6,LOW,274,159,21.4,,,,,,,,,,,,,43.7,,,,,,,,183.0,,,0.0,280.0,59/15,59/18,9.87,59.4,WORN,WORN,566.8,NORMAL,5602.0,107.0,CLEAN,4.0,STABLE,False,,,,,,,,,,,,,,
TSK-OHE-0076,OHE-0076,TRACTION_DISTRIBUTION_OHE,ETW,PHD,323.76,324.51,DN,"OHE maintenance (Wire wear 50.6%, ATD: NORMAL)",NONE,True,False,,0.0032,0.3,LOW,274,153,21.3,,,,,,,,,,,,,28.2,,,,,,,,199.0,,,0.0,277.0,323/11,323/16,10.22,50.6,WORN,GOOD,524.3,NORMAL,5541.0,160.0,CLEAN,3.0,STABLE,False,,,,,,,,,,,,,,
TSK-OHE-0460,OHE-0460,TRACTION_DISTRIBUTION_OHE,KRJ,ALJN,114.33,114.96,DN,"OHE maintenance (Wire wear 48.1%, ATD: NORMAL)",NONE,True,False,,0.0065,0.6,LOW,276,152,21.3,,,,,,,,,,,,,23.3,,,,,,,,180.0,,,0.0,280.0,114/9,114/29,10.32,48.1,WORN,GOOD,559.3,NORMAL,5596.0,121.0,CLEAN,3.0,STABLE,False,,,,,,,,,,,,,,
TSK-OHE-0275,OHE-0275,TRACTION_DISTRIBUTION_OHE,PHD,CNB,383.22,384.32,UP,"OHE maintenance (Wire wear 54.1%, ATD: NORMAL)",NONE,True,False,,0.0065,0.6,LOW,276,159,21.3,,,,,,,,,,,,,28.5,,,,,,,,180.0,,,0.0,280.0,383/8,383/21,10.08,54.1,WORN,GOOD,533.4,NORMAL,5534.0,-13.0,CLEAN,3.0,STABLE,False,,,,,,,,,,,,,,
TSK-OHE-0486,OHE-0486,TRACTION_DISTRIBUTION_OHE,GZB,DER,32.93,34.41,UP,"OHE maintenance (Wire wear 48.6%, ATD: NORMAL)",NONE,True,False,,0.0035,0.4,LOW,275,156,21.3,,,,,,,,,,,,,19.8,,,,,,,,140.0,,,0.0,286.0,32/5,32/32,10.3,48.6,WORN,WORN,421.9,NORMAL,5510.0,87.0,CLEAN,3.0,STABLE,False,,,,,,,,,,,,,,
TSK-TRK-0339,TRK-0339,ENGINEERING_TRACK,KRJ,ALJN,106.52,108.32,DN,"Track maintenance (AVERAGE TGI 66.7, USFD: CLEAR)",TAMPING,True,False,,0.0022,0.2,LOW,347,187,21.3,60kg 90UTS,17.0,356.4,81.0,49.8,82.1,62.1,66.65,AVERAGE,CLEAR,0.0,36.2,19.4,40.0,SAFE_RANGE,True,24.7,GOOD,130.0,A,107.0,False,0.0,0.0,346.0,,,,,,,,,,,,,,,,,,,,,,,,,,,,
TSK-TRK-0808,TRK-0808,ENGINEERING_TRACK,KRJ,ALJN,88.9,89.66,UP,"Track maintenance (AVERAGE TGI 68.8, USFD: OBS)",MANUAL,False,False,,0.0013,0.1,LOW,347,168,21.3,60kg 90UTS,8.0,201.2,78.5,73.7,78.5,63.1,68.78,AVERAGE,OBS,1.0,42.8,29.1,40.0,SAFE_RANGE,True,29.5,GOOD,130.0,A,106.0,False,0.0,0.0,293.0,,,,,,,,,,,,,,,,,,,,,,,,,,,,
TSK-OHE-0222,OHE-0222,TRACTION_DISTRIBUTION_OHE,DER,KRJ,81.27,82.53,UP,"OHE maintenance (Wire wear 45.9%, ATD: NORMAL)",NONE,True,False,,0.0025,0.2,LOW,274,153,21.3,,,,,,,,,,,,,39.3,,,,,,,,155.0,,,0.0,284.0,81/11,81/30,10.41,45.9,WORN,GOOD,650.4,NORMAL,5473.0,-9.0,CLEAN,4.0,STABLE,False,,,,,,,,,,,,,,
TSK-OHE-0089,OHE-0089,TRACTION_DISTRIBUTION_OHE,PHD,CNB,379.3,379.97,UP,"OHE maintenance (Wire wear 61.4%, ATD: NORMAL)",NONE,True,False,,0.0034,0.3,LOW,275,157,21.3,,,,,,,,,,,,,25.0,,,,,,,,209.0,,,0.0,276.0,379/8,379/24,9.79,61.4,WORN,GOOD,469.2,NORMAL,5525.0,-56.0,CLEAN,4.0,STABLE,False,,,,,,,,,,,,,,
TSK-OHE-0303,OHE-0303,TRACTION_DISTRIBUTION_OHE,PHD,CNB,430.1,431.6,DN,"OHE maintenance (Wire wear 61.2%, ATD: NORMAL)",NONE,True,False,,0.0064,0.6,LOW,277,160,21.3,,,,,,,,,,,,,27.4,,,,,,,,185.0,,,0.0,279.0,430/4,430/25,9.8,61.2,WORN,GOOD,540.3,NORMAL,5476.0,-24.0,CLEAN,3.0,SETTLEMENT,False,,,,,,,,,,,,,,
TSK-OHE-0278,OHE-0278,TRACTION_DISTRIBUTION_OHE,ALJN,TDL,161.54,162.13,DN,"OHE maintenance (Wire wear 60.7%, ATD: NORMAL)",NONE,True,False,,0.0061,0.6,LOW,276,157,21.3,,,,,,,,,,,,,22.9,,,,,,,,182.0,,,0.0,280.0,161/7,161/32,9.82,60.7,WORN,WORN,413.9,NORMAL,5641.0,15.0,CLEAN,4.0,STABLE,False,,,,,,,,,,,,,,
TSK-OHE-0220,OHE-0220,TRACTION_DISTRIBUTION_OHE,FZD,ETW,229.91,231.13,DN,"OHE maintenance (Wire wear 56.4%, ATD: NORMAL)",NONE,True,False,,0.0029,0.3,LOW,276,159,21.2,,,,,,,,,,,,,33.2,,,,,,,,162.0,,,0.0,283.0,229/10,229/17,9.99,56.4,WORN,GOOD,584.7,NORMAL,5427.0,86.0,CLEAN,0.0,STABLE,False,,,,,,,,,,,,,,
TSK-OHE-0221,OHE-0221,TRACTION_DISTRIBUTION_OHE,ETW,PHD,301.45,302.36,UP,"OHE maintenance (Wire wear 56.9%, ATD: NORMAL)",NONE,True,False,,0.0036,0.4,LOW,276,157,21.2,,,,,,,,,,,,,27.4,,,,,,,,241.0,,,0.0,271.0,301/12,301/20,9.97,56.9,WORN,GOOD,590.9,NORMAL,5549.0,-27.0,CLEAN,1.0,STABLE,False,,,,,,,,,,,,,,
TSK-OHE-0193,OHE-0193,TRACTION_DISTRIBUTION_OHE,TDL,FZD,216.73,217.45,UP,"OHE maintenance (Wire wear 40.1%, ATD: NORMAL)",NONE,True,False,,0.0026,0.3,LOW,276,152,21.2,,,,,,,,,,,,,43.6,,,,,,,,155.0,,,0.0,284.0,216/8,216/32,10.64,40.1,WORN,GOOD,562.8,NORMAL,5573.0,-77.0,CLEAN,1.0,STABLE,False,,,,,,,,,,,,,,
TSK-SIG-0397,SIG-0397,SIGNAL_AND_TELECOM,TDL,TDL,208.12,208.22,UP,"Signal maintenance (POINT_MACHINE at TDL, Tier: LOW)",NONE,False,False,,0.03,3.0,LOW,290,150,21.2,,,,,,,,,,,,,,,,,,,,,356.0,,,0.0,299.0,,,,,,,,,,,,,,,POINT_MACHINE,TDL,208.12,4.35,2.35,13.6,10983.0,0.0,5.0,13.0,0.0,75.4,127.0,81.81
TSK-OHE-0501,OHE-0501,TRACTION_DISTRIBUTION_OHE,TDL,FZD,222.45,222.95,UP,"OHE maintenance (Wire wear 43.1%, ATD: NORMAL)",NONE,True,False,,0.003,0.3,LOW,276,152,21.2,,,,,,,,,,,,,29.1,,,,,,,,154.0,,,0.0,284.0,222/10,222/22,10.52,43.1,WORN,GOOD,622.9,NORMAL,5550.0,92.0,CLEAN,3.0,STABLE,False,,,,,,,,,,,,,,
TSK-OHE-0115,OHE-0115,TRACTION_DISTRIBUTION_OHE,FZD,ETW,275.27,276.47,UP,"OHE maintenance (Wire wear 61.4%, ATD: NORMAL)",NONE,True,False,,0.0029,0.3,LOW,276,159,21.2,,,,,,,,,,,,,23.2,,,,,,,,168.0,,,0.0,282.0,275/14,275/32,9.79,61.4,WORN,GOOD,592.7,NORMAL,5636.0,-19.0,CLEAN,1.0,STABLE,False,,,,,,,,,,,,,,
TSK-OHE-0276,OHE-0276,TRACTION_DISTRIBUTION_OHE,NDLS,GZB,0.2,0.99,UP,"OHE maintenance (Wire wear 60.4%, ATD: NORMAL)",NONE,True,False,,0.004,0.4,LOW,276,157,21.2,,,,,,,,,,,,,22.8,,,,,,,,241.0,,,0.0,271.0,0/12,0/20,9.83,60.4,WORN,GOOD,438.5,NORMAL,5562.0,155.0,CLEAN,0.0,STABLE,False,,,,,,,,,,,,,,
TSK-OHE-0450,OHE-0450,TRACTION_DISTRIBUTION_OHE,TDL,FZD,212.25,213.42,DN,"OHE maintenance (Wire wear 53.4%, ATD: NORMAL)",NONE,True,False,,0.0059,0.6,LOW,278,157,21.2,,,,,,,,,,,,,41.1,,,,,,,,189.0,,,0.0,279.0,212/3,212/27,10.11,53.4,WORN,WORN,753.8,NORMAL,5499.0,-46.0,CLEAN,2.0,STABLE,False,,,,,,,,,,,,,,
TSK-TRK-0729,TRK-0729,ENGINEERING_TRACK,PHD,CNB,372.53,373.74,UP,"Track maintenance (GOOD TGI 87.5, USFD: CLEAR)",NONE,False,False,,0.0012,0.1,LOW,348,152,21.2,60kg 90UTS,4.0,112.7,70.7,90.5,91.4,91.9,87.47,GOOD,CLEAR,0.0,49.5,31.8,40.0,SAFE_RANGE,True,49.5,GOOD,130.0,A,110.0,False,0.0,0.0,345.0,,,,,,,,,,,,,,,,,,,,,,,,,,,,
TSK-OHE-0274,OHE-0274,TRACTION_DISTRIBUTION_OHE,PHD,CNB,381.8,382.46,UP,"OHE maintenance (Wire wear 55.9%, ATD: NORMAL)",NONE,True,False,,0.0034,0.3,LOW,276,157,21.2,,,,,,,,,,,,,30.5,,,,,,,,209.0,,,0.0,276.0,381/13,381/25,10.01,55.9,WORN,GOOD,523.2,NORMAL,5579.0,38.0,CLEAN,2.0,STABLE,False,,,,,,,,,,,,,,
TSK-OHE-0260,OHE-0260,TRACTION_DISTRIBUTION_OHE,ALJN,TDL,170.15,171.35,UP,"OHE maintenance (Wire wear 60.7%, ATD: NORMAL)",NONE,True,False,,0.0029,0.3,LOW,276,159,21.2,,,,,,,,,,,,,20.2,,,,,,,,167.0,,,0.0,282.0,170/9,170/28,9.82,60.7,WORN,GOOD,369.8,NORMAL,5567.0,28.0,CLEAN,0.0,STABLE,False,,,,,,,,,,,,,,
TSK-OHE-0480,OHE-0480,TRACTION_DISTRIBUTION_OHE,TDL,FZD,224.4,225.22,DN,"OHE maintenance (Wire wear 41.4%, ATD: NORMAL)",NONE,True,False,,0.0032,0.3,LOW,276,153,21.2,,,,,,,,,,,,,21.2,,,,,,,,206.0,,,0.0,276.0,224/4,224/20,10.59,41.4,WORN,WORN,531.1,NORMAL,5558.0,-104.0,CLEAN,0.0,STABLE,False,,,,,,,,,,,,,,
TSK-OHE-0068,OHE-0068,TRACTION_DISTRIBUTION_OHE,ALJN,TDL,201.46,202.36,DN,"OHE maintenance (Wire wear 58.6%, ATD: NORMAL)",NONE,True,False,,0.0028,0.3,LOW,276,158,21.2,,,,,,,,,,,,,17.9,,,,,,,,162.0,,,0.0,283.0,201/15,201/24,9.9,58.6,WORN,WORN,359.8,NORMAL,5507.0,3.0,CLEAN,2.0,STABLE,False,,,,,,,,,,,,,,
TSK-OHE-0315,OHE-0315,TRACTION_DISTRIBUTION_OHE,NDLS,GZB,20.96,22.42,DN,"OHE maintenance (Wire wear 61.2%, ATD: NORMAL)",NONE,True,False,,0.0029,0.3,LOW,276,160,21.2,,,,,,,,,,,,,39.9,,,,,,,,165.0,,,0.0,282.0,20/13,20/22,9.8,61.2,WORN,GOOD,539.4,NORMAL,5648.0,162.0,CLEAN,2.0,STABLE,False,,,,,,,,,,,,,,
TSK-OHE-0414,OHE-0414,TRACTION_DISTRIBUTION_OHE,GZB,DER,32.63,33.28,UP,"OHE maintenance (Wire wear 44.6%, ATD: NORMAL)",NONE,True,False,,0.0037,0.4,LOW,276,152,21.2,,,,,,,,,,,,,23.0,,,,,,,,173.0,,,0.0,281.0,32/12,32/20,10.46,44.6,WORN,GOOD,434.0,NORMAL,5634.0,-31.0,CLEAN,3.0,STABLE,False,,,,,,,,,,,,,,
TSK-SIG-0075,SIG-0075,SIGNAL_AND_TELECOM,DER,DER,38.34,38.44,YARD,"Signal maintenance (POINT_MACHINE at DER, Tier: MEDIUM)",NONE,False,False,,0.0089,0.9,LOW,279,150,21.2,,,,,,,,,,,,,,,,,,,,,218.0,,,0.0,272.0,,,,,,,,,,,,,,,POINT_MACHINE,DER,38.34,4.55,2.46,9.4,17259.0,0.0,5.0,2.0,0.0,81.4,301.0,74.42
TSK-OHE-0299,OHE-0299,TRACTION_DISTRIBUTION_OHE,DER,KRJ,40.33,41.21,UP,"OHE maintenance (Wire wear 48.1%, ATD: NORMAL)",NONE,True,False,,0.0036,0.4,LOW,277,152,21.2,,,,,,,,,,,,,18.2,,,,,,,,205.0,,,0.0,276.0,40/7,40/25,10.32,48.1,WORN,GOOD,428.2,NORMAL,5554.0,67.0,CLEAN,2.0,STABLE,False,,,,,,,,,,,,,,
TSK-OHE-0040,OHE-0040,TRACTION_DISTRIBUTION_OHE,FZD,ETW,250.72,251.52,UP,"OHE maintenance (Wire wear 61.9%, ATD: NORMAL)",NONE,True,False,,0.0037,0.4,LOW,277,156,21.2,,,,,,,,,,,,,31.5,,,,,,,,229.0,,,0.0,273.0,250/4,250/22,9.77,61.9,WORN,GOOD,571.3,NORMAL,5431.0,-40.0,CLEAN,1.0,SETTLEMENT,False,,,,,,,,,,,,,,
TSK-OHE-0304,OHE-0304,TRACTION_DISTRIBUTION_OHE,ETW,PHD,304.78,306.05,DN,"OHE maintenance (Wire wear 54.1%, ATD: NORMAL)",NONE,True,False,,0.0059,0.6,LOW,278,159,21.2,,,,,,,,,,,,,16.0,,,,,,,,183.0,,,0.0,280.0,304/3,304/16,10.08,54.1,WORN,GOOD,400.8,NORMAL,5508.0,-163.0,CLEAN,0.0,STABLE,False,,,,,,,,,,,,,,
TSK-OHE-0392,OHE-0392,TRACTION_DISTRIBUTION_OHE,KRJ,ALJN,98.17,99.6,UP,"OHE maintenance (Wire wear 56.9%, ATD: NORMAL)",NONE,True,False,,0.0042,0.4,LOW,276,160,21.2,,,,,,,,,,,,,22.2,,,,,,,,173.0,,,0.0,281.0,98/5,98/23,9.97,56.9,WORN,GOOD,484.0,NORMAL,5604.0,-34.0,CLEAN,2.0,STABLE,False,,,,,,,,,,,,,,
TSK-TRK-0027,TRK-0027,ENGINEERING_TRACK,NDLS,GZB,11.0,13.0,UP,"Track maintenance (GOOD TGI 95.6, USFD: CLEAR)",NONE,False,False,,0.0024,0.2,LOW,348,154,21.2,60kg 90UTS,3.0,77.3,89.5,87.2,92.1,99.6,95.59,GOOD,CLEAR,0.0,42.3,31.2,40.0,SAFE_RANGE,True,62.8,GOOD,130.0,A,40.0,False,0.0,0.0,358.0,,,,,,,,,,,,,,,,,,,,,,,,,,,,
TSK-OHE-0179,OHE-0179,TRACTION_DISTRIBUTION_OHE,TDL,FZD,217.59,218.31,DN,"OHE maintenance (Wire wear 50.4%, ATD: NORMAL)",NONE,True,False,,0.0067,0.7,LOW,278,152,21.2,,,,,,,,,,,,,30.3,,,,,,,,184.0,,,0.0,280.0,217/4,217/20,10.23,50.4,WORN,GOOD,446.8,NORMAL,5527.0,74.0,CLEAN,2.0,STABLE,False,,,,,,,,,,,,,,
TSK-OHE-0509,OHE-0509,TRACTION_DISTRIBUTION_OHE,DER,KRJ,52.71,53.23,DN,"OHE maintenance (Wire wear 48.4%, ATD: NORMAL)",NONE,True,False,,0.0031,0.3,LOW,278,152,21.1,,,,,,,,,,,,,25.2,,,,,,,,199.0,,,0.0,277.0,52/4,52/19,10.31,48.4,WORN,GOOD,382.5,NORMAL,5539.0,116.0,CLEAN,0.0,SETTLEMENT,False,,,,,,,,,,,,,,
TSK-OHE-0510,OHE-0510,TRACTION_DISTRIBUTION_OHE,TDL,FZD,222.58,223.22,DN,"OHE maintenance (Wire wear 58.1%, ATD: NORMAL)",NONE,True,False,,0.0061,0.6,LOW,279,157,21.1,,,,,,,,,,,,,19.9,,,,,,,,182.0,,,0.0,280.0,222/9,222/25,9.92,58.1,WORN,WORN,418.0,NORMAL,5493.0,-35.0,CLEAN,1.0,STABLE,False,,,,,,,,,,,,,,
TSK-OHE-0395,OHE-0395,TRACTION_DISTRIBUTION_OHE,TDL,FZD,213.15,213.72,DN,"OHE maintenance (Wire wear 44.9%, ATD: NORMAL)",NONE,True,False,,0.0031,0.3,LOW,277,151,21.1,,,,,,,,,,,,,18.6,,,,,,,,235.0,,,0.0,272.0,213/5,213/19,10.45,44.9,WORN,GOOD,375.5,NORMAL,5578.0,28.0,CLEAN,2.0,STABLE,False,,,,,,,,,,,,,,
TSK-OHE-0390,OHE-0390,TRACTION_DISTRIBUTION_OHE,DER,KRJ,52.84,53.67,DN,"OHE maintenance (Wire wear 48.9%, ATD: NORMAL)",NONE,True,False,,0.0042,0.4,LOW,278,153,21.1,,,,,,,,,,,,,39.5,,,,,,,,174.0,,,0.0,281.0,52/15,52/31,10.29,48.9,WORN,GOOD,589.8,NORMAL,5545.0,-21.0,CLEAN,2.0,STABLE,False,,,,,,,,,,,,,,
TSK-TRK-0434,TRK-0434,ENGINEERING_TRACK,ALJN,TDL,165.71,167.07,UP,"Track maintenance (AVERAGE TGI 77.5, USFD: CLEAR)",NONE,False,False,,0.0011,0.1,LOW,349,155,21.1,60kg 90UTS,4.0,117.7,56.3,97.8,80.8,80.6,77.47999999999999,AVERAGE,CLEAR,0.0,53.3,38.9,40.0,SAFE_RANGE,True,154.1,FOULED,160.0,A,105.0,False,0.0,0.0,346.0,,,,,,,,,,,,,,,,,,,,,,,,,,,,
TSK-OHE-0059,OHE-0059,TRACTION_DISTRIBUTION_OHE,ALJN,TDL,193.73,195.22,DN,"OHE maintenance (Wire wear 45.9%, ATD: NORMAL)",NONE,True,False,,0.0031,0.3,LOW,277,152,21.1,,,,,,,,,,,,,18.5,,,,,,,,232.0,,,0.0,272.0,193/6,193/31,10.41,45.9,WORN,GOOD,311.4,NORMAL,5574.0,40.0,CLEAN,2.0,STABLE,False,,,,,,,,,,,,,,
TSK-OHE-0292,OHE-0292,TRACTION_DISTRIBUTION_OHE,ETW,PHD,342.45,343.09,UP,"OHE maintenance (Wire wear 59.9%, ATD: NORMAL)",NONE,True,False,,0.0059,0.6,LOW,279,159,21.1,,,,,,,,,,,,,38.1,,,,,,,,190.0,,,0.0,279.0,342/2,342/24,9.85,59.9,WORN,WORN,669.5,NORMAL,5547.0,49.0,CLEAN,0.0,STABLE,False,,,,,,,,,,,,,,
TSK-OHE-0465,OHE-0465,TRACTION_DISTRIBUTION_OHE,TDL,FZD,214.37,215.81,UP,"OHE maintenance (Wire wear 56.4%, ATD: NORMAL)",NONE,True,False,,0.0059,0.6,LOW,279,160,21.1,,,,,,,,,,,,,28.6,,,,,,,,186.0,,,0.0,279.0,214/10,214/16,9.99,56.4,WORN,GOOD,597.9,NORMAL,5485.0,11.0,CLEAN,2.0,SETTLEMENT,False,,,,,,,,,,,,,,
TSK-OHE-0426,OHE-0426,TRACTION_DISTRIBUTION_OHE,PHD,CNB,438.66,439.24,UP,"OHE maintenance (Wire wear 46.4%, ATD: NORMAL)",NONE,True,False,,0.0028,0.3,LOW,277,151,21.1,,,,,,,,,,,,,38.6,,,,,,,,220.0,,,0.0,274.0,438/1,438/31,10.39,46.4,WORN,GOOD,712.0,NORMAL,5638.0,-44.0,CLEAN,0.0,STABLE,False,,,,,,,,,,,,,,
TSK-OHE-0326,OHE-0326,TRACTION_DISTRIBUTION_OHE,DER,KRJ,39.96,41.19,UP,"OHE maintenance (Wire wear 40.1%, ATD: NORMAL)",NONE,True,False,,0.005,0.5,LOW,278,155,21.1,,,,,,,,,,,,,16.4,,,,,,,,67.0,,,0.0,297.0,39/5,39/23,10.64,40.1,WORN,GOOD,463.0,NORMAL,5553.0,-35.0,CLEAN,3.0,STABLE,False,,,,,,,,,,,,,,
TSK-SIG-0106,SIG-0106,SIGNAL_AND_TELECOM,ETW,ETW,301.74,301.84,DN,"Signal maintenance (POINT_MACHINE at ETW, Tier: LOW)",NONE,False,False,,0.0076,0.8,LOW,280,150,21.1,,,,,,,,,,,,,,,,,,,,,337.0,,,0.0,289.0,,,,,,,,,,,,,,,POINT_MACHINE,ETW,301.74,4.34,2.47,15.8,13164.0,0.0,5.0,1.0,0.0,88.5,218.0,79.14
TSK-OHE-0224,OHE-0224,TRACTION_DISTRIBUTION_OHE,FZD,ETW,258.35,259.62,DN,"OHE maintenance (Wire wear 56.4%, ATD: NORMAL)",NONE,True,False,,0.0034,0.3,LOW,277,158,21.1,,,,,,,,,,,,,31.7,,,,,,,,140.0,,,0.0,286.0,258/10,258/24,9.99,56.4,WORN,GOOD,668.1,NORMAL,5555.0,-63.0,CLEAN,3.0,STABLE,False,,,,,,,,,,,,,,
TSK-TRK-0154,TRK-0154,ENGINEERING_TRACK,FZD,ETW,252.89,254.59,UP,"Track maintenance (GOOD TGI 93.2, USFD: CLEAR)",NONE,False,False,,0.0026,0.3,LOW,350,153,21.1,60kg 90UTS,1.0,17.9,100.0,90.4,92.1,91.6,93.21,GOOD,CLEAR,0.0,50.1,33.8,40.0,SAFE_RANGE,True,6.3,GOOD,160.0,A,39.0,False,0.0,0.0,358.0,,,,,,,,,,,,,,,,,,,,,,,,,,,,
TSK-OHE-0009,OHE-0009,TRACTION_DISTRIBUTION_OHE,DER,KRJ,72.25,72.94,UP,"OHE maintenance (Wire wear 45.9%, ATD: NORMAL)",NONE,True,False,,0.0026,0.3,LOW,277,152,21.1,,,,,,,,,,,,,21.7,,,,,,,,163.0,,,0.0,283.0,72/11,72/23,10.41,45.9,WORN,GOOD,417.3,NORMAL,5600.0,76.0,CLEAN,1.0,STABLE,False,,,,,,,,,,,,,,
TSK-OHE-0360,OHE-0360,TRACTION_DISTRIBUTION_OHE,NDLS,GZB,8.49,9.7,UP,"OHE maintenance (Wire wear 60.4%, ATD: NORMAL)",NONE,True,False,,0.0033,0.3,LOW,278,158,21.1,,,,,,,,,,,,,16.8,,,,,,,,206.0,,,0.0,276.0,8/6,8/23,9.83,60.4,WORN,GOOD,410.0,NORMAL,5611.0,-30.0,CLEAN,2.0,STABLE,False,,,,,,,,,,,,,,
TSK-OHE-0177,OHE-0177,TRACTION_DISTRIBUTION_OHE,FZD,ETW,233.06,234.07,DN,"OHE maintenance (Wire wear 64.9%, ATD: NORMAL)",NONE,True,False,,0.0055,0.5,LOW,279,158,21.1,,,,,,,,,,,,,41.1,,,,,,,,193.0,,,0.0,278.0,233/14,233/29,9.65,64.9,WORN,GOOD,581.5,NORMAL,5553.0,-44.0,CLEAN,0.0,STABLE,False,,,,,,,,,,,,,,
TSK-OHE-0069,OHE-0069,TRACTION_DISTRIBUTION_OHE,NDLS,GZB,10.9,11.99,UP,"OHE maintenance (Wire wear 53.4%, ATD: NORMAL)",NONE,True,False,,0.0033,0.3,LOW,278,158,21.1,,,,,,,,,,,,,16.0,,,,,,,,198.0,,,0.0,277.0,10/9,10/30,10.11,53.4,WORN,GOOD,407.4,NORMAL,5545.0,122.0,CLEAN,2.0,STABLE,False,,,,,,,,,,,,,,
TSK-OHE-0142,OHE-0142,TRACTION_DISTRIBUTION_OHE,ALJN,TDL,134.0,134.95,DN,"OHE maintenance (Wire wear 64.7%, ATD: NORMAL)",NONE,True,False,,0.0059,0.6,LOW,279,158,21.1,,,,,,,,,,,,,36.2,,,,,,,,182.0,,,0.0,280.0,134/6,134/18,9.66,64.7,WORN,GOOD,679.1,NORMAL,5590.0,0.0,CLEAN,2.0,STABLE,False,,,,,,,,,,,,,,
TSK-OHE-0165,OHE-0165,TRACTION_DISTRIBUTION_OHE,NDLS,GZB,5.77,6.74,UP,"OHE maintenance (Wire wear 52.6%, ATD: NORMAL)",NONE,True,False,,0.0038,0.4,LOW,278,157,21.1,,,,,,,,,,,,,43.6,,,,,,,,196.0,,,0.0,240.0,5/15,5/17,10.14,52.6,WORN,GOOD,677.5,NORMAL,5572.0,-62.0,POLLUTED,2.0,SETTLEMENT,False,,,,,,,,,,,,,,
TSK-OHE-0060,OHE-0060,TRACTION_DISTRIBUTION_OHE,PHD,CNB,431.95,432.8,DN,"OHE maintenance (Wire wear 60.9%, ATD: NORMAL)",NONE,True,False,,0.0028,0.3,LOW,277,158,21.1,,,,,,,,,,,,,16.0,,,,,,,,160.0,,,0.0,283.0,431/7,431/29,9.81,60.9,WORN,GOOD,398.5,NORMAL,5460.0,-106.0,CLEAN,3.0,STABLE,False,,,,,,,,,,,,,,
TSK-TRK-0158,TRK-0158,ENGINEERING_TRACK,DER,KRJ,75.38,76.56,DN,"Track maintenance (GOOD TGI 88.2, USFD: CLEAR)",NONE,False,False,,0.0021,0.2,LOW,351,154,21.0,60kg 90UTS,3.0,93.6,89.7,81.0,92.0,88.2,88.16,GOOD,CLEAR,0.0,61.1,43.2,40.0,HIGH_BUCKLING_RISK,False,120.2,FOULED,130.0,A,38.0,False,0.0,0.0,358.0,,,,,,,,,,,,,,,,,,,,,,,,,,,,
TSK-SIG-0141,SIG-0141,SIGNAL_AND_TELECOM,ALJN,ALJN,129.69,129.79,YARD,"Signal maintenance (POINT_MACHINE at ALJN, Tier: LOW)",NONE,False,False,,0.0221,2.2,LOW,288,150,21.0,,,,,,,,,,,,,,,,,,,,,356.0,,,0.0,319.0,,,,,,,,,,,,,,,POINT_MACHINE,ALJN,129.69,4.23,2.19,17.3,12704.0,0.0,5.0,2.0,0.0,85.8,81.0,87.37
TSK-OHE-0393,OHE-0393,TRACTION_DISTRIBUTION_OHE,FZD,ETW,249.53,250.83,UP,"OHE maintenance (Wire wear 49.6%, ATD: NORMAL)",NONE,True,False,,0.004,0.4,LOW,280,155,21.0,,,,,,,,,,,,,37.9,,,,,,,,56.0,,,0.0,261.0,249/9,249/18,10.26,49.6,WORN,GOOD,689.6,NORMAL,5526.0,66.0,POLLUTED,0.0,STABLE,False,,,,,,,,,,,,,,
TSK-OHE-0277,OHE-0277,TRACTION_DISTRIBUTION_OHE,DER,KRJ,48.95,49.46,UP,"OHE maintenance (Wire wear 50.4%, ATD: NORMAL)",NONE,True,False,,0.0034,0.3,LOW,279,153,21.0,,,,,,,,,,,,,44.5,,,,,,,,142.0,,,0.0,286.0,48/9,48/17,10.23,50.4,WORN,GOOD,671.9,NORMAL,5690.0,-103.0,CLEAN,2.0,STABLE,False,,,,,,,,,,,,,,
TSK-OHE-0289,OHE-0289,TRACTION_DISTRIBUTION_OHE,FZD,ETW,274.13,275.0,DN,"OHE maintenance (Wire wear 49.4%, ATD: NORMAL)",NONE,True,False,,0.004,0.4,LOW,279,153,21.0,,,,,,,,,,,,,33.1,,,,,,,,146.0,,,0.0,285.0,274/2,274/19,10.27,49.4,WORN,GOOD,526.9,NORMAL,5516.0,-96.0,CLEAN,0.0,STABLE,False,,,,,,,,,,,,,,
TSK-OHE-0064,OHE-0064,TRACTION_DISTRIBUTION_OHE,GZB,DER,34.22,35.59,DN,"OHE maintenance (Wire wear 53.1%, ATD: NORMAL)",NONE,True,False,,0.0029,0.3,LOW,279,158,21.0,,,,,,,,,,,,,16.6,,,,,,,,158.0,,,0.0,283.0,34/10,34/22,10.12,53.1,WORN,GOOD,468.5,NORMAL,5567.0,30.0,CLEAN,1.0,STABLE,False,,,,,,,,,,,,,,
TSK-OHE-0264,OHE-0264,TRACTION_DISTRIBUTION_OHE,FZD,ETW,292.8,294.04,UP,"OHE maintenance (Wire wear 45.9%, ATD: NORMAL)",NONE,True,False,,0.0037,0.4,LOW,279,154,21.0,,,,,,,,,,,,,16.0,,,,,,,,139.0,,,0.0,286.0,292/9,292/26,10.41,45.9,WORN,GOOD,552.5,NORMAL,5556.0,50.0,CLEAN,2.0,STABLE,False,,,,,,,,,,,,,,
TSK-OHE-0153,OHE-0153,TRACTION_DISTRIBUTION_OHE,GZB,DER,34.09,34.78,DN,"OHE maintenance (Wire wear 45.9%, ATD: NORMAL)",NONE,True,False,,0.0025,0.2,LOW,279,152,21.0,,,,,,,,,,,,,17.4,,,,,,,,161.0,,,0.0,283.0,34/11,34/28,10.41,45.9,WORN,GOOD,402.2,NORMAL,5541.0,-111.0,CLEAN,2.0,SETTLEMENT,False,,,,,,,,,,,,,,
TSK-OHE-0358,OHE-0358,TRACTION_DISTRIBUTION_OHE,PHD,CNB,370.01,371.08,DN,"OHE maintenance (Wire wear 45.6%, ATD: NORMAL)",NONE,True,False,,0.0026,0.3,LOW,279,153,21.0,,,,,,,,,,,,,26.4,,,,,,,,155.0,,,0.0,284.0,370/13,370/22,10.42,45.6,WORN,WORN,467.7,NORMAL,5594.0,-15.0,CLEAN,2.0,SETTLEMENT,False,,,,,,,,,,,,,,
TSK-OHE-0323,OHE-0323,TRACTION_DISTRIBUTION_OHE,ALJN,TDL,135.57,136.09,UP,"OHE maintenance (Wire wear 63.7%, ATD: NORMAL)",NONE,True,False,,0.0038,0.4,LOW,279,156,21.0,,,,,,,,,,,,,37.6,,,,,,,,197.0,,,0.0,278.0,135/5,135/32,9.7,63.7,WORN,GOOD,686.8,NORMAL,5531.0,3.0,CLEAN,1.0,SETTLEMENT,False,,,,,,,,,,,,,,
TSK-SIG-0304,SIG-0304,SIGNAL_AND_TELECOM,ETW,ETW,302.04,302.14,YARD,"Signal maintenance (POINT_MACHINE at ETW, Tier: LOW)",NONE,False,False,,0.0107,1.1,LOW,283,150,21.0,,,,,,,,,,,,,,,,,,,,,108.0,,,0.0,277.0,,,,,,,,,,,,,,,POINT_MACHINE,ETW,302.04,5.41,1.94,13.8,15482.0,0.0,5.0,7.0,0.0,76.0,537.0,75.56
TSK-TRK-0388,TRK-0388,ENGINEERING_TRACK,GZB,DER,33.32,34.7,UP,"Track maintenance (AVERAGE TGI 65.6, USFD: CLEAR)",MANUAL,False,False,,0.0014,0.1,LOW,351,186,21.0,60kg 90UTS,12.0,402.7,61.5,59.5,65.8,68.0,65.63,AVERAGE,CLEAR,0.0,37.1,20.8,40.0,SAFE_RANGE,True,54.2,GOOD,130.0,A,49.0,False,0.0,0.0,356.0,,,,,,,,,,,,,,,,,,,,,,,,,,,,
TSK-OHE-0080,OHE-0080,TRACTION_DISTRIBUTION_OHE,TDL,FZD,224.26,225.05,UP,"OHE maintenance (Wire wear 44.9%, ATD: NORMAL)",NONE,True,False,,0.0038,0.4,LOW,281,155,20.9,,,,,,,,,,,,,44.9,,,,,,,,55.0,,,0.0,299.0,224/15,224/18,10.45,44.9,WORN,GOOD,695.8,NORMAL,5536.0,-38.0,CLEAN,3.0,STABLE,False,,,,,,,,,,,,,,
TSK-TRK-0341,TRK-0341,ENGINEERING_TRACK,DER,KRJ,51.1,51.69,DN,"Track maintenance (AVERAGE TGI 75.2, USFD: CLEAR)",NONE,False,False,,0.0011,0.1,LOW,353,157,20.9,60kg 90UTS,9.0,172.7,82.4,72.9,59.1,75.9,75.22,AVERAGE,CLEAR,0.0,52.7,38.1,40.0,SAFE_RANGE,True,28.5,GOOD,130.0,A,50.0,False,0.0,0.0,356.0,,,,,,,,,,,,,,,,,,,,,,,,,,,,
TSK-TRK-0132,TRK-0132,ENGINEERING_TRACK,TDL,FZD,210.3,211.8,DN,"Track maintenance (AVERAGE TGI 68.6, USFD: CLEAR)",MANUAL,False,False,,0.0013,0.1,LOW,352,175,20.9,60kg 90UTS,10.0,343.5,55.0,59.2,88.8,71.3,68.58,AVERAGE,CLEAR,0.0,49.3,36.2,40.0,SAFE_RANGE,True,107.1,GOOD,160.0,A,48.0,False,0.0,0.0,356.0,,,,,,,,,,,,,,,,,,,,,,,,,,,,
TSK-SIG-0375,SIG-0375,SIGNAL_AND_TELECOM,ETW,ETW,302.34,302.44,YARD,"Signal maintenance (POINT_MACHINE at ETW, Tier: LOW)",NONE,False,False,,0.0087,0.9,LOW,283,150,20.9,,,,,,,,,,,,,,,,,,,,,89.0,,,0.0,279.0,,,,,,,,,,,,,,,POINT_MACHINE,ETW,302.34,5.1,2.11,21.1,6541.0,0.0,5.0,16.0,0.0,94.7,429.0,76.21
TSK-TRK-0484,TRK-0484,ENGINEERING_TRACK,ETW,PHD,335.28,336.44,UP,"Track maintenance (AVERAGE TGI 79.2, USFD: CLEAR)",NONE,False,False,,0.0018,0.2,LOW,353,152,20.9,60kg 90UTS,7.0,201.0,74.4,65.4,71.5,84.4,79.21000000000001,AVERAGE,CLEAR,0.0,37.9,22.1,40.0,SAFE_RANGE,True,15.4,GOOD,160.0,A,32.0,False,0.0,0.0,359.0,,,,,,,,,,,,,,,,,,,,,,,,,,,,
TSK-SIG-0110,SIG-0110,SIGNAL_AND_TELECOM,ETW,ETW,299.75,299.85,UP,"Signal maintenance (POINT_MACHINE at ETW, Tier: LOW)",NONE,False,False,,0.011,1.1,LOW,284,150,20.9,,,,,,,,,,,,,,,,,,,,,81.0,,,0.0,287.0,,,,,,,,,,,,,,,POINT_MACHINE,ETW,299.75,4.54,2.37,11.6,18003.0,0.0,5.0,8.0,0.0,98.9,617.0,78.49
TSK-TRK-0835,TRK-0835,ENGINEERING_TRACK,KRJ,ALJN,118.0,118.67,DN,"Track maintenance (GOOD TGI 81.3, USFD: CLEAR)",NONE,False,False,,0.0028,0.3,LOW,354,149,20.9,60kg 90UTS,5.0,160.3,74.6,84.7,89.4,81.7,81.35,GOOD,CLEAR,0.0,57.4,42.8,40.0,MODERATE_HEAT_EXPANSION,True,0.3,GOOD,130.0,A,36.0,False,0.0,0.0,358.0,,,,,,,,,,,,,,,,,,,,,,,,,,,,
TSK-TRK-0273,TRK-0273,ENGINEERING_TRACK,FZD,ETW,269.4,271.04,UP,"Track maintenance (AVERAGE TGI 72.7, USFD: CLEAR)",TAMPING,True,False,,0.0011,0.1,LOW,353,180,20.9,60kg 90UTS,10.0,289.7,60.9,71.1,86.0,74.7,72.71000000000001,AVERAGE,CLEAR,0.0,53.8,37.0,40.0,SAFE_RANGE,True,10.4,GOOD,160.0,A,49.0,False,0.0,0.0,356.0,,,,,,,,,,,,,,,,,,,,,,,,,,,,
TSK-OHE-0053,OHE-0053,TRACTION_DISTRIBUTION_OHE,NDLS,GZB,2.93,3.65,DN,"OHE maintenance (Wire wear 57.1%, ATD: NORMAL)",NONE,True,False,,0.0035,0.4,LOW,280,157,20.9,,,,,,,,,,,,,39.8,,,,,,,,145.0,,,0.0,285.0,2/4,2/32,9.96,57.1,WORN,GOOD,567.9,NORMAL,5655.0,59.0,CLEAN,2.0,STABLE,False,,,,,,,,,,,,,,
TSK-SIG-0261,SIG-0261,SIGNAL_AND_TELECOM,DER,DER,36.66,36.76,DN,"Signal maintenance (POINT_MACHINE at DER, Tier: MEDIUM)",NONE,False,False,,0.0154,1.5,LOW,287,150,20.9,,,,,,,,,,,,,,,,,,,,,297.0,,,0.0,262.0,,,,,,,,,,,,,,,POINT_MACHINE,DER,36.66,5.09,2.32,14.5,4372.0,0.0,5.0,15.0,0.0,70.9,298.0,71.41
TSK-TRK-0727,TRK-0727,ENGINEERING_TRACK,FZD,ETW,254.66,256.51,DN,"Track maintenance (AVERAGE TGI 73.7, USFD: CLEAR)",TAMPING,True,False,,0.0014,0.1,LOW,352,184,20.9,60kg 90UTS,18.0,286.5,60.6,71.4,73.6,78.5,73.72,AVERAGE,CLEAR,0.0,48.9,35.4,40.0,SAFE_RANGE,True,49.9,GOOD,160.0,A,50.0,False,0.0,0.0,356.0,,,,,,,,,,,,,,,,,,,,,,,,,,,,
TSK-OHE-0052,OHE-0052,TRACTION_DISTRIBUTION_OHE,GZB,DER,25.01,25.81,UP,"OHE maintenance (Wire wear 56.4%, ATD: NORMAL)",NONE,True,False,,0.0035,0.4,LOW,280,157,20.9,,,,,,,,,,,,,32.5,,,,,,,,145.0,,,0.0,285.0,25/12,25/23,9.99,56.4,WORN,GOOD,587.1,NORMAL,5552.0,81.0,CLEAN,1.0,STABLE,False,,,,,,,,,,,,,,
TSK-TRK-0637,TRK-0637,ENGINEERING_TRACK,KRJ,ALJN,96.8,98.05,DN,"Track maintenance (AVERAGE TGI 65.5, USFD: CLEAR)",TAMPING,True,False,,0.0014,0.1,LOW,354,184,20.8,52kg 72UTS,18.0,393.7,60.8,52.1,68.9,68.8,65.53999999999999,AVERAGE,CLEAR,0.0,54.8,40.4,40.0,SAFE_RANGE,True,171.5,FOULED,130.0,A,21.0,False,0.0,0.0,361.0,,,,,,,,,,,,,,,,,,,,,,,,,,,,
TSK-SIG-0303,SIG-0303,SIGNAL_AND_TELECOM,FZD,FZD,225.78,225.88,UP,"Signal maintenance (POINT_MACHINE at FZD, Tier: MEDIUM)",NONE,False,False,,0.0256,2.6,LOW,293,150,20.8,,,,,,,,,,,,,,,,,,,,,100.0,,,0.0,271.0,,,,,,,,,,,,,,,POINT_MACHINE,FZD,225.78,4.59,2.25,7.8,10923.0,0.0,5.0,17.0,0.0,82.2,186.0,73.96
TSK-TRK-0734,TRK-0734,ENGINEERING_TRACK,KRJ,ALJN,106.17,107.8,DN,"Track maintenance (AVERAGE TGI 77.4, USFD: CLEAR)",NONE,False,False,,0.001,0.1,LOW,354,155,20.8,60kg 90UTS,4.0,81.5,70.6,88.9,78.8,77.5,77.39,AVERAGE,CLEAR,0.0,40.7,26.3,40.0,SAFE_RANGE,True,11.8,GOOD,130.0,A,19.0,False,0.0,0.0,361.0,,,,,,,,,,,,,,,,,,,,,,,,,,,,
TSK-TRK-0601,TRK-0601,ENGINEERING_TRACK,ETW,PHD,326.19,327.54,DN,"Track maintenance (AVERAGE TGI 65.2, USFD: CLEAR)",TAMPING,True,False,,0.0023,0.2,LOW,354,183,20.8,60kg 90UTS,6.0,184.7,67.8,82.6,79.4,59.0,65.16,AVERAGE,CLEAR,0.0,36.9,23.9,40.0,SAFE_RANGE,True,51.9,GOOD,160.0,A,29.0,False,0.0,0.0,359.0,,,,,,,,,,,,,,,,,,,,,,,,,,,,
TSK-TRK-0241,TRK-0241,ENGINEERING_TRACK,GZB,DER,34.14,35.74,DN,"Track maintenance (AVERAGE TGI 65.5, USFD: CLEAR)",TAMPING,True,False,,0.0019,0.2,LOW,354,187,20.8,52kg 72UTS,10.0,218.6,74.8,83.2,58.3,60.6,65.47,AVERAGE,CLEAR,0.0,52.6,38.4,40.0,SAFE_RANGE,True,62.7,GOOD,130.0,A,54.0,False,0.0,0.0,355.0,,,,,,,,,,,,,,,,,,,,,,,,,,,,
TSK-TRK-0023,TRK-0023,ENGINEERING_TRACK,ALJN,TDL,163.57,165.51,DN,"Track maintenance (GOOD TGI 88.5, USFD: CLEAR)",NONE,False,False,,0.0019,0.2,LOW,356,154,20.7,60kg 90UTS,5.0,94.0,86.9,69.7,86.3,92.5,88.47999999999999,GOOD,CLEAR,0.0,34.2,23.7,40.0,SAFE_RANGE,True,132.4,FOULED,160.0,A,36.0,False,0.0,0.0,358.0,,,,,,,,,,,,,,,,,,,,,,,,,,,,
TSK-SIG-0370,SIG-0370,SIGNAL_AND_TELECOM,ETW,ETW,302.18,302.28,DN,"Signal maintenance (POINT_MACHINE at ETW, Tier: LOW)",NONE,False,False,,0.017,1.7,LOW,291,150,20.7,,,,,,,,,,,,,,,,,,,,,192.0,,,0.0,291.0,,,,,,,,,,,,,,,POINT_MACHINE,ETW,302.18,4.2,2.54,15.3,5384.0,0.0,5.0,16.0,0.0,94.3,658.0,79.59
TSK-TRK-0026,TRK-0026,ENGINEERING_TRACK,TDL,FZD,223.96,224.77,DN,"Track maintenance (AVERAGE TGI 77.7, USFD: CLEAR)",NONE,False,False,,0.0014,0.1,LOW,355,155,20.7,60kg 90UTS,8.0,162.5,62.3,84.3,72.7,82.5,77.66,AVERAGE,CLEAR,0.0,36.6,21.4,40.0,SAFE_RANGE,True,82.3,GOOD,160.0,A,42.0,False,0.0,0.0,357.0,,,,,,,,,,,,,,,,,,,,,,,,,,,,
TSK-TRK-0353,TRK-0353,ENGINEERING_TRACK,ETW,PHD,303.75,305.47,UP,"Track maintenance (AVERAGE TGI 72.2, USFD: CLEAR)",MANUAL,False,False,,0.0018,0.2,LOW,356,168,20.7,60kg 90UTS,10.0,222.0,55.0,70.4,84.2,76.2,72.18,AVERAGE,CLEAR,0.0,49.0,35.6,40.0,SAFE_RANGE,True,20.9,GOOD,160.0,A,28.0,False,0.0,0.0,360.0,,,,,,,,,,,,,,,,,,,,,,,,,,,,
TSK-TRK-0645,TRK-0645,ENGINEERING_TRACK,KRJ,ALJN,98.79,100.04,DN,"Track maintenance (AVERAGE TGI 73.6, USFD: CLEAR)",MANUAL,False,False,,0.0012,0.1,LOW,356,168,20.7,52kg 72UTS,6.0,163.8,62.7,68.7,92.7,74.9,73.62,AVERAGE,CLEAR,0.0,40.9,27.4,40.0,SAFE_RANGE,True,89.5,GOOD,130.0,A,43.0,False,0.0,0.0,357.0,,,,,,,,,,,,,,,,,,,,,,,,,,,,
TSK-SIG-0253,SIG-0253,SIGNAL_AND_TELECOM,PHD,PHD,356.8,356.9,UP,"Signal maintenance (POINT_MACHINE at PHD, Tier: LOW)",NONE,False,False,,0.0091,0.9,LOW,286,150,20.7,,,,,,,,,,,,,,,,,,,,,334.0,,,0.0,284.0,,,,,,,,,,,,,,,POINT_MACHINE,PHD,356.8,4.84,2.21,20.3,6584.0,0.0,5.0,19.0,0.0,77.4,509.0,77.75
TSK-TRK-0298,TRK-0298,ENGINEERING_TRACK,TDL,FZD,221.27,223.27,UP,"Track maintenance (GOOD TGI 84.4, USFD: CLEAR)",NONE,False,False,,0.0017,0.2,LOW,355,155,20.7,60kg 90UTS,4.0,79.8,73.4,91.6,93.0,85.5,84.44,GOOD,CLEAR,0.0,38.6,24.3,40.0,SAFE_RANGE,True,142.4,GOOD,160.0,A,33.0,False,0.0,0.0,359.0,,,,,,,,,,,,,,,,,,,,,,,,,,,,
TSK-TRK-0066,TRK-0066,ENGINEERING_TRACK,ALJN,TDL,206.5,208.25,DN,"Track maintenance (AVERAGE TGI 79.0, USFD: CLEAR)",NONE,False,False,,0.0023,0.2,LOW,356,157,20.7,60kg 90UTS,8.0,177.7,88.7,77.9,89.1,74.2,78.96000000000001,AVERAGE,CLEAR,0.0,41.6,25.9,40.0,SAFE_RANGE,True,22.8,GOOD,160.0,A,28.0,False,0.0,0.0,360.0,,,,,,,,,,,,,,,,,,,,,,,,,,,,
TSK-SIG-0330,SIG-0330,SIGNAL_AND_TELECOM,NDLS,NDLS,1.43,1.53,UP,"Signal maintenance (POINT_MACHINE at NDLS, Tier: LOW)",NONE,False,False,,0.0132,1.3,LOW,288,150,20.7,,,,,,,,,,,,,,,,,,,,,321.0,,,0.0,292.0,,,,,,,,,,,,,,,POINT_MACHINE,NDLS,1.43,4.8,2.15,12.0,7552.0,0.0,5.0,11.0,0.0,94.2,652.0,79.76
TSK-SIG-0360,SIG-0360,SIGNAL_AND_TELECOM,GZB,GZB,26.29,26.39,DN,"Signal maintenance (POINT_MACHINE at GZB, Tier: LOW)",NONE,False,False,,0.0148,1.5,LOW,290,150,20.7,,,,,,,,,,,,,,,,,,,,,64.0,,,0.0,281.0,,,,,,,,,,,,,,,POINT_MACHINE,GZB,26.29,4.54,2.44,10.6,7905.0,0.0,5.0,2.0,0.0,96.2,420.0,76.84
TSK-TRK-0465,TRK-0465,ENGINEERING_TRACK,ETW,PHD,343.12,343.85,DN,"Track maintenance (AVERAGE TGI 76.3, USFD: CLEAR)",NONE,False,False,,0.0013,0.1,LOW,357,153,20.6,60kg 90UTS,11.0,255.2,60.9,80.4,88.3,78.8,76.33,AVERAGE,CLEAR,0.0,37.2,26.4,40.0,SAFE_RANGE,True,118.6,GOOD,160.0,A,27.0,False,0.0,0.0,360.0,,,,,,,,,,,,,,,,,,,,,,,,,,,,
TSK-OHE-0141,OHE-0141,TRACTION_DISTRIBUTION_OHE,GZB,DER,26.7,27.69,DN,"OHE maintenance (Wire wear 42.6%, ATD: NORMAL)",NONE,True,False,,0.0064,0.6,LOW,287,154,20.6,,,,,,,,,,,,,29.4,,,,,,,,115.0,,,0.0,290.0,26/1,26/20,10.54,42.6,WORN,WORN,463.9,NORMAL,5496.0,-22.0,CLEAN,4.0,STABLE,False,,,,,,,,,,,,,,
TSK-TRK-0648,TRK-0648,ENGINEERING_TRACK,FZD,ETW,275.1,276.07,DN,"Track maintenance (GOOD TGI 82.3, USFD: CLEAR)",NONE,False,False,,0.0006,0.1,LOW,357,151,20.6,60kg 90UTS,13.0,260.3,78.5,87.6,78.2,83.3,82.25999999999999,GOOD,CLEAR,0.0,46.8,31.4,40.0,SAFE_RANGE,True,98.6,GOOD,160.0,A,14.0,False,0.0,0.0,362.0,,,,,,,,,,,,,,,,,,,,,,,,,,,,
TSK-SIG-0148,SIG-0148,SIGNAL_AND_TELECOM,TDL,TDL,208.18,208.28,DN,"Signal maintenance (POINT_MACHINE at TDL, Tier: LOW)",NONE,False,False,,0.0177,1.8,LOW,293,150,20.6,,,,,,,,,,,,,,,,,,,,,29.0,,,0.0,293.0,,,,,,,,,,,,,,,POINT_MACHINE,TDL,208.18,4.11,2.57,15.1,6712.0,0.0,5.0,14.0,0.0,94.7,371.0,80.23
TSK-SIG-0007,SIG-0007,SIGNAL_AND_TELECOM,TDL,TDL,208.61,208.71,DN,"Signal maintenance (POINT_MACHINE at TDL, Tier: LOW)",NONE,False,False,,0.0106,1.1,LOW,288,150,20.6,,,,,,,,,,,,,,,,,,,,,327.0,,,0.0,299.0,,,,,,,,,,,,,,,POINT_MACHINE,TDL,208.61,4.64,2.16,15.1,10868.0,0.0,5.0,15.0,0.0,87.1,563.0,81.93
TSK-TRK-0730,TRK-0730,ENGINEERING_TRACK,KRJ,ALJN,122.0,123.76,DN,"Track maintenance (AVERAGE TGI 76.5, USFD: CLEAR)",NONE,False,False,,0.0008,0.1,LOW,356,157,20.6,52kg 72UTS,3.0,93.4,70.2,86.8,89.6,74.7,76.5,AVERAGE,CLEAR,0.0,47.0,33.8,40.0,SAFE_RANGE,True,8.1,GOOD,130.0,A,16.0,False,0.0,0.0,362.0,,,,,,,,,,,,,,,,,,,,,,,,,,,,
TSK-TRK-0221,TRK-0221,ENGINEERING_TRACK,GZB,DER,34.84,36.72,UP,"Track maintenance (AVERAGE TGI 66.6, USFD: CLEAR)",TAMPING,True,False,,0.001,0.1,LOW,357,188,20.6,52kg 72UTS,7.0,231.2,82.5,80.1,75.4,57.6,66.61,AVERAGE,CLEAR,0.0,50.5,36.0,40.0,SAFE_RANGE,True,48.8,GOOD,130.0,A,43.0,False,0.0,0.0,357.0,,,,,,,,,,,,,,,,,,,,,,,,,,,,
TSK-TRK-0129,TRK-0129,ENGINEERING_TRACK,KRJ,ALJN,98.11,99.32,UP,"Track maintenance (GOOD TGI 88.9, USFD: CLEAR)",NONE,False,False,,0.0009,0.1,LOW,357,154,20.6,52kg 72UTS,2.0,48.0,91.6,82.8,86.8,89.4,88.92,GOOD,CLEAR,0.0,55.8,39.1,40.0,MODERATE_HEAT_EXPANSION,True,176.8,FOULED,130.0,A,48.0,False,0.0,0.0,356.0,,,,,,,,,,,,,,,,,,,,,,,,,,,,
TSK-TRK-0127,TRK-0127,ENGINEERING_TRACK,DER,KRJ,56.79,57.99,DN,"Track maintenance (AVERAGE TGI 69.0, USFD: CLEAR)",TAMPING,True,False,,0.0019,0.2,LOW,357,181,20.6,52kg 72UTS,9.0,241.5,52.1,55.1,68.9,77.0,69.02000000000001,AVERAGE,CLEAR,0.0,37.8,27.2,40.0,SAFE_RANGE,True,83.1,GOOD,130.0,A,24.0,False,0.0,0.0,360.0,,,,,,,,,,,,,,,,,,,,,,,,,,,,
TSK-TRK-0749,TRK-0749,ENGINEERING_TRACK,NDLS,GZB,6.67,7.8,DN,"Track maintenance (GOOD TGI 86.3, USFD: CLEAR)",NONE,False,False,,0.0008,0.1,LOW,356,151,20.6,60kg 90UTS,11.0,166.1,87.4,90.4,77.8,86.7,86.32000000000001,GOOD,CLEAR,0.0,33.8,23.1,40.0,SAFE_RANGE,True,102.9,FOULED,130.0,A,17.0,False,0.0,0.0,362.0,,,,,,,,,,,,,,,,,,,,,,,,,,,,
TSK-SIG-0447,SIG-0447,SIGNAL_AND_TELECOM,GZB,GZB,24.28,24.38,DN,"Signal maintenance (POINT_MACHINE at GZB, Tier: LOW)",NONE,False,False,,0.0126,1.3,LOW,289,150,20.6,,,,,,,,,,,,,,,,,,,,,273.0,,,0.0,306.0,,,,,,,,,,,,,,,POINT_MACHINE,GZB,24.28,4.56,2.13,15.3,1929.0,0.0,5.0,17.0,0.0,74.0,674.0,83.84
TSK-OHE-0291,OHE-0291,TRACTION_DISTRIBUTION_OHE,FZD,ETW,262.79,263.77,DN,"OHE maintenance (Wire wear 35.1%, ATD: NORMAL)",NONE,True,False,,0.0172,1.7,LOW,292,153,20.6,,,,,,,,,,,,,34.9,,,,,,,,351.0,,,0.0,311.0,262/13,262/24,10.84,35.1,GOOD,GOOD,631.4,NORMAL,5521.0,-15.0,CLEAN,0.0,STABLE,False,,,,,,,,,,,,,,
TSK-TRK-0121,TRK-0121,ENGINEERING_TRACK,PHD,CNB,414.7,415.95,DN,"Track maintenance (AVERAGE TGI 73.9, USFD: CLEAR)",MANUAL,False,False,,0.001,0.1,LOW,358,164,20.5,60kg 90UTS,3.0,68.8,88.8,88.2,85.4,64.6,73.88,AVERAGE,CLEAR,0.0,50.8,37.3,40.0,SAFE_RANGE,True,82.8,GOOD,130.0,A,44.0,False,0.0,0.0,357.0,,,,,,,,,,,,,,,,,,,,,,,,,,,,
TSK-OHE-0494,OHE-0494,TRACTION_DISTRIBUTION_OHE,NDLS,GZB,3.15,3.88,UP,"OHE maintenance (Wire wear 54.1%, ATD: NORMAL)",NONE,True,False,,0.0039,0.4,LOW,287,157,20.5,,,,,,,,,,,,,36.5,,,,,,,,92.0,,,0.0,294.0,3/1,3/28,10.08,54.1,WORN,GOOD,663.3,NORMAL,5658.0,-116.0,CLEAN,4.0,STABLE,False,,,,,,,,,,,,,,
TSK-TRK-0540,TRK-0540,ENGINEERING_TRACK,NDLS,GZB,8.86,10.18,UP,"Track maintenance (GOOD TGI 83.7, USFD: CLEAR)",NONE,False,False,,0.0007,0.1,LOW,358,154,20.5,52kg 72UTS,1.0,29.1,100.0,86.2,94.6,76.1,83.73999999999998,GOOD,CLEAR,0.0,52.2,39.3,40.0,SAFE_RANGE,True,155.0,FOULED,130.0,A,20.0,False,0.0,0.0,361.0,,,,,,,,,,,,,,,,,,,,,,,,,,,,
TSK-SIG-0182,SIG-0182,SIGNAL_AND_TELECOM,KRJ,KRJ,84.22,84.32,DN,"Signal maintenance (POINT_MACHINE at KRJ, Tier: LOW)",NONE,False,False,,0.0172,1.7,LOW,293,150,20.5,,,,,,,,,,,,,,,,,,,,,276.0,,,0.0,299.0,,,,,,,,,,,,,,,POINT_MACHINE,KRJ,84.22,4.53,2.24,14.2,6528.0,0.0,5.0,4.0,0.0,86.3,494.0,81.7
TSK-TRK-0743,TRK-0743,ENGINEERING_TRACK,TDL,FZD,215.19,216.95,UP,"Track maintenance (AVERAGE TGI 76.6, USFD: CLEAR)",NONE,False,False,,0.0007,0.1,LOW,358,158,20.5,60kg 90UTS,4.0,97.0,80.8,77.7,92.6,72.3,76.57,AVERAGE,CLEAR,0.0,55.9,42.3,40.0,MODERATE_HEAT_EXPANSION,True,39.9,GOOD,160.0,A,15.0,False,0.0,0.0,362.0,,,,,,,,,,,,,,,,,,,,,,,,,,,,
TSK-OHE-0140,OHE-0140,TRACTION_DISTRIBUTION_OHE,ETW,PHD,332.32,332.9,UP,"OHE maintenance (Wire wear 53.9%, ATD: NORMAL)",NONE,True,False,,0.005,0.5,LOW,287,154,20.5,,,,,,,,,,,,,20.8,,,,,,,,65.0,,,0.0,260.0,332/10,332/16,10.09,53.9,WORN,GOOD,566.3,NORMAL,5638.0,77.0,POLLUTED,4.0,STABLE,False,,,,,,,,,,,,,,
TSK-SIG-0026,SIG-0026,SIGNAL_AND_TELECOM,CNB,CNB,440.0,440.1,YARD,"Signal maintenance (POINT_MACHINE at CNB, Tier: LOW)",NONE,False,False,,0.018,1.8,LOW,294,150,20.5,,,,,,,,,,,,,,,,,,,,,323.0,,,0.0,313.0,,,,,,,,,,,,,,,POINT_MACHINE,CNB,440.0,4.61,1.98,9.7,8677.0,0.0,5.0,10.0,0.0,70.5,220.0,85.71
TSK-OHE-0476,OHE-0476,TRACTION_DISTRIBUTION_OHE,NDLS,GZB,10.72,11.53,UP,"OHE maintenance (Wire wear 51.1%, ATD: NORMAL)",NONE,True,False,,0.0061,0.6,LOW,288,156,20.5,,,,,,,,,,,,,17.5,,,,,,,,100.0,,,0.0,292.0,10/10,10/28,10.2,51.1,WORN,GOOD,453.0,NORMAL,5612.0,-19.0,CLEAN,1.0,STABLE,False,,,,,,,,,,,,,,
TSK-TRK-0279,TRK-0279,ENGINEERING_TRACK,PHD,CNB,422.86,424.43,DN,"Track maintenance (AVERAGE TGI 70.4, USFD: CLEAR)",TAMPING,True,False,,0.0012,0.1,LOW,358,181,20.5,60kg 90UTS,8.0,171.5,92.0,69.7,72.4,63.0,70.41,AVERAGE,CLEAR,0.0,44.6,28.8,40.0,SAFE_RANGE,True,48.8,GOOD,130.0,A,44.0,False,0.0,0.0,357.0,,,,,,,,,,,,,,,,,,,,,,,,,,,,
TSK-TRK-0491,TRK-0491,ENGINEERING_TRACK,KRJ,ALJN,129.81,131.78,DN,"Track maintenance (GOOD TGI 86.4, USFD: CLEAR)",NONE,False,False,,0.0007,0.1,LOW,359,156,20.4,60kg 90UTS,2.0,55.0,79.2,75.8,93.8,89.4,86.44000000000001,GOOD,CLEAR,0.0,57.9,40.8,40.0,MODERATE_HEAT_EXPANSION,True,146.7,GOOD,130.0,A,20.0,False,0.0,0.0,361.0,,,,,,,,,,,,,,,,,,,,,,,,,,,,
TSK-OHE-0388,OHE-0388,TRACTION_DISTRIBUTION_OHE,ALJN,TDL,142.59,143.72,DN,"OHE maintenance (Wire wear 51.4%, ATD: NORMAL)",NONE,True,False,,0.0046,0.5,LOW,288,157,20.4,,,,,,,,,,,,,43.9,,,,,,,,76.0,,,0.0,296.0,142/6,142/19,10.19,51.4,WORN,GOOD,542.1,NORMAL,5578.0,-11.0,CLEAN,4.0,STABLE,False,,,,,,,,,,,,,,
TSK-TRK-0278,TRK-0278,ENGINEERING_TRACK,PHD,CNB,357.21,359.0,UP,"Track maintenance (AVERAGE TGI 72.9, USFD: CLEAR)",MANUAL,False,False,,0.001,0.1,LOW,360,170,20.4,60kg 90UTS,8.0,127.4,78.1,69.7,92.7,68.4,72.9,AVERAGE,CLEAR,0.0,44.9,27.5,40.0,SAFE_RANGE,True,32.2,GOOD,130.0,A,23.0,False,0.0,0.0,360.0,,,,,,,,,,,,,,,,,,,,,,,,,,,,
TSK-OHE-0081,OHE-0081,TRACTION_DISTRIBUTION_OHE,NDLS,GZB,20.04,21.2,DN,"OHE maintenance (Wire wear 44.1%, ATD: NORMAL)",NONE,True,False,,0.0039,0.4,LOW,288,155,20.4,,,,,,,,,,,,,37.9,,,,,,,,84.0,,,0.0,295.0,20/2,20/24,10.48,44.1,WORN,GOOD,525.1,NORMAL,5528.0,74.0,CLEAN,2.0,STABLE,False,,,,,,,,,,,,,,
TSK-OHE-0097,OHE-0097,TRACTION_DISTRIBUTION_OHE,KRJ,ALJN,113.3,113.97,UP,"OHE maintenance (Wire wear 63.2%, ATD: NORMAL)",NONE,True,False,,0.0055,0.5,LOW,289,158,20.4,,,,,,,,,,,,,38.4,,,,,,,,127.0,,,0.0,288.0,113/15,113/19,9.72,63.2,WORN,WORN,551.8,NORMAL,5587.0,128.0,CLEAN,2.0,STABLE,False,,,,,,,,,,,,,,
TSK-OHE-0038,OHE-0038,TRACTION_DISTRIBUTION_OHE,DER,KRJ,58.86,59.65,DN,"OHE maintenance (Wire wear 42.9%, ATD: NORMAL)",NONE,True,False,,0.0039,0.4,LOW,288,154,20.4,,,,,,,,,,,,,33.8,,,,,,,,86.0,,,0.0,294.0,58/1,58/28,10.53,42.9,WORN,GOOD,533.3,NORMAL,5618.0,-226.0,CLEAN,4.0,STABLE,False,,,,,,,,,,,,,,
TSK-OHE-0478,OHE-0478,TRACTION_DISTRIBUTION_OHE,DER,KRJ,47.27,47.79,DN,"OHE maintenance (Wire wear 42.4%, ATD: NORMAL)",NONE,True,False,,0.0047,0.5,LOW,288,153,20.4,,,,,,,,,,,,,40.3,,,,,,,,100.0,,,0.0,292.0,47/15,47/25,10.55,42.4,WORN,GOOD,573.5,NORMAL,5527.0,111.0,CLEAN,3.0,SETTLEMENT,False,,,,,,,,,,,,,,
TSK-SIG-0111,SIG-0111,SIGNAL_AND_TELECOM,ETW,ETW,301.66,301.76,YARD,"Signal maintenance (POINT_MACHINE at ETW, Tier: LOW)",NONE,False,False,,0.0173,1.7,LOW,295,150,20.4,,,,,,,,,,,,,,,,,,,,,185.0,,,0.0,291.0,,,,,,,,,,,,,,,POINT_MACHINE,ETW,301.66,4.88,2.11,14.1,1541.0,0.0,5.0,13.0,0.0,94.6,383.0,79.51
TSK-TRK-0075,TRK-0075,ENGINEERING_TRACK,NDLS,GZB,21.35,22.95,DN,"Track maintenance (GOOD TGI 83.1, USFD: CLEAR)",NONE,False,False,,0.0007,0.1,LOW,359,155,20.4,60kg 90UTS,1.0,16.8,68.7,100.0,100.0,82.3,83.11999999999999,GOOD,CLEAR,0.0,59.7,43.0,40.0,MODERATE_HEAT_EXPANSION,True,103.5,FOULED,130.0,A,15.0,False,0.0,0.0,362.0,,,,,,,,,,,,,,,,,,,,,,,,,,,,
TSK-SIG-0196,SIG-0196,SIGNAL_AND_TELECOM,FZD,FZD,226.95,227.05,YARD,"Signal maintenance (POINT_MACHINE at FZD, Tier: MEDIUM)",NONE,False,False,,0.0104,1.0,LOW,291,150,20.4,,,,,,,,,,,,,,,,,,,,,66.0,,,0.0,274.0,,,,,,,,,,,,,,,POINT_MACHINE,FZD,226.95,4.88,2.31,18.2,3288.0,0.0,5.0,1.0,0.0,97.5,542.0,74.8
TSK-TRK-0812,TRK-0812,ENGINEERING_TRACK,ETW,PHD,317.82,318.74,DN,"Track maintenance (GOOD TGI 86.6, USFD: CLEAR)",NONE,False,False,,0.0008,0.1,LOW,360,152,20.4,60kg 90UTS,3.0,65.0,65.4,95.4,84.6,92.6,86.63999999999999,GOOD,CLEAR,0.0,48.2,36.6,40.0,SAFE_RANGE,True,164.9,FOULED,160.0,A,7.0,False,0.0,0.0,363.0,,,,,,,,,,,,,,,,,,,,,,,,,,,,
TSK-TRK-0537,TRK-0537,ENGINEERING_TRACK,FZD,ETW,250.23,251.7,UP,"Track maintenance (AVERAGE TGI 77.3, USFD: CLEAR)",NONE,False,False,,0.0009,0.1,LOW,361,156,20.3,60kg 90UTS,3.0,58.1,100.0,72.1,87.2,69.0,77.33,AVERAGE,CLEAR,0.0,36.2,21.6,40.0,SAFE_RANGE,True,135.9,FOULED,160.0,A,5.0,False,0.0,0.0,364.0,,,,,,,,,,,,,,,,,,,,,,,,,,,,
TSK-OHE-0044,OHE-0044,TRACTION_DISTRIBUTION_OHE,FZD,ETW,288.13,289.3,DN,"OHE maintenance (Wire wear 43.9%, ATD: NORMAL)",NONE,True,False,,0.0041,0.4,LOW,290,155,20.3,,,,,,,,,,,,,28.1,,,,,,,,57.0,,,0.0,299.0,288/11,288/27,10.49,43.9,WORN,GOOD,497.1,NORMAL,5521.0,-69.0,CLEAN,4.0,STABLE,False,,,,,,,,,,,,,,
TSK-SIG-0133,SIG-0133,SIGNAL_AND_TELECOM,ALJN,ALJN,129.79,129.89,YARD,"Signal maintenance (POINT_MACHINE at ALJN, Tier: LOW)",NONE,False,False,,0.0124,1.2,LOW,294,150,20.3,,,,,,,,,,,,,,,,,,,,,48.0,,,0.0,287.0,,,,,,,,,,,,,,,POINT_MACHINE,ALJN,129.79,4.74,1.91,7.4,22994.0,0.0,5.0,3.0,0.0,83.3,34.0,78.51
TSK-OHE-0399,OHE-0399,TRACTION_DISTRIBUTION_OHE,TDL,FZD,215.44,216.46,DN,"OHE maintenance (Wire wear 64.9%, ATD: NORMAL)",NONE,True,False,,0.0041,0.4,LOW,290,158,20.3,,,,,,,,,,,,,25.1,,,,,,,,77.0,,,0.0,296.0,215/1,215/32,9.65,64.9,WORN,GOOD,623.5,NORMAL,5560.0,114.0,CLEAN,3.0,STABLE,False,,,,,,,,,,,,,,
TSK-OHE-0518,OHE-0518,TRACTION_DISTRIBUTION_OHE,TDL,FZD,222.28,223.45,UP,"OHE maintenance (Wire wear 48.9%, ATD: NORMAL)",NONE,True,False,,0.0039,0.4,LOW,290,155,20.3,,,,,,,,,,,,,17.5,,,,,,,,91.0,,,0.0,294.0,222/2,222/19,10.29,48.9,WORN,GOOD,373.0,NORMAL,5523.0,23.0,CLEAN,2.0,STABLE,False,,,,,,,,,,,,,,
TSK-OHE-0113,OHE-0113,TRACTION_DISTRIBUTION_OHE,DER,KRJ,81.95,83.04,DN,"OHE maintenance (Wire wear 52.4%, ATD: NORMAL)",NONE,True,False,,0.0044,0.4,LOW,290,157,20.3,,,,,,,,,,,,,28.9,,,,,,,,119.0,,,0.0,289.0,81/15,81/21,10.15,52.4,WORN,GOOD,585.9,NORMAL,5610.0,-39.0,CLEAN,2.0,STABLE,False,,,,,,,,,,,,,,
TSK-OHE-0495,OHE-0495,TRACTION_DISTRIBUTION_OHE,FZD,ETW,275.39,276.62,UP,"OHE maintenance (Wire wear 50.9%, ATD: NORMAL)",NONE,True,False,,0.0046,0.5,LOW,291,156,20.2,,,,,,,,,,,,,16.8,,,,,,,,79.0,,,0.0,295.0,275/6,275/17,10.21,50.9,WORN,GOOD,459.1,NORMAL,5628.0,113.0,CLEAN,0.0,STABLE,False,,,,,,,,,,,,,,
TSK-TRK-0172,TRK-0172,ENGINEERING_TRACK,KRJ,ALJN,110.42,110.99,DN,"Track maintenance (AVERAGE TGI 68.0, USFD: CLEAR)",TAMPING,True,False,,0.0017,0.2,LOW,363,177,20.2,60kg 90UTS,16.0,431.2,66.3,58.2,67.6,70.2,67.96000000000001,AVERAGE,CLEAR,0.0,55.3,39.9,40.0,MODERATE_HEAT_EXPANSION,True,51.4,FOULED,130.0,A,9.0,False,0.0,0.0,363.0,,,,,,,,,,,,,,,,,,,,,,,,,,,,
TSK-TRK-0312,TRK-0312,ENGINEERING_TRACK,ALJN,TDL,181.87,182.82,UP,"Track maintenance (GOOD TGI 84.1, USFD: CLEAR)",NONE,False,False,,0.0011,0.1,LOW,362,149,20.2,60kg 90UTS,2.0,45.7,87.2,76.9,88.9,83.5,84.12,GOOD,CLEAR,0.0,46.2,32.3,40.0,SAFE_RANGE,True,9.8,GOOD,160.0,A,6.0,False,0.0,0.0,363.0,,,,,,,,,,,,,,,,,,,,,,,,,,,,
TSK-TRK-0244,TRK-0244,ENGINEERING_TRACK,DER,KRJ,45.39,46.88,DN,"Track maintenance (GOOD TGI 82.5, USFD: CLEAR)",NONE,False,False,,0.0011,0.1,LOW,362,154,20.2,52kg 72UTS,1.0,29.7,80.1,70.5,95.3,83.1,82.46,GOOD,CLEAR,0.0,54.6,41.0,40.0,SAFE_RANGE,True,77.3,GOOD,130.0,A,7.0,False,0.0,0.0,363.0,,,,,,,,,,,,,,,,,,,,,,,,,,,,
TSK-OHE-0083,OHE-0083,TRACTION_DISTRIBUTION_OHE,NDLS,GZB,2.48,3.43,DN,"OHE maintenance (Wire wear 52.9%, ATD: NORMAL)",NONE,True,False,,0.004,0.4,LOW,291,156,20.2,,,,,,,,,,,,,17.4,,,,,,,,57.0,,,0.0,299.0,2/13,2/22,10.13,52.9,WORN,GOOD,369.1,NORMAL,5521.0,24.0,CLEAN,4.0,STABLE,False,,,,,,,,,,,,,,
TSK-SIG-0050,SIG-0050,SIGNAL_AND_TELECOM,NDLS,NDLS,0.11,0.21,DN,"Signal maintenance (POINT_MACHINE at NDLS, Tier: LOW)",NONE,False,False,,0.0153,1.5,LOW,297,150,20.2,,,,,,,,,,,,,,,,,,,,,246.0,,,0.0,300.0,,,,,,,,,,,,,,,POINT_MACHINE,NDLS,0.11,4.07,2.52,11.9,16755.0,0.0,5.0,18.0,0.0,96.9,634.0,82.01
TSK-TRK-0768,TRK-0768,ENGINEERING_TRACK,TDL,FZD,212.95,214.39,DN,"Track maintenance (AVERAGE TGI 71.4, USFD: CLEAR)",TAMPING,True,False,,0.001,0.1,LOW,362,171,20.2,60kg 90UTS,5.0,160.2,71.7,77.2,86.2,67.9,71.42,AVERAGE,CLEAR,0.0,60.3,43.2,40.0,HIGH_BUCKLING_RISK,False,37.7,GOOD,160.0,A,46.0,False,0.0,0.0,356.0,,,,,,,,,,,,,,,,,,,,,,,,,,,,
TSK-OHE-0151,OHE-0151,TRACTION_DISTRIBUTION_OHE,DER,KRJ,78.21,79.3,UP,"OHE maintenance (Wire wear 45.9%, ATD: NORMAL)",NONE,True,False,,0.0045,0.5,LOW,291,154,20.2,,,,,,,,,,,,,36.4,,,,,,,,99.0,,,0.0,292.0,78/2,78/21,10.41,45.9,WORN,WORN,609.9,NORMAL,5476.0,33.0,CLEAN,0.0,STABLE,False,,,,,,,,,,,,,,
TSK-TRK-0360,TRK-0360,ENGINEERING_TRACK,DER,KRJ,59.75,60.95,DN,"Track maintenance (AVERAGE TGI 74.6, USFD: CLEAR)",TAMPING,True,False,,0.0013,0.1,LOW,363,178,20.2,60kg 90UTS,6.0,99.0,65.1,82.5,96.3,72.9,74.64000000000001,AVERAGE,CLEAR,0.0,42.7,30.8,40.0,SAFE_RANGE,True,174.6,FOULED,130.0,A,30.0,False,0.0,0.0,359.0,,,,,,,,,,,,,,,,,,,,,,,,,,,,
TSK-OHE-0373,OHE-0373,TRACTION_DISTRIBUTION_OHE,KRJ,ALJN,128.63,129.75,UP,"OHE maintenance (Wire wear 56.9%, ATD: NORMAL)",NONE,True,False,,0.0039,0.4,LOW,292,158,20.1,,,,,,,,,,,,,34.0,,,,,,,,73.0,,,0.0,296.0,128/11,128/31,9.97,56.9,WORN,GOOD,578.9,NORMAL,5610.0,-53.0,CLEAN,0.0,STABLE,False,,,,,,,,,,,,,,
TSK-SIG-0357,SIG-0357,SIGNAL_AND_TELECOM,DER,DER,36.34,36.44,YARD,"Signal maintenance (POINT_MACHINE at DER, Tier: LOW)",NONE,False,False,,0.0089,0.9,LOW,295,150,20.1,,,,,,,,,,,,,,,,,,,,,296.0,,,0.0,302.0,,,,,,,,,,,,,,,POINT_MACHINE,DER,36.34,4.42,2.27,22.9,1965.0,0.0,5.0,10.0,0.0,77.8,648.0,82.64
TSK-SIG-0333,SIG-0333,SIGNAL_AND_TELECOM,KRJ,KRJ,81.92,82.02,UP,"Signal maintenance (POINT_MACHINE at KRJ, Tier: LOW)",NONE,False,False,,0.0074,0.7,LOW,295,150,20.1,,,,,,,,,,,,,,,,,,,,,247.0,,,0.0,286.0,,,,,,,,,,,,,,,POINT_MACHINE,KRJ,81.92,4.55,2.38,18.8,9122.0,0.0,5.0,18.0,0.0,93.6,646.0,78.1
TSK-TRK-0704,TRK-0704,ENGINEERING_TRACK,TDL,FZD,221.56,223.21,DN,"Track maintenance (GOOD TGI 84.7, USFD: CLEAR)",NONE,False,False,,0.0016,0.2,LOW,365,153,20.1,52kg 72UTS,5.0,160.3,75.1,77.5,99.8,86.6,84.71,GOOD,CLEAR,0.0,55.5,40.7,40.0,MODERATE_HEAT_EXPANSION,True,18.7,GOOD,160.0,A,30.0,False,0.0,0.0,359.0,,,,,,,,,,,,,,,,,,,,,,,,,,,,
TSK-OHE-0252,OHE-0252,TRACTION_DISTRIBUTION_OHE,NDLS,GZB,2.67,3.75,DN,"OHE maintenance (Wire wear 47.6%, ATD: NORMAL)",NONE,True,False,,0.0055,0.6,LOW,294,154,20.1,,,,,,,,,,,,,19.3,,,,,,,,59.0,,,0.0,299.0,2/7,2/28,10.34,47.6,WORN,GOOD,554.0,NORMAL,5564.0,-111.0,CLEAN,2.0,STABLE,False,,,,,,,,,,,,,,
TSK-SIG-0266,SIG-0266,SIGNAL_AND_TELECOM,ETW,ETW,302.1,302.2,YARD,"Signal maintenance (POINT_MACHINE at ETW, Tier: LOW)",NONE,False,False,,0.0223,2.2,LOW,302,150,20.1,,,,,,,,,,,,,,,,,,,,,356.0,,,0.0,324.0,,,,,,,,,,,,,,,POINT_MACHINE,ETW,302.1,4.55,1.93,19.8,1303.0,0.0,5.0,11.0,0.0,98.3,198.0,88.69
TSK-SIG-0325,SIG-0325,SIGNAL_AND_TELECOM,PHD,PHD,358.26,358.36,UP,"Signal maintenance (POINT_MACHINE at PHD, Tier: LOW)",NONE,False,False,,0.0083,0.8,LOW,295,150,20.1,,,,,,,,,,,,,,,,,,,,,107.0,,,0.0,291.0,,,,,,,,,,,,,,,POINT_MACHINE,PHD,358.26,4.33,2.46,14.6,6121.0,0.0,5.0,8.0,0.0,77.2,578.0,79.52
TSK-TRK-0169,TRK-0169,ENGINEERING_TRACK,FZD,ETW,235.68,236.74,UP,"Track maintenance (AVERAGE TGI 66.8, USFD: CLEAR)",MANUAL,False,False,,0.0018,0.2,LOW,365,172,20.1,60kg 90UTS,11.0,218.2,61.1,80.6,79.5,64.2,66.75,AVERAGE,CLEAR,0.0,34.8,21.2,40.0,SAFE_RANGE,True,25.4,GOOD,160.0,A,30.0,False,0.0,0.0,359.0,,,,,,,,,,,,,,,,,,,,,,,,,,,,
TSK-SIG-0418,SIG-0418,SIGNAL_AND_TELECOM,ETW,ETW,301.54,301.64,YARD,"Signal maintenance (POINT_MACHINE at ETW, Tier: LOW)",NONE,False,False,,0.007,0.7,LOW,294,150,20.1,,,,,,,,,,,,,,,,,,,,,148.0,,,0.0,290.0,,,,,,,,,,,,,,,POINT_MACHINE,ETW,301.54,4.99,2.05,17.8,7457.0,0.0,5.0,5.0,0.0,73.9,553.0,79.27
TSK-SIG-0288,SIG-0288,SIGNAL_AND_TELECOM,FZD,FZD,226.95,227.05,DN,"Signal maintenance (POINT_MACHINE at FZD, Tier: LOW)",NONE,False,False,,0.0121,1.2,LOW,296,150,20.1,,,,,,,,,,,,,,,,,,,,,307.0,,,0.0,307.0,,,,,,,,,,,,,,,POINT_MACHINE,FZD,226.95,4.2,2.35,14.3,11769.0,0.0,5.0,7.0,0.0,77.5,101.0,84.06
TSK-OHE-0063,OHE-0063,TRACTION_DISTRIBUTION_OHE,NDLS,GZB,0.31,0.95,DN,"OHE maintenance (Wire wear 61.9%, ATD: NORMAL)",NONE,True,False,,0.008,0.8,LOW,294,155,20.1,,,,,,,,,,,,,37.5,,,,,,,,52.0,,,0.0,300.0,0/10,0/32,9.77,61.9,WORN,GOOD,707.5,NORMAL,5570.0,-92.0,CLEAN,1.0,STABLE,False,,,,,,,,,,,,,,
TSK-SIG-0383,SIG-0383,SIGNAL_AND_TELECOM,ALJN,ALJN,130.28,130.38,UP,"Signal maintenance (POINT_MACHINE at ALJN, Tier: LOW)",NONE,False,False,,0.0089,0.9,LOW,296,150,20.0,,,,,,,,,,,,,,,,,,,,,294.0,,,0.0,309.0,,,,,,,,,,,,,,,POINT_MACHINE,ALJN,130.28,4.2,2.33,18.1,6614.0,0.0,5.0,10.0,0.0,78.3,602.0,84.53
TSK-SIG-0409,SIG-0409,SIGNAL_AND_TELECOM,NDLS,NDLS,0.0,0.1,DN,"Signal maintenance (POINT_MACHINE at NDLS, Tier: LOW)",NONE,False,False,,0.0083,0.8,LOW,298,150,19.9,,,,,,,,,,,,,,,,,,,,,92.0,,,0.0,305.0,,,,,,,,,,,,,,,POINT_MACHINE,NDLS,0.0,3.5,2.5,18.8,10892.0,0.0,5.0,15.0,0.0,99.0,281.0,83.53
TSK-OHE-0472,OHE-0472,TRACTION_DISTRIBUTION_OHE,GZB,DER,26.52,27.93,UP,"OHE maintenance (Wire wear 57.1%, ATD: NORMAL)",NONE,True,False,,0.0027,0.3,LOW,295,160,19.9,,,,,,,,,,,,,19.9,,,,,,,,105.0,,,0.0,292.0,26/12,26/25,9.96,57.1,WORN,GOOD,393.6,NORMAL,5633.0,16.0,CLEAN,0.0,SETTLEMENT,False,,,,,,,,,,,,,,
TSK-SIG-0428,SIG-0428,SIGNAL_AND_TELECOM,FZD,FZD,226.38,226.48,YARD,"Signal maintenance (POINT_MACHINE at FZD, Tier: LOW)",NONE,False,False,,0.012,1.2,LOW,300,150,19.9,,,,,,,,,,,,,,,,,,,,,278.0,,,0.0,313.0,,,,,,,,,,,,,,,POINT_MACHINE,FZD,226.38,4.6,2.02,16.6,3490.0,0.0,5.0,5.0,0.0,97.8,241.0,85.82
TSK-SIG-0421,SIG-0421,SIGNAL_AND_TELECOM,PHD,PHD,356.34,356.44,UP,"Signal maintenance (POINT_MACHINE at PHD, Tier: LOW)",NONE,False,False,,0.0197,2.0,LOW,306,150,19.7,,,,,,,,,,,,,,,,,,,,,60.0,,,0.0,315.0,,,,,,,,,,,,,,,POINT_MACHINE,PHD,356.34,4.92,1.59,11.4,13041.0,0.0,5.0,12.0,0.0,72.0,576.0,86.2
TSK-OHE-0218,OHE-0218,TRACTION_DISTRIBUTION_OHE,ETW,PHD,316.78,317.64,UP,"OHE maintenance (Wire wear 41.1%, ATD: NORMAL)",NONE,True,False,,0.0021,0.2,LOW,301,155,19.5,,,,,,,,,,,,,32.5,,,,,,,,45.0,,,0.0,301.0,316/6,316/31,10.6,41.1,WORN,GOOD,535.4,NORMAL,5500.0,-44.0,CLEAN,4.0,STABLE,False,,,,,,,,,,,,,,
TSK-SIG-0233,SIG-0233,SIGNAL_AND_TELECOM,TDL,TDL,208.38,208.48,DN,"Signal maintenance (POINT_MACHINE at TDL, Tier: LOW)",NONE,False,False,,0.0093,0.9,LOW,306,150,19.4,,,,,,,,,,,,,,,,,,,,,149.0,,,0.0,308.0,,,,,,,,,,,,,,,POINT_MACHINE,TDL,208.38,4.82,1.94,13.4,6912.0,0.0,5.0,12.0,0.0,89.0,136.0,84.41
TSK-OHE-0057,OHE-0057,TRACTION_DISTRIBUTION_OHE,DER,KRJ,79.91,80.68,UP,"OHE maintenance (Wire wear 43.4%, ATD: NORMAL)",NONE,True,False,,0.0033,0.3,LOW,305,153,19.2,,,,,,,,,,,,,15.3,,,,,,,,33.0,,,0.0,302.0,79/13,79/30,10.51,43.4,WORN,GOOD,435.8,NORMAL,5534.0,3.0,CLEAN,1.0,STABLE,False,,,,,,,,,,,,,,
TSK-SIG-0346,SIG-0346,SIGNAL_AND_TELECOM,TDL,TDL,208.99,209.09,UP,"Signal maintenance (POINT_MACHINE at TDL, Tier: LOW)",NONE,False,False,,0.0134,1.3,LOW,311,150,19.2,,,,,,,,,,,,,,,,,,,,,190.0,,,0.0,309.0,,,,,,,,,,,,,,,POINT_MACHINE,TDL,208.99,4.35,2.23,22.4,2784.0,0.0,5.0,13.0,0.0,93.3,72.0,84.63
TSK-SIG-0353,SIG-0353,SIGNAL_AND_TELECOM,CNB,CNB,439.51,439.61,UP,"Signal maintenance (POINT_MACHINE at CNB, Tier: LOW)",NONE,False,False,,0.0088,0.9,LOW,309,150,19.1,,,,,,,,,,,,,,,,,,,,,313.0,,,0.0,352.0,,,,,,,,,,,,,,,POINT_MACHINE,CNB,439.51,3.93,1.95,20.9,3165.0,0.0,5.0,2.0,0.0,78.7,276.0,96.47
TSK-SIG-0039,SIG-0039,SIGNAL_AND_TELECOM,PHD,PHD,356.5,356.6,UP,"Signal maintenance (POINT_MACHINE at PHD, Tier: LOW)",NONE,False,False,,0.0187,1.9,LOW,315,150,19.1,,,,,,,,,,,,,,,,,,,,,365.0,,,0.0,319.0,,,,,,,,,,,,,,,POINT_MACHINE,PHD,356.5,4.85,1.75,17.6,1670.0,0.0,5.0,18.0,0.0,84.1,55.0,87.25
TSK-SIG-0343,SIG-0343,SIGNAL_AND_TELECOM,CNB,CNB,439.1,439.2,YARD,"Signal maintenance (POINT_MACHINE at CNB, Tier: LOW)",NONE,False,False,,0.0065,0.7,LOW,310,150,19.0,,,,,,,,,,,,,,,,,,,,,235.0,,,0.0,313.0,,,,,,,,,,,,,,,POINT_MACHINE,CNB,439.1,4.15,2.31,15.2,10331.0,0.0,5.0,1.0,0.0,97.8,559.0,85.75
TSK-SIG-0315,SIG-0315,SIGNAL_AND_TELECOM,PHD,PHD,355.64,355.74,UP,"Signal maintenance (POINT_MACHINE at PHD, Tier: LOW)",NONE,False,False,,0.01,1.0,LOW,311,150,19.0,,,,,,,,,,,,,,,,,,,,,247.0,,,0.0,315.0,,,,,,,,,,,,,,,POINT_MACHINE,PHD,355.64,4.92,1.49,16.3,2667.0,0.0,5.0,5.0,0.0,98.4,250.0,86.2
TSK-OHE-0248,OHE-0248,TRACTION_DISTRIBUTION_OHE,TDL,FZD,214.28,215.33,UP,"OHE maintenance (Wire wear 46.4%, ATD: NORMAL)",NONE,True,False,,0.0024,0.2,LOW,308,155,19.0,,,,,,,,,,,,,17.5,,,,,,,,13.0,,,0.0,306.0,214/11,214/31,10.39,46.4,WORN,GOOD,457.0,NORMAL,5584.0,-59.0,CLEAN,4.0,STABLE,False,,,,,,,,,,,,,,
TSK-OHE-0430,OHE-0430,TRACTION_DISTRIBUTION_OHE,DER,KRJ,40.77,41.46,DN,"OHE maintenance (Wire wear 37.8%, ATD: NORMAL)",NONE,True,False,,0.0042,0.4,LOW,309,152,19.0,,,,,,,,,,,,,42.0,,,,,,,,282.0,,,0.0,322.0,40/7,40/25,10.73,37.8,GOOD,WORN,548.4,NORMAL,5469.0,-18.0,CLEAN,1.0,STABLE,False,,,,,,,,,,,,,,
TSK-OHE-0197,OHE-0197,TRACTION_DISTRIBUTION_OHE,ALJN,TDL,156.33,157.65,DN,"OHE maintenance (Wire wear 38.8%, ATD: NORMAL)",NONE,True,False,,0.0088,0.9,LOW,313,153,18.9,,,,,,,,,,,,,41.3,,,,,,,,256.0,,,0.0,288.0,156/1,156/23,10.69,38.8,GOOD,GOOD,602.7,NORMAL,5502.0,136.0,POLLUTED,0.0,STABLE,False,,,,,,,,,,,,,,
TSK-SIG-0338,SIG-0338,SIGNAL_AND_TELECOM,DER,DER,38.15,38.25,UP,"Signal maintenance (POINT_MACHINE at DER, Tier: LOW)",NONE,False,False,,0.0098,1.0,LOW,313,150,18.9,,,,,,,,,,,,,,,,,,,,,282.0,,,0.0,322.0,,,,,,,,,,,,,,,POINT_MACHINE,DER,38.15,4.79,1.75,21.6,3727.0,0.0,5.0,5.0,0.0,71.5,240.0,88.15
TSK-SIG-0123,SIG-0123,SIGNAL_AND_TELECOM,CNB,CNB,439.1,439.2,UP,"Signal maintenance (POINT_MACHINE at CNB, Tier: LOW)",NONE,False,False,,0.019,1.9,LOW,319,150,18.8,,,,,,,,,,,,,,,,,,,,,67.0,,,0.0,325.0,,,,,,,,,,,,,,,POINT_MACHINE,CNB,439.1,4.73,1.79,14.6,16330.0,0.0,5.0,17.0,0.0,84.6,607.0,89.05
TSK-SIG-0069,SIG-0069,SIGNAL_AND_TELECOM,NDLS,NDLS,0.47,0.57,DN,"Signal maintenance (POINT_MACHINE at NDLS, Tier: LOW)",NONE,False,False,,0.006,0.6,LOW,312,150,18.8,,,,,,,,,,,,,,,,,,,,,154.0,,,0.0,280.0,,,,,,,,,,,,,,,POINT_MACHINE,NDLS,0.47,4.76,2.31,21.4,3519.0,0.0,5.0,19.0,0.0,81.8,454.0,76.6
TSK-SIG-0055,SIG-0055,SIGNAL_AND_TELECOM,ALJN,ALJN,131.14,131.24,UP,"Signal maintenance (POINT_MACHINE at ALJN, Tier: LOW)",NONE,False,False,,0.0048,0.5,LOW,313,150,18.7,,,,,,,,,,,,,,,,,,,,,165.0,,,0.0,307.0,,,,,,,,,,,,,,,POINT_MACHINE,ALJN,131.14,4.33,2.27,16.9,1764.0,0.0,5.0,13.0,0.0,97.2,274.0,83.99
TSK-SIG-0426,SIG-0426,SIGNAL_AND_TELECOM,NDLS,NDLS,0.0,0.1,DN,"Signal maintenance (POINT_MACHINE at NDLS, Tier: LOW)",NONE,False,False,,0.0071,0.7,LOW,314,150,18.7,,,,,,,,,,,,,,,,,,,,,47.0,,,0.0,300.0,,,,,,,,,,,,,,,POINT_MACHINE,NDLS,0.0,4.31,2.36,12.5,8502.0,0.0,5.0,4.0,0.0,73.5,488.0,82.17
TSK-SIG-0048,SIG-0048,SIGNAL_AND_TELECOM,ALJN,ALJN,131.2,131.3,YARD,"Signal maintenance (POINT_MACHINE at ALJN, Tier: LOW)",NONE,False,False,,0.0174,1.7,LOW,321,150,18.6,,,,,,,,,,,,,,,,,,,,,113.0,,,0.0,337.0,,,,,,,,,,,,,,,POINT_MACHINE,ALJN,131.2,4.07,2.08,13.1,13295.0,0.0,5.0,15.0,0.0,70.4,94.0,92.36
TSK-OHE-0437,OHE-0437,TRACTION_DISTRIBUTION_OHE,ALJN,TDL,158.29,159.2,UP,"OHE maintenance (Wire wear 50.6%, ATD: NORMAL)",NONE,True,False,,0.0015,0.2,LOW,314,154,18.5,,,,,,,,,,,,,31.2,,,,,,,,22.0,,,0.0,304.0,158/13,158/25,10.22,50.6,WORN,GOOD,572.1,NORMAL,5480.0,74.0,CLEAN,1.0,STABLE,False,,,,,,,,,,,,,,
TSK-SIG-0294,SIG-0294,SIGNAL_AND_TELECOM,PHD,PHD,356.58,356.68,UP,"Signal maintenance (POINT_MACHINE at PHD, Tier: LOW)",NONE,False,False,,0.0068,0.7,LOW,318,150,18.5,,,,,,,,,,,,,,,,,,,,,203.0,,,0.0,318.0,,,,,,,,,,,,,,,POINT_MACHINE,PHD,356.58,4.47,2.05,17.8,4134.0,0.0,5.0,11.0,0.0,93.1,350.0,87.07
TSK-OHE-0342,OHE-0342,TRACTION_DISTRIBUTION_OHE,ALJN,TDL,202.31,203.2,DN,"OHE maintenance (Wire wear 35.8%, ATD: NORMAL)",NONE,True,False,,0.0039,0.4,LOW,318,154,18.4,,,,,,,,,,,,,27.3,,,,,,,,171.0,,,0.0,301.0,202/15,202/32,10.81,35.8,GOOD,GOOD,506.6,NORMAL,5501.0,105.0,POLLUTED,4.0,STABLE,False,,,,,,,,,,,,,,
TSK-SIG-0115,SIG-0115,SIGNAL_AND_TELECOM,GZB,GZB,24.32,24.42,UP,"Signal maintenance (POINT_MACHINE at GZB, Tier: LOW)",NONE,False,False,,0.0062,0.6,LOW,319,150,18.4,,,,,,,,,,,,,,,,,,,,,207.0,,,0.0,325.0,,,,,,,,,,,,,,,POINT_MACHINE,GZB,24.32,4.14,2.18,15.7,6197.0,0.0,5.0,7.0,0.0,82.1,72.0,88.96
TSK-SIG-0252,SIG-0252,SIGNAL_AND_TELECOM,PHD,PHD,356.58,356.68,YARD,"Signal maintenance (POINT_MACHINE at PHD, Tier: LOW)",NONE,False,False,,0.019,1.9,LOW,328,150,18.2,,,,,,,,,,,,,,,,,,,,,178.0,,,0.0,339.0,,,,,,,,,,,,,,,POINT_MACHINE,PHD,356.58,3.71,2.1,14.4,2750.0,0.0,5.0,15.0,0.0,77.7,84.0,92.94
TSK-OHE-0491,OHE-0491,TRACTION_DISTRIBUTION_OHE,PHD,CNB,404.96,406.03,UP,"OHE maintenance (Wire wear 10.8%, ATD: NORMAL)",NONE,True,False,,0.0047,0.5,LOW,325,148,17.9,,,,,,,,,,,,,22.0,,,,,,,,132.0,,,0.0,344.0,404/7,404/23,11.81,10.8,GOOD,GOOD,496.4,NORMAL,5522.0,47.0,CLEAN,3.0,SETTLEMENT,False,,,,,,,,,,,,,,
TSK-OHE-0528,OHE-0528,TRACTION_DISTRIBUTION_OHE,GZB,DER,33.02,34.0,DN,"OHE maintenance (Wire wear 34.8%, ATD: NORMAL)",NONE,True,False,,0.0031,0.3,LOW,324,153,17.9,,,,,,,,,,,,,23.2,,,,,,,,170.0,,,0.0,301.0,33/14,33/17,10.85,34.8,GOOD,GOOD,561.0,NORMAL,5500.0,-37.0,POLLUTED,4.0,STABLE,False,,,,,,,,,,,,,,
TSK-OHE-0543,OHE-0543,TRACTION_DISTRIBUTION_OHE,TDL,FZD,217.68,218.69,DN,"OHE maintenance (Wire wear 12.5%, ATD: NORMAL)",NONE,True,False,,0.0024,0.2,LOW,324,149,17.9,,,,,,,,,,,,,23.1,,,,,,,,110.0,,,0.0,253.0,217/8,217/23,11.74,12.5,GOOD,GOOD,425.6,NORMAL,5517.0,12.0,CLEAN,4.0,TILTING,False,,,,,,,,,,,,,,
TSK-OHE-0066,OHE-0066,TRACTION_DISTRIBUTION_OHE,NDLS,GZB,0.93,1.9,UP,"OHE maintenance (Wire wear 36.6%, ATD: NORMAL)",NONE,True,False,,0.0026,0.3,LOW,325,154,17.8,,,,,,,,,,,,,30.5,,,,,,,,165.0,,,0.0,339.0,0/5,0/21,10.78,36.6,GOOD,GOOD,555.5,NORMAL,5628.0,74.0,CLEAN,4.0,STABLE,False,,,,,,,,,,,,,,
TSK-OHE-0111,OHE-0111,TRACTION_DISTRIBUTION_OHE,GZB,DER,33.26,34.66,DN,"OHE maintenance (Wire wear 34.8%, ATD: NORMAL)",NONE,True,False,,0.0035,0.4,LOW,326,155,17.8,,,,,,,,,,,,,24.5,,,,,,,,139.0,,,0.0,343.0,33/7,33/28,10.85,34.8,GOOD,GOOD,516.0,NORMAL,5485.0,-91.0,CLEAN,4.0,STABLE,False,,,,,,,,,,,,,,
TSK-OHE-0454,OHE-0454,TRACTION_DISTRIBUTION_OHE,NDLS,GZB,9.0,10.19,UP,"OHE maintenance (Wire wear 39.3%, ATD: NORMAL)",NONE,True,False,,0.006,0.6,LOW,327,154,17.8,,,,,,,,,,,,,39.5,,,,,,,,178.0,,,0.0,337.0,9/9,9/17,10.67,39.3,GOOD,GOOD,583.2,NORMAL,5359.0,-75.0,CLEAN,4.0,STABLE,False,,,,,,,,,,,,,,
TSK-OHE-0223,OHE-0223,TRACTION_DISTRIBUTION_OHE,TDL,FZD,217.88,219.05,UP,"OHE maintenance (Wire wear 11.5%, ATD: NORMAL)",NONE,True,False,,0.0029,0.3,LOW,326,149,17.8,,,,,,,,,,,,,41.7,,,,,,,,143.0,,,0.0,343.0,217/11,217/30,11.78,11.5,GOOD,GOOD,616.0,NORMAL,5487.0,-73.0,CLEAN,4.0,STABLE,False,,,,,,,,,,,,,,
TSK-OHE-0371,OHE-0371,TRACTION_DISTRIBUTION_OHE,KRJ,ALJN,90.74,91.93,UP,"OHE maintenance (Wire wear 22.3%, ATD: NORMAL)",NONE,True,False,,0.0033,0.3,LOW,327,151,17.7,,,,,,,,,,,,,25.9,,,,,,,,137.0,,,0.0,344.0,90/3,90/27,11.35,22.3,GOOD,GOOD,414.7,NORMAL,5510.0,25.0,CLEAN,0.0,SETTLEMENT,False,,,,,,,,,,,,,,
TSK-OHE-0217,OHE-0217,TRACTION_DISTRIBUTION_OHE,ETW,PHD,348.84,350.05,DN,"OHE maintenance (Wire wear 33.3%, ATD: NORMAL)",NONE,True,False,,0.0028,0.3,LOW,328,151,17.6,,,,,,,,,,,,,25.6,,,,,,,,216.0,,,0.0,332.0,348/1,348/18,10.91,33.3,GOOD,GOOD,537.5,NORMAL,5522.0,85.0,CLEAN,2.0,STABLE,False,,,,,,,,,,,,,,
TSK-OHE-0330,OHE-0330,TRACTION_DISTRIBUTION_OHE,GZB,DER,34.98,36.0,DN,"OHE maintenance (Wire wear 38.1%, ATD: NORMAL)",NONE,True,False,,0.0029,0.3,LOW,329,154,17.6,,,,,,,,,,,,,41.2,,,,,,,,207.0,,,0.0,333.0,34/3,34/17,10.72,38.1,GOOD,GOOD,656.4,NORMAL,5644.0,100.0,CLEAN,2.0,STABLE,False,,,,,,,,,,,,,,
TSK-OHE-0413,OHE-0413,TRACTION_DISTRIBUTION_OHE,ETW,PHD,303.03,303.76,DN,"OHE maintenance (Wire wear 36.1%, ATD: NORMAL)",NONE,True,False,,0.0033,0.3,LOW,328,153,17.6,,,,,,,,,,,,,18.7,,,,,,,,134.0,,,0.0,344.0,303/15,303/24,10.8,36.1,GOOD,GOOD,408.7,NORMAL,5527.0,63.0,CLEAN,1.0,STABLE,False,,,,,,,,,,,,,,
TSK-OHE-0024,OHE-0024,TRACTION_DISTRIBUTION_OHE,PHD,CNB,411.8,413.11,UP,"OHE maintenance (Wire wear 37.8%, ATD: NORMAL)",NONE,True,False,,0.003,0.3,LOW,328,154,17.6,,,,,,,,,,,,,33.2,,,,,,,,213.0,,,0.0,332.0,411/5,411/24,10.73,37.8,GOOD,GOOD,605.2,NORMAL,5451.0,-49.0,CLEAN,3.0,STABLE,False,,,,,,,,,,,,,,
TSK-OHE-0055,OHE-0055,TRACTION_DISTRIBUTION_OHE,KRJ,ALJN,102.0,103.33,UP,"OHE maintenance (Wire wear 35.8%, ATD: NORMAL)",NONE,True,False,,0.0031,0.3,LOW,328,154,17.6,,,,,,,,,,,,,21.3,,,,,,,,209.0,,,0.0,333.0,102/12,102/27,10.81,35.8,GOOD,WORN,432.2,NORMAL,5691.0,79.0,CLEAN,0.0,STABLE,False,,,,,,,,,,,,,,
TSK-OHE-0122,OHE-0122,TRACTION_DISTRIBUTION_OHE,ALJN,TDL,161.67,162.76,DN,"OHE maintenance (Wire wear 31.8%, ATD: NORMAL)",NONE,True,False,,0.0026,0.3,LOW,329,151,17.6,,,,,,,,,,,,,28.9,,,,,,,,218.0,,,0.0,331.0,161/6,161/29,10.97,31.8,GOOD,GOOD,602.9,NORMAL,5552.0,79.0,CLEAN,3.0,STABLE,False,,,,,,,,,,,,,,
TSK-OHE-0173,OHE-0173,TRACTION_DISTRIBUTION_OHE,KRJ,ALJN,104.72,105.59,UP,"OHE maintenance (Wire wear 28.1%, ATD: NORMAL)",NONE,True,False,,0.0029,0.3,LOW,329,151,17.6,,,,,,,,,,,,,34.0,,,,,,,,201.0,,,0.0,334.0,104/5,104/17,11.12,28.1,GOOD,WORN,512.5,NORMAL,5475.0,66.0,CLEAN,3.0,STABLE,False,,,,,,,,,,,,,,
TSK-OHE-0139,OHE-0139,TRACTION_DISTRIBUTION_OHE,PHD,CNB,368.73,370.2,DN,"OHE maintenance (Wire wear 36.8%, ATD: NORMAL)",NONE,True,False,,0.0029,0.3,LOW,330,154,17.5,,,,,,,,,,,,,40.3,,,,,,,,200.0,,,0.0,334.0,368/3,368/26,10.77,36.8,GOOD,GOOD,643.0,NORMAL,5603.0,-48.0,CLEAN,2.0,STABLE,False,,,,,,,,,,,,,,
TSK-OHE-0148,OHE-0148,TRACTION_DISTRIBUTION_OHE,GZB,DER,33.5,34.59,UP,"OHE maintenance (Wire wear 28.6%, ATD: NORMAL)",NONE,True,False,,0.0056,0.6,LOW,332,151,17.5,,,,,,,,,,,,,42.9,,,,,,,,180.0,,,0.0,299.0,33/14,33/25,11.1,28.6,GOOD,GOOD,618.6,NORMAL,5541.0,-140.0,POLLUTED,1.0,STABLE,False,,,,,,,,,,,,,,
TSK-OHE-0194,OHE-0194,TRACTION_DISTRIBUTION_OHE,GZB,DER,32.7,33.52,DN,"OHE maintenance (Wire wear 31.8%, ATD: NORMAL)",NONE,True,False,,0.006,0.6,LOW,331,151,17.5,,,,,,,,,,,,,34.8,,,,,,,,181.0,,,0.0,337.0,32/14,32/17,10.97,31.8,GOOD,GOOD,537.2,NORMAL,5534.0,81.0,CLEAN,3.0,STABLE,False,,,,,,,,,,,,,,
TSK-OHE-0239,OHE-0239,TRACTION_DISTRIBUTION_OHE,DER,KRJ,39.08,40.27,UP,"OHE maintenance (Wire wear 36.6%, ATD: NORMAL)",NONE,True,False,,0.0029,0.3,LOW,330,154,17.5,,,,,,,,,,,,,39.1,,,,,,,,200.0,,,0.0,334.0,39/7,39/22,10.78,36.6,GOOD,GOOD,703.9,NORMAL,5509.0,75.0,CLEAN,2.0,STABLE,False,,,,,,,,,,,,,,
TSK-OHE-0312,OHE-0312,TRACTION_DISTRIBUTION_OHE,KRJ,ALJN,95.84,96.81,UP,"OHE maintenance (Wire wear 30.3%, ATD: NORMAL)",NONE,True,False,,0.0038,0.4,LOW,331,151,17.5,,,,,,,,,,,,,29.6,,,,,,,,171.0,,,0.0,339.0,95/2,95/24,11.03,30.3,GOOD,WORN,568.6,NORMAL,5595.0,-109.0,CLEAN,3.0,STABLE,False,,,,,,,,,,,,,,
TSK-SIG-0197,SIG-0197,SIGNAL_AND_TELECOM,KRJ,KRJ,82.09,82.19,DN,"Signal maintenance (POINT_MACHINE at KRJ, Tier: LOW)",NONE,False,False,,0.004,0.4,LOW,330,150,17.5,,,,,,,,,,,,,,,,,,,,,17.0,,,0.0,325.0,,,,,,,,,,,,,,,POINT_MACHINE,KRJ,82.09,3.53,2.27,13.8,7614.0,0.0,5.0,8.0,0.0,98.9,594.0,88.94
TSK-OHE-0505,OHE-0505,TRACTION_DISTRIBUTION_OHE,ETW,PHD,325.18,325.93,UP,"OHE maintenance (Wire wear 39.8%, ATD: NORMAL)",NONE,True,False,,0.0062,0.6,LOW,331,152,17.5,,,,,,,,,,,,,37.5,,,,,,,,188.0,,,0.0,336.0,325/14,325/18,10.65,39.8,GOOD,GOOD,548.0,NORMAL,5439.0,-56.0,CLEAN,1.0,STABLE,False,,,,,,,,,,,,,,
TSK-OHE-0084,OHE-0084,TRACTION_DISTRIBUTION_OHE,TDL,FZD,223.06,224.35,DN,"OHE maintenance (Wire wear 39.3%, ATD: NORMAL)",NONE,True,False,,0.0037,0.4,LOW,331,153,17.5,,,,,,,,,,,,,25.2,,,,,,,,173.0,,,0.0,338.0,223/11,223/21,10.67,39.3,GOOD,GOOD,583.8,NORMAL,5615.0,-141.0,CLEAN,0.0,STABLE,False,,,,,,,,,,,,,,
TSK-SIG-0350,SIG-0350,SIGNAL_AND_TELECOM,FZD,FZD,227.48,227.58,UP,"Signal maintenance (POINT_MACHINE at FZD, Tier: LOW)",NONE,False,False,,0.0145,1.4,LOW,336,150,17.5,,,,,,,,,,,,,,,,,,,,,31.0,,,0.0,354.0,,,,,,,,,,,,,,,POINT_MACHINE,FZD,227.48,4.2,1.69,10.4,13512.0,0.0,5.0,7.0,0.0,76.0,421.0,97.0
TSK-OHE-0067,OHE-0067,TRACTION_DISTRIBUTION_OHE,ALJN,TDL,199.23,200.27,UP,"OHE maintenance (Wire wear 37.8%, ATD: NORMAL)",NONE,True,False,,0.0032,0.3,LOW,330,154,17.5,,,,,,,,,,,,,26.3,,,,,,,,205.0,,,0.0,333.0,199/11,199/23,10.73,37.8,GOOD,WORN,590.8,NORMAL,5547.0,74.0,CLEAN,3.0,STABLE,False,,,,,,,,,,,,,,
TSK-SIG-0057,SIG-0057,SIGNAL_AND_TELECOM,NDLS,NDLS,0.95,1.05,DN,"Signal maintenance (POINT_MACHINE at NDLS, Tier: LOW)",NONE,False,False,,0.0063,0.6,LOW,333,150,17.4,,,,,,,,,,,,,,,,,,,,,226.0,,,0.0,339.0,,,,,,,,,,,,,,,POINT_MACHINE,NDLS,0.95,4.06,2.06,20.7,6629.0,0.0,5.0,14.0,0.0,78.3,549.0,92.98
TSK-OHE-0225,OHE-0225,TRACTION_DISTRIBUTION_OHE,NDLS,GZB,10.79,11.61,UP,"OHE maintenance (Wire wear 30.8%, ATD: NORMAL)",NONE,True,False,,0.0029,0.3,LOW,332,151,17.4,,,,,,,,,,,,,34.9,,,,,,,,140.0,,,0.0,343.0,10/4,10/27,11.01,30.8,GOOD,GOOD,620.3,NORMAL,5570.0,43.0,CLEAN,3.0,SETTLEMENT,False,,,,,,,,,,,,,,
TSK-OHE-0345,OHE-0345,TRACTION_DISTRIBUTION_OHE,DER,KRJ,73.56,74.94,UP,"OHE maintenance (Wire wear 26.3%, ATD: NORMAL)",NONE,True,False,,0.0034,0.3,LOW,332,151,17.4,,,,,,,,,,,,,41.1,,,,,,,,146.0,,,0.0,342.0,73/1,73/17,11.19,26.3,GOOD,GOOD,538.1,NORMAL,5534.0,-30.0,CLEAN,3.0,STABLE,False,,,,,,,,,,,,,,
TSK-SIG-0321,SIG-0321,SIGNAL_AND_TELECOM,DER,DER,35.86,35.96,UP,"Signal maintenance (POINT_MACHINE at DER, Tier: LOW)",NONE,False,False,,0.0077,0.8,LOW,334,150,17.4,,,,,,,,,,,,,,,,,,,,,220.0,,,0.0,342.0,,,,,,,,,,,,,,,POINT_MACHINE,DER,35.86,4.08,2.02,12.9,7302.0,0.0,5.0,7.0,0.0,92.3,78.0,93.62
TSK-OHE-0429,OHE-0429,TRACTION_DISTRIBUTION_OHE,PHD,CNB,420.39,421.34,DN,"OHE maintenance (Wire wear 39.6%, ATD: NORMAL)",NONE,True,False,,0.0039,0.4,LOW,332,153,17.4,,,,,,,,,,,,,19.4,,,,,,,,149.0,,,0.0,342.0,420/6,420/27,10.66,39.6,GOOD,WORN,545.2,NORMAL,5574.0,-96.0,CLEAN,0.0,STABLE,False,,,,,,,,,,,,,,
TSK-OHE-0384,OHE-0384,TRACTION_DISTRIBUTION_OHE,ALJN,TDL,173.46,174.1,DN,"OHE maintenance (Wire wear 21.8%, ATD: NORMAL)",NONE,True,False,,0.0053,0.5,LOW,332,151,17.4,,,,,,,,,,,,,17.1,,,,,,,,184.0,,,0.0,337.0,173/6,173/16,11.37,21.8,GOOD,WORN,371.5,NORMAL,5594.0,55.0,CLEAN,0.0,STABLE,False,,,,,,,,,,,,,,
TSK-SIG-0314,SIG-0314,SIGNAL_AND_TELECOM,KRJ,KRJ,82.61,82.71,YARD,"Signal maintenance (POINT_MACHINE at KRJ, Tier: LOW)",NONE,False,False,,0.0097,1.0,LOW,335,150,17.4,,,,,,,,,,,,,,,,,,,,,50.0,,,0.0,344.0,,,,,,,,,,,,,,,POINT_MACHINE,KRJ,82.61,4.31,1.84,11.2,8211.0,0.0,5.0,12.0,0.0,97.2,34.0,94.41
TSK-SIG-0198,SIG-0198,SIGNAL_AND_TELECOM,PHD,PHD,357.56,357.66,UP,"Signal maintenance (POINT_MACHINE at PHD, Tier: LOW)",NONE,False,False,,0.0103,1.0,LOW,335,150,17.4,,,,,,,,,,,,,,,,,,,,,242.0,,,0.0,353.0,,,,,,,,,,,,,,,POINT_MACHINE,PHD,357.56,4.22,1.63,16.4,4764.0,0.0,5.0,9.0,0.0,82.9,171.0,96.7
TSK-OHE-0497,OHE-0497,TRACTION_DISTRIBUTION_OHE,NDLS,GZB,3.87,4.49,DN,"OHE maintenance (Wire wear 28.1%, ATD: NORMAL)",NONE,True,False,,0.004,0.4,LOW,333,151,17.3,,,,,,,,,,,,,41.1,,,,,,,,130.0,,,0.0,345.0,3/4,3/30,11.12,28.1,GOOD,WORN,598.7,NORMAL,5465.0,-66.0,CLEAN,2.0,STABLE,False,,,,,,,,,,,,,,
TSK-OHE-0110,OHE-0110,TRACTION_DISTRIBUTION_OHE,ETW,PHD,353.97,354.93,UP,"OHE maintenance (Wire wear 5.5%, ATD: NORMAL)",NONE,True,False,,0.0036,0.4,LOW,335,148,17.2,,,,,,,,,,,,,40.8,,,,,,,,55.0,,,0.0,318.0,353/13,353/19,12.02,5.5,GOOD,GOOD,696.8,NORMAL,5688.0,62.0,POLLUTED,1.0,STABLE,False,,,,,,,,,,,,,,
TSK-OHE-0354,OHE-0354,TRACTION_DISTRIBUTION_OHE,NDLS,GZB,17.3,18.68,UP,"OHE maintenance (Wire wear 4.5%, ATD: NORMAL)",NONE,True,False,,0.0044,0.4,LOW,336,148,17.1,,,,,,,,,,,,,29.1,,,,,,,,55.0,,,0.0,356.0,17/2,17/28,12.06,4.5,GOOD,GOOD,457.3,NORMAL,5594.0,25.0,CLEAN,0.0,STABLE,False,,,,,,,,,,,,,,
TSK-OHE-0534,OHE-0534,TRACTION_DISTRIBUTION_OHE,NDLS,GZB,15.96,17.11,DN,"OHE maintenance (Wire wear 32.3%, ATD: NORMAL)",NONE,True,False,,0.005,0.5,LOW,337,151,17.1,,,,,,,,,,,,,33.6,,,,,,,,61.0,,,0.0,355.0,15/5,15/18,10.95,32.3,GOOD,GOOD,497.4,NORMAL,5653.0,67.0,CLEAN,0.0,STABLE,False,,,,,,,,,,,,,,
TSK-SIG-0073,SIG-0073,SIGNAL_AND_TELECOM,ALJN,ALJN,132.46,132.56,UP,"Signal maintenance (POINT_MACHINE at ALJN, Tier: LOW)",NONE,False,False,,0.0111,1.1,LOW,340,150,17.1,,,,,,,,,,,,,,,,,,,,,80.0,,,0.0,350.0,,,,,,,,,,,,,,,POINT_MACHINE,ALJN,132.46,4.13,1.89,16.1,5557.0,0.0,5.0,10.0,0.0,89.9,647.0,95.93
TSK-OHE-0149,OHE-0149,TRACTION_DISTRIBUTION_OHE,TDL,FZD,220.49,221.8,DN,"OHE maintenance (Wire wear 19.0%, ATD: NORMAL)",NONE,True,False,,0.0045,0.4,LOW,337,151,17.1,,,,,,,,,,,,,25.3,,,,,,,,128.0,,,0.0,345.0,220/12,220/18,11.48,19.0,GOOD,WORN,535.8,NORMAL,5596.0,-78.0,CLEAN,4.0,STABLE,False,,,,,,,,,,,,,,
TSK-OHE-0062,OHE-0062,TRACTION_DISTRIBUTION_OHE,GZB,DER,32.82,34.22,DN,"OHE maintenance (Wire wear 36.6%, ATD: NORMAL)",NONE,True,False,,0.0034,0.3,LOW,338,154,17.0,,,,,,,,,,,,,38.5,,,,,,,,93.0,,,0.0,350.0,32/6,32/28,10.78,36.6,GOOD,GOOD,636.1,NORMAL,5557.0,112.0,CLEAN,0.0,STABLE,False,,,,,,,,,,,,,,
TSK-OHE-0272,OHE-0272,TRACTION_DISTRIBUTION_OHE,TDL,FZD,224.54,225.67,UP,"OHE maintenance (Wire wear 7.5%, ATD: NORMAL)",NONE,True,False,,0.0042,0.4,LOW,338,149,17.0,,,,,,,,,,,,,43.4,,,,,,,,67.0,,,0.0,316.0,224/12,224/27,11.94,7.5,GOOD,GOOD,626.7,NORMAL,5574.0,79.0,POLLUTED,4.0,SETTLEMENT,False,,,,,,,,,,,,,,
TSK-OHE-0011,OHE-0011,TRACTION_DISTRIBUTION_OHE,FZD,ETW,237.44,237.95,UP,"OHE maintenance (Wire wear 0.0%, ATD: NORMAL)",NONE,True,False,,0.0024,0.2,LOW,337,142,17.0,,,,,,,,,,,,,26.3,,,,,,,,112.0,,,0.0,347.0,237/2,237/29,12.24,0.0,GOOD,GOOD,437.3,NORMAL,5441.0,36.0,CLEAN,4.0,STABLE,False,,,,,,,,,,,,,,
TSK-OHE-0375,OHE-0375,TRACTION_DISTRIBUTION_OHE,KRJ,ALJN,92.2,93.28,DN,"OHE maintenance (Wire wear 7.0%, ATD: NORMAL)",NONE,True,False,,0.004,0.4,LOW,339,148,16.9,,,,,,,,,,,,,25.0,,,,,,,,56.0,,,0.0,356.0,92/11,92/20,11.96,7.0,GOOD,WORN,529.3,NORMAL,5544.0,89.0,CLEAN,1.0,STABLE,False,,,,,,,,,,,,,,
TSK-SIG-0414,SIG-0414,SIGNAL_AND_TELECOM,GZB,GZB,24.66,24.76,YARD,"Signal maintenance (POINT_MACHINE at GZB, Tier: LOW)",NONE,False,False,,0.013,1.3,LOW,344,150,16.9,,,,,,,,,,,,,,,,,,,,,119.0,,,0.0,353.0,,,,,,,,,,,,,,,POINT_MACHINE,GZB,24.66,4.21,1.76,16.0,4206.0,0.0,5.0,2.0,0.0,79.7,259.0,96.85
TSK-SIG-0078,SIG-0078,SIGNAL_AND_TELECOM,DER,DER,36.74,36.84,YARD,"Signal maintenance (POINT_MACHINE at DER, Tier: LOW)",NONE,False,False,,0.0145,1.4,LOW,344,150,16.9,,,,,,,,,,,,,,,,,,,,,246.0,,,0.0,364.0,,,,,,,,,,,,,,,POINT_MACHINE,DER,36.74,4.01,1.74,13.3,6584.0,0.0,5.0,2.0,0.0,87.9,158.0,99.85
TSK-SIG-0313,SIG-0313,SIGNAL_AND_TELECOM,TDL,TDL,208.04,208.14,DN,"Signal maintenance (POINT_MACHINE at TDL, Tier: LOW)",NONE,False,False,,0.019,1.9,LOW,347,150,16.9,,,,,,,,,,,,,,,,,,,,,191.0,,,0.0,365.0,,,,,,,,,,,,,,,POINT_MACHINE,TDL,208.04,3.9,1.56,17.0,2879.0,0.0,5.0,7.0,0.0,76.0,204.0,100.0
TSK-OHE-0503,OHE-0503,TRACTION_DISTRIBUTION_OHE,FZD,ETW,279.25,280.35,DN,"OHE maintenance (Wire wear 2.0%, ATD: NORMAL)",NONE,True,False,,0.0044,0.4,LOW,339,148,16.9,,,,,,,,,,,,,34.6,,,,,,,,99.0,,,0.0,349.0,279/1,279/18,12.16,2.0,GOOD,GOOD,601.7,NORMAL,5582.0,-28.0,CLEAN,4.0,SETTLEMENT,False,,,,,,,,,,,,,,
TSK-OHE-0357,OHE-0357,TRACTION_DISTRIBUTION_OHE,FZD,ETW,237.57,238.56,UP,"OHE maintenance (Wire wear 36.8%, ATD: NORMAL)",NONE,True,False,,0.0024,0.2,LOW,339,154,16.9,,,,,,,,,,,,,40.0,,,,,,,,112.0,,,0.0,309.0,237/14,237/24,10.77,36.8,GOOD,GOOD,636.9,NORMAL,5589.0,68.0,POLLUTED,1.0,STABLE,False,,,,,,,,,,,,,,
TSK-OHE-0332,OHE-0332,TRACTION_DISTRIBUTION_OHE,PHD,CNB,406.86,408.03,DN,"OHE maintenance (Wire wear 32.6%, ATD: NORMAL)",NONE,True,False,,0.0046,0.5,LOW,340,152,16.9,,,,,,,,,,,,,23.6,,,,,,,,119.0,,,0.0,346.0,406/5,406/25,10.94,32.6,GOOD,GOOD,456.6,NORMAL,5432.0,19.0,CLEAN,4.0,STABLE,False,,,,,,,,,,,,,,
TSK-OHE-0366,OHE-0366,TRACTION_DISTRIBUTION_OHE,DER,KRJ,47.51,48.82,UP,"OHE maintenance (Wire wear 39.6%, ATD: NORMAL)",NONE,True,False,,0.004,0.4,LOW,340,155,16.9,,,,,,,,,,,,,37.0,,,,,,,,95.0,,,0.0,350.0,47/15,47/23,10.66,39.6,GOOD,WORN,482.5,NORMAL,5494.0,83.0,CLEAN,4.0,STABLE,False,,,,,,,,,,,,,,
TSK-OHE-0263,OHE-0263,TRACTION_DISTRIBUTION_OHE,TDL,FZD,218.71,219.51,DN,"OHE maintenance (Wire wear 0.0%, ATD: NORMAL)",NONE,True,False,,0.0048,0.5,LOW,341,144,16.8,,,,,,,,,,,,,28.4,,,,,,,,69.0,,,0.0,354.0,218/5,218/26,12.24,0.0,GOOD,GOOD,506.7,NORMAL,5488.0,-37.0,CLEAN,2.0,STABLE,False,,,,,,,,,,,,,,
TSK-OHE-0026,OHE-0026,TRACTION_DISTRIBUTION_OHE,DER,KRJ,71.56,72.17,DN,"OHE maintenance (Wire wear 33.8%, ATD: NORMAL)",NONE,True,False,,0.005,0.5,LOW,342,152,16.8,,,,,,,,,,,,,18.7,,,,,,,,63.0,,,0.0,355.0,71/2,71/30,10.89,33.8,GOOD,GOOD,475.0,NORMAL,5567.0,122.0,CLEAN,4.0,STABLE,False,,,,,,,,,,,,,,
TSK-OHE-0331,OHE-0331,TRACTION_DISTRIBUTION_OHE,PHD,CNB,395.83,397.0,UP,"OHE maintenance (Wire wear 36.3%, ATD: NORMAL)",NONE,True,False,,0.0033,0.3,LOW,341,154,16.8,,,,,,,,,,,,,17.6,,,,,,,,85.0,,,0.0,314.0,395/3,395/24,10.79,36.3,GOOD,GOOD,329.6,NORMAL,5571.0,114.0,POLLUTED,0.0,STABLE,False,,,,,,,,,,,,,,
TSK-SIG-0056,SIG-0056,SIGNAL_AND_TELECOM,DER,DER,35.81,35.91,YARD,"Signal maintenance (POINT_MACHINE at DER, Tier: LOW)",NONE,False,False,,0.0073,0.7,LOW,343,150,16.8,,,,,,,,,,,,,,,,,,,,,240.0,,,0.0,348.0,,,,,,,,,,,,,,,POINT_MACHINE,DER,35.81,3.62,1.99,17.9,2970.0,0.0,5.0,9.0,0.0,97.6,324.0,95.53
TSK-OHE-0489,OHE-0489,TRACTION_DISTRIBUTION_OHE,FZD,ETW,245.13,246.61,DN,"OHE maintenance (Wire wear 39.1%, ATD: NORMAL)",NONE,True,False,,0.0074,0.7,LOW,343,155,16.8,,,,,,,,,,,,,31.4,,,,,,,,53.0,,,0.0,356.0,245/8,245/18,10.68,39.1,GOOD,GOOD,419.6,NORMAL,5621.0,5.0,CLEAN,4.0,STABLE,False,,,,,,,,,,,,,,
TSK-OHE-0458,OHE-0458,TRACTION_DISTRIBUTION_OHE,ALJN,TDL,138.86,139.44,UP,"OHE maintenance (Wire wear 0.0%, ATD: NORMAL)",NONE,True,False,,0.0032,0.3,LOW,341,144,16.8,,,,,,,,,,,,,30.6,,,,,,,,77.0,,,0.0,353.0,138/12,138/21,12.24,0.0,GOOD,GOOD,661.4,NORMAL,5538.0,-37.0,CLEAN,0.0,STABLE,False,,,,,,,,,,,,,,
TSK-OHE-0546,OHE-0546,TRACTION_DISTRIBUTION_OHE,TDL,FZD,217.75,218.36,UP,"OHE maintenance (Wire wear 17.5%, ATD: NORMAL)",NONE,True,False,,0.0042,0.4,LOW,343,150,16.7,,,,,,,,,,,,,17.8,,,,,,,,56.0,,,0.0,356.0,217/9,217/26,11.54,17.5,GOOD,GOOD,446.6,NORMAL,5429.0,5.0,CLEAN,2.0,STABLE,False,,,,,,,,,,,,,,
TSK-OHE-0444,OHE-0444,TRACTION_DISTRIBUTION_OHE,TDL,FZD,221.32,222.25,UP,"OHE maintenance (Wire wear 13.5%, ATD: NORMAL)",NONE,True,False,,0.0047,0.5,LOW,343,149,16.7,,,,,,,,,,,,,23.9,,,,,,,,124.0,,,0.0,346.0,221/8,221/23,11.7,13.5,GOOD,GOOD,456.2,NORMAL,5521.0,38.0,CLEAN,0.0,STABLE,False,,,,,,,,,,,,,,
TSK-OHE-0128,OHE-0128,TRACTION_DISTRIBUTION_OHE,GZB,DER,35.3,35.96,DN,"OHE maintenance (Wire wear 21.1%, ATD: NORMAL)",NONE,True,False,,0.0045,0.4,LOW,342,151,16.7,,,,,,,,,,,,,29.8,,,,,,,,129.0,,,0.0,307.0,35/10,35/21,11.4,21.1,GOOD,GOOD,535.1,NORMAL,5543.0,91.0,POLLUTED,2.0,STABLE,False,,,,,,,,,,,,,,
TSK-OHE-0515,OHE-0515,TRACTION_DISTRIBUTION_OHE,DER,KRJ,45.1,46.47,DN,"OHE maintenance (Wire wear 15.3%, ATD: NORMAL)",NONE,True,False,,0.0042,0.4,LOW,343,149,16.7,,,,,,,,,,,,,23.9,,,,,,,,119.0,,,0.0,346.0,45/6,45/18,11.63,15.3,GOOD,GOOD,490.4,NORMAL,5602.0,-6.0,CLEAN,1.0,STABLE,False,,,,,,,,,,,,,,
TSK-OHE-0230,OHE-0230,TRACTION_DISTRIBUTION_OHE,PHD,CNB,402.27,402.83,DN,"OHE maintenance (Wire wear 30.3%, ATD: NORMAL)",NONE,True,False,,0.0069,0.7,LOW,343,150,16.7,,,,,,,,,,,,,39.1,,,,,,,,52.0,,,0.0,357.0,402/15,402/30,11.03,30.3,GOOD,GOOD,695.6,NORMAL,5542.0,33.0,CLEAN,1.0,STABLE,False,,,,,,,,,,,,,,
TSK-OHE-0455,OHE-0455,TRACTION_DISTRIBUTION_OHE,GZB,DER,31.62,32.54,DN,"OHE maintenance (Wire wear 11.8%, ATD: NORMAL)",NONE,True,False,,0.0043,0.4,LOW,343,149,16.7,,,,,,,,,,,,,31.6,,,,,,,,69.0,,,0.0,354.0,31/1,31/26,11.77,11.8,GOOD,GOOD,564.7,NORMAL,5675.0,-69.0,CLEAN,0.0,STABLE,False,,,,,,,,,,,,,,
TSK-OHE-0410,OHE-0410,TRACTION_DISTRIBUTION_OHE,TDL,FZD,222.68,223.43,UP,"OHE maintenance (Wire wear 38.3%, ATD: NORMAL)",NONE,True,False,,0.0049,0.5,LOW,343,154,16.7,,,,,,,,,,,,,25.3,,,,,,,,129.0,,,0.0,345.0,222/7,222/30,10.71,38.3,GOOD,GOOD,454.1,NORMAL,5561.0,-101.0,CLEAN,0.0,STABLE,False,,,,,,,,,,,,,,
TSK-OHE-0180,OHE-0180,TRACTION_DISTRIBUTION_OHE,ALJN,TDL,148.08,149.13,DN,"OHE maintenance (Wire wear 19.8%, ATD: NORMAL)",NONE,True,False,,0.0069,0.7,LOW,343,150,16.7,,,,,,,,,,,,,42.4,,,,,,,,52.0,,,0.0,357.0,148/5,148/29,11.45,19.8,GOOD,GOOD,693.8,NORMAL,5495.0,6.0,CLEAN,0.0,SETTLEMENT,False,,,,,,,,,,,,,,
TSK-OHE-0018,OHE-0018,TRACTION_DISTRIBUTION_OHE,DER,KRJ,50.63,51.26,UP,"OHE maintenance (Wire wear 35.8%, ATD: NORMAL)",NONE,True,False,,0.0047,0.5,LOW,342,153,16.7,,,,,,,,,,,,,35.6,,,,,,,,101.0,,,0.0,349.0,50/4,50/20,10.81,35.8,GOOD,GOOD,565.9,NORMAL,5523.0,-5.0,CLEAN,3.0,STABLE,False,,,,,,,,,,,,,,
TSK-OHE-0353,OHE-0353,TRACTION_DISTRIBUTION_OHE,GZB,DER,34.29,35.38,UP,"OHE maintenance (Wire wear 9.3%, ATD: NORMAL)",NONE,True,False,,0.0032,0.3,LOW,344,148,16.6,,,,,,,,,,,,,16.5,,,,,,,,86.0,,,0.0,351.0,34/3,34/25,11.87,9.3,GOOD,GOOD,387.6,NORMAL,5645.0,140.0,CLEAN,1.0,SETTLEMENT,False,,,,,,,,,,,,,,
TSK-OHE-0349,OHE-0349,TRACTION_DISTRIBUTION_OHE,GZB,DER,27.52,28.39,DN,"OHE maintenance (Wire wear 30.1%, ATD: NORMAL)",NONE,True,False,,0.0034,0.3,LOW,344,151,16.6,,,,,,,,,,,,,25.5,,,,,,,,89.0,,,0.0,351.0,27/3,27/22,11.04,30.1,GOOD,GOOD,556.0,NORMAL,5576.0,97.0,CLEAN,0.0,STABLE,False,,,,,,,,,,,,,,
TSK-OHE-0362,OHE-0362,TRACTION_DISTRIBUTION_OHE,TDL,FZD,213.04,214.38,UP,"OHE maintenance (Wire wear 19.5%, ATD: NORMAL)",NONE,True,False,,0.0032,0.3,LOW,344,150,16.6,,,,,,,,,,,,,41.6,,,,,,,,86.0,,,0.0,351.0,213/1,213/16,11.46,19.5,GOOD,WORN,658.6,NORMAL,5534.0,14.0,CLEAN,2.0,SETTLEMENT,False,,,,,,,,,,,,,,
TSK-OHE-0208,OHE-0208,TRACTION_DISTRIBUTION_OHE,ALJN,TDL,206.95,207.67,UP,"OHE maintenance (Wire wear 8.5%, ATD: NORMAL)",NONE,True,False,,0.0032,0.3,LOW,343,147,16.6,,,,,,,,,,,,,33.6,,,,,,,,76.0,,,0.0,353.0,206/12,206/31,11.9,8.5,GOOD,GOOD,686.5,NORMAL,5560.0,-36.0,CLEAN,2.0,STABLE,False,,,,,,,,,,,,,,
TSK-OHE-0482,OHE-0482,TRACTION_DISTRIBUTION_OHE,TDL,FZD,217.83,219.13,UP,"OHE maintenance (Wire wear 0.0%, ATD: NORMAL)",NONE,True,False,,0.0032,0.3,LOW,344,147,16.6,,,,,,,,,,,,,43.1,,,,,,,,73.0,,,0.0,353.0,217/3,217/26,12.24,0.0,GOOD,GOOD,601.3,NORMAL,5500.0,-78.0,CLEAN,2.0,STABLE,False,,,,,,,,,,,,,,
TSK-OHE-0464,OHE-0464,TRACTION_DISTRIBUTION_OHE,FZD,ETW,248.12,249.14,UP,"OHE maintenance (Wire wear 31.1%, ATD: NORMAL)",NONE,True,False,,0.0024,0.2,LOW,343,151,16.6,,,,,,,,,,,,,22.9,,,,,,,,106.0,,,0.0,348.0,248/14,248/17,11.0,31.1,GOOD,GOOD,577.3,NORMAL,5548.0,34.0,CLEAN,4.0,STABLE,False,,,,,,,,,,,,,,
TSK-OHE-0070,OHE-0070,TRACTION_DISTRIBUTION_OHE,PHD,CNB,360.21,361.06,DN,"OHE maintenance (Wire wear 30.3%, ATD: NORMAL)",NONE,True,False,,0.0027,0.3,LOW,343,151,16.6,,,,,,,,,,,,,32.5,,,,,,,,111.0,,,0.0,348.0,360/10,360/16,11.03,30.3,GOOD,WORN,491.5,NORMAL,5494.0,-43.0,CLEAN,0.0,STABLE,False,,,,,,,,,,,,,,
TSK-OHE-0283,OHE-0283,TRACTION_DISTRIBUTION_OHE,FZD,ETW,260.83,262.14,DN,"OHE maintenance (Wire wear 35.8%, ATD: NORMAL)",NONE,True,False,,0.004,0.4,LOW,344,153,16.6,,,,,,,,,,,,,41.0,,,,,,,,126.0,,,0.0,345.0,260/6,260/24,10.81,35.8,GOOD,GOOD,617.0,NORMAL,5536.0,-19.0,CLEAN,2.0,STABLE,False,,,,,,,,,,,,,,
TSK-OHE-0461,OHE-0461,TRACTION_DISTRIBUTION_OHE,FZD,ETW,256.28,257.19,UP,"OHE maintenance (Wire wear 0.0%, ATD: NORMAL)",NONE,True,False,,0.0032,0.3,LOW,344,145,16.6,,,,,,,,,,,,,31.8,,,,,,,,75.0,,,0.0,353.0,256/1,256/31,12.24,0.0,GOOD,WORN,599.2,NORMAL,5478.0,91.0,CLEAN,1.0,STABLE,False,,,,,,,,,,,,,,
TSK-OHE-0307,OHE-0307,TRACTION_DISTRIBUTION_OHE,KRJ,ALJN,84.19,85.01,UP,"OHE maintenance (Wire wear 18.0%, ATD: NORMAL)",NONE,True,False,,0.0037,0.4,LOW,343,151,16.6,,,,,,,,,,,,,32.0,,,,,,,,81.0,,,0.0,352.0,84/2,84/22,11.52,18.0,GOOD,GOOD,484.6,NORMAL,5511.0,16.0,CLEAN,2.0,STABLE,False,,,,,,,,,,,,,,
TSK-OHE-0305,OHE-0305,TRACTION_DISTRIBUTION_OHE,NDLS,GZB,15.47,16.3,DN,"OHE maintenance (Wire wear 31.1%, ATD: NORMAL)",NONE,True,False,,0.0048,0.5,LOW,344,151,16.6,,,,,,,,,,,,,25.4,,,,,,,,60.0,,,0.0,355.0,15/8,15/17,11.0,31.1,GOOD,WORN,522.6,NORMAL,5470.0,-56.0,CLEAN,0.0,STABLE,False,,,,,,,,,,,,,,
TSK-OHE-0255,OHE-0255,TRACTION_DISTRIBUTION_OHE,GZB,DER,29.15,29.82,DN,"OHE maintenance (Wire wear 27.3%, ATD: NORMAL)",NONE,True,False,,0.0032,0.3,LOW,344,150,16.6,,,,,,,,,,,,,39.9,,,,,,,,86.0,,,0.0,351.0,29/13,29/17,11.15,27.3,GOOD,GOOD,675.7,NORMAL,5518.0,-3.0,CLEAN,1.0,STABLE,False,,,,,,,,,,,,,,
TSK-OHE-0404,OHE-0404,TRACTION_DISTRIBUTION_OHE,ALJN,TDL,162.48,163.1,UP,"OHE maintenance (Wire wear 4.5%, ATD: NORMAL)",NONE,True,False,,0.0039,0.4,LOW,343,147,16.6,,,,,,,,,,,,,19.3,,,,,,,,96.0,,,0.0,350.0,162/9,162/22,12.06,4.5,GOOD,GOOD,558.3,NORMAL,5537.0,110.0,CLEAN,3.0,SETTLEMENT,False,,,,,,,,,,,,,,
TSK-OHE-0435,OHE-0435,TRACTION_DISTRIBUTION_OHE,FZD,ETW,228.54,229.23,UP,"OHE maintenance (Wire wear 26.3%, ATD: NORMAL)",NONE,True,False,,0.0048,0.5,LOW,344,151,16.6,,,,,,,,,,,,,30.1,,,,,,,,70.0,,,0.0,354.0,228/4,228/25,11.19,26.3,GOOD,GOOD,445.8,NORMAL,5529.0,-25.0,CLEAN,3.0,STABLE,False,,,,,,,,,,,,,,
TSK-OHE-0308,OHE-0308,TRACTION_DISTRIBUTION_OHE,FZD,ETW,229.09,230.17,DN,"OHE maintenance (Wire wear 26.6%, ATD: NORMAL)",NONE,True,False,,0.0034,0.3,LOW,344,151,16.6,,,,,,,,,,,,,25.7,,,,,,,,90.0,,,0.0,351.0,229/13,229/18,11.18,26.6,GOOD,GOOD,434.1,NORMAL,5595.0,30.0,CLEAN,1.0,STABLE,False,,,,,,,,,,,,,,
TSK-OHE-0088,OHE-0088,TRACTION_DISTRIBUTION_OHE,KRJ,ALJN,124.48,125.15,DN,"OHE maintenance (Wire wear 18.3%, ATD: NORMAL)",NONE,True,False,,0.0053,0.5,LOW,344,150,16.6,,,,,,,,,,,,,44.1,,,,,,,,115.0,,,0.0,347.0,124/4,124/17,11.51,18.3,GOOD,GOOD,677.4,NORMAL,5507.0,-112.0,CLEAN,2.0,STABLE,False,,,,,,,,,,,,,,
TSK-OHE-0106,OHE-0106,TRACTION_DISTRIBUTION_OHE,ETW,PHD,345.61,346.71,DN,"OHE maintenance (Wire wear 35.3%, ATD: NORMAL)",NONE,True,False,,0.0052,0.5,LOW,344,154,16.6,,,,,,,,,,,,,35.4,,,,,,,,68.0,,,0.0,354.0,345/14,345/27,10.83,35.3,GOOD,GOOD,547.2,NORMAL,5590.0,4.0,CLEAN,2.0,STABLE,False,,,,,,,,,,,,,,
TSK-OHE-0065,OHE-0065,TRACTION_DISTRIBUTION_OHE,NDLS,GZB,0.41,1.79,UP,"OHE maintenance (Wire wear 12.8%, ATD: NORMAL)",NONE,True,False,,0.0037,0.4,LOW,344,149,16.6,,,,,,,,,,,,,32.6,,,,,,,,72.0,,,0.0,354.0,0/8,0/21,11.73,12.8,GOOD,GOOD,553.8,NORMAL,5588.0,8.0,CLEAN,0.0,STABLE,False,,,,,,,,,,,,,,
TSK-SIG-0045,SIG-0045,SIGNAL_AND_TELECOM,KRJ,KRJ,82.09,82.19,YARD,"Signal maintenance (POINT_MACHINE at KRJ, Tier: LOW)",NONE,False,False,,0.0049,0.5,LOW,344,150,16.6,,,,,,,,,,,,,,,,,,,,,168.0,,,0.0,351.0,,,,,,,,,,,,,,,POINT_MACHINE,KRJ,82.09,4.07,1.92,17.1,3564.0,0.0,5.0,14.0,0.0,79.7,347.0,96.13
TSK-OHE-0506,OHE-0506,TRACTION_DISTRIBUTION_OHE,GZB,DER,31.66,32.42,DN,"OHE maintenance (Wire wear 5.5%, ATD: NORMAL)",NONE,True,False,,0.0027,0.3,LOW,343,147,16.6,,,,,,,,,,,,,23.2,,,,,,,,110.0,,,0.0,348.0,31/7,31/32,12.02,5.5,GOOD,GOOD,507.1,NORMAL,5519.0,45.0,CLEAN,1.0,STABLE,False,,,,,,,,,,,,,,
TSK-OHE-0039,OHE-0039,TRACTION_DISTRIBUTION_OHE,TDL,FZD,214.04,215.48,UP,"OHE maintenance (Wire wear 28.8%, ATD: NORMAL)",NONE,True,False,,0.004,0.4,LOW,345,151,16.5,,,,,,,,,,,,,41.9,,,,,,,,103.0,,,0.0,349.0,214/3,214/23,11.09,28.8,GOOD,GOOD,594.2,NORMAL,5479.0,-148.0,CLEAN,0.0,STABLE,False,,,,,,,,,,,,,,
TSK-OHE-0347,OHE-0347,TRACTION_DISTRIBUTION_OHE,GZB,DER,30.98,31.6,DN,"OHE maintenance (Wire wear 28.1%, ATD: NORMAL)",NONE,True,False,,0.0023,0.2,LOW,344,151,16.5,,,,,,,,,,,,,33.8,,,,,,,,105.0,,,0.0,349.0,30/11,30/27,11.12,28.1,GOOD,WORN,639.8,NORMAL,5457.0,53.0,CLEAN,1.0,STABLE,False,,,,,,,,,,,,,,
TSK-OHE-0137,OHE-0137,TRACTION_DISTRIBUTION_OHE,NDLS,GZB,13.55,14.38,DN,"OHE maintenance (Wire wear 16.0%, ATD: NORMAL)",NONE,True,False,,0.005,0.5,LOW,346,150,16.5,,,,,,,,,,,,,19.3,,,,,,,,60.0,,,0.0,355.0,13/10,13/29,11.6,16.0,GOOD,GOOD,448.6,NORMAL,5422.0,-149.0,CLEAN,2.0,STABLE,False,,,,,,,,,,,,,,
TSK-OHE-0126,OHE-0126,TRACTION_DISTRIBUTION_OHE,DER,KRJ,39.72,41.04,DN,"OHE maintenance (Wire wear 16.5%, ATD: NORMAL)",NONE,True,False,,0.0045,0.5,LOW,345,150,16.5,,,,,,,,,,,,,21.1,,,,,,,,101.0,,,0.0,349.0,39/6,39/29,11.58,16.5,GOOD,GOOD,414.9,NORMAL,5577.0,-98.0,CLEAN,0.0,STABLE,False,,,,,,,,,,,,,,
TSK-OHE-0132,OHE-0132,TRACTION_DISTRIBUTION_OHE,ALJN,TDL,172.72,173.29,UP,"OHE maintenance (Wire wear 0.0%, ATD: NORMAL)",NONE,True,False,,0.0043,0.4,LOW,345,143,16.5,,,,,,,,,,,,,19.8,,,,,,,,61.0,,,0.0,355.0,172/2,172/24,12.24,0.0,GOOD,WORN,437.0,NORMAL,5610.0,-12.0,CLEAN,3.0,STABLE,False,,,,,,,,,,,,,,
TSK-OHE-0078,OHE-0078,TRACTION_DISTRIBUTION_OHE,ALJN,TDL,156.41,157.02,UP,"OHE maintenance (Wire wear 31.3%, ATD: NORMAL)",NONE,True,False,,0.0043,0.4,LOW,345,151,16.5,,,,,,,,,,,,,41.3,,,,,,,,60.0,,,0.0,355.0,156/9,156/30,10.99,31.3,GOOD,GOOD,645.9,NORMAL,5526.0,3.0,CLEAN,1.0,STABLE,False,,,,,,,,,,,,,,
TSK-OHE-0002,OHE-0002,TRACTION_DISTRIBUTION_OHE,PHD,CNB,429.69,431.14,DN,"OHE maintenance (Wire wear 7.5%, ATD: NORMAL)",NONE,True,False,,0.0042,0.4,LOW,345,149,16.5,,,,,,,,,,,,,39.6,,,,,,,,64.0,,,0.0,355.0,429/3,429/17,11.94,7.5,GOOD,GOOD,621.6,NORMAL,5525.0,54.0,CLEAN,3.0,STABLE,False,,,,,,,,,,,,,,
TSK-OHE-0185,OHE-0185,TRACTION_DISTRIBUTION_OHE,KRJ,ALJN,109.02,110.19,DN,"OHE maintenance (Wire wear 30.3%, ATD: NORMAL)",NONE,True,False,,0.0043,0.4,LOW,346,151,16.5,,,,,,,,,,,,,23.4,,,,,,,,60.0,,,0.0,355.0,109/9,109/26,11.03,30.3,GOOD,GOOD,418.0,NORMAL,5498.0,128.0,CLEAN,0.0,STABLE,False,,,,,,,,,,,,,,
TSK-OHE-0017,OHE-0017,TRACTION_DISTRIBUTION_OHE,ETW,PHD,318.96,320.3,UP,"OHE maintenance (Wire wear 17.0%, ATD: NORMAL)",NONE,True,False,,0.004,0.4,LOW,345,150,16.5,,,,,,,,,,,,,26.2,,,,,,,,103.0,,,0.0,349.0,318/4,318/30,11.56,17.0,GOOD,GOOD,611.1,NORMAL,5550.0,107.0,CLEAN,0.0,STABLE,False,,,,,,,,,,,,,,
TSK-OHE-0258,OHE-0258,TRACTION_DISTRIBUTION_OHE,FZD,ETW,232.1,233.23,UP,"OHE maintenance (Wire wear 25.3%, ATD: NORMAL)",NONE,True,False,,0.0048,0.5,LOW,346,151,16.5,,,,,,,,,,,,,29.3,,,,,,,,66.0,,,0.0,354.0,232/9,232/30,11.23,25.3,GOOD,WORN,468.5,NORMAL,5515.0,33.0,CLEAN,3.0,STABLE,False,,,,,,,,,,,,,,
TSK-OHE-0440,OHE-0440,TRACTION_DISTRIBUTION_OHE,KRJ,ALJN,122.63,123.3,DN,"OHE maintenance (Wire wear 39.1%, ATD: NORMAL)",NONE,True,False,,0.0034,0.3,LOW,345,154,16.5,,,,,,,,,,,,,25.1,,,,,,,,95.0,,,0.0,350.0,122/9,122/28,10.68,39.1,GOOD,WORN,597.7,NORMAL,5432.0,167.0,CLEAN,1.0,STABLE,False,,,,,,,,,,,,,,
TSK-OHE-0029,OHE-0029,TRACTION_DISTRIBUTION_OHE,PHD,CNB,358.89,360.11,UP,"OHE maintenance (Wire wear 0.0%, ATD: NORMAL)",NONE,True,False,,0.0037,0.4,LOW,345,148,16.5,,,,,,,,,,,,,15.6,,,,,,,,40.0,,,0.0,320.0,358/1,358/16,12.24,0.0,GOOD,GOOD,399.9,NORMAL,5555.0,-82.0,POLLUTED,3.0,STABLE,False,,,,,,,,,,,,,,
TSK-OHE-0313,OHE-0313,TRACTION_DISTRIBUTION_OHE,TDL,FZD,215.0,215.67,UP,"OHE maintenance (Wire wear 38.8%, ATD: NORMAL)",NONE,True,False,,0.0052,0.5,LOW,346,154,16.5,,,,,,,,,,,,,32.5,,,,,,,,62.0,,,0.0,317.0,215/14,215/25,10.69,38.8,GOOD,GOOD,448.4,NORMAL,5510.0,84.0,POLLUTED,2.0,SETTLEMENT,False,,,,,,,,,,,,,,
TSK-OHE-0032,OHE-0032,TRACTION_DISTRIBUTION_OHE,ETW,PHD,335.42,336.02,DN,"OHE maintenance (Wire wear 33.8%, ATD: NORMAL)",NONE,True,False,,0.0043,0.4,LOW,346,151,16.5,,,,,,,,,,,,,38.9,,,,,,,,65.0,,,0.0,355.0,335/6,335/25,10.89,33.8,GOOD,GOOD,602.8,NORMAL,5611.0,-6.0,CLEAN,3.0,STABLE,False,,,,,,,,,,,,,,
TSK-OHE-0266,OHE-0266,TRACTION_DISTRIBUTION_OHE,PHD,CNB,378.61,379.43,UP,"OHE maintenance (Wire wear 35.8%, ATD: NORMAL)",NONE,True,False,,0.0033,0.3,LOW,346,154,16.4,,,,,,,,,,,,,23.9,,,,,,,,82.0,,,0.0,352.0,378/6,378/26,10.81,35.8,GOOD,GOOD,391.1,NORMAL,5585.0,59.0,CLEAN,3.0,SETTLEMENT,False,,,,,,,,,,,,,,
TSK-OHE-0086,OHE-0086,TRACTION_DISTRIBUTION_OHE,GZB,DER,29.9,31.18,DN,"OHE maintenance (Wire wear 21.8%, ATD: NORMAL)",NONE,True,False,,0.0042,0.4,LOW,346,151,16.4,,,,,,,,,,,,,25.7,,,,,,,,40.0,,,0.0,358.0,29/1,29/28,11.37,21.8,GOOD,GOOD,526.2,NORMAL,5562.0,12.0,CLEAN,1.0,STABLE,False,,,,,,,,,,,,,,
TSK-OHE-0178,OHE-0178,TRACTION_DISTRIBUTION_OHE,ALJN,TDL,145.61,146.83,UP,"OHE maintenance (Wire wear 20.6%, ATD: NORMAL)",NONE,True,False,,0.0032,0.3,LOW,346,151,16.4,,,,,,,,,,,,,29.7,,,,,,,,81.0,,,0.0,352.0,145/9,145/18,11.42,20.6,GOOD,WORN,621.0,NORMAL,5565.0,-177.0,CLEAN,3.0,STABLE,False,,,,,,,,,,,,,,
TSK-OHE-0161,OHE-0161,TRACTION_DISTRIBUTION_OHE,NDLS,GZB,11.01,12.02,UP,"OHE maintenance (Wire wear 21.1%, ATD: NORMAL)",NONE,True,False,,0.0038,0.4,LOW,346,150,16.4,,,,,,,,,,,,,26.5,,,,,,,,58.0,,,0.0,356.0,11/12,11/29,11.4,21.1,GOOD,GOOD,648.5,NORMAL,5604.0,-5.0,CLEAN,2.0,STABLE,False,,,,,,,,,,,,,,
TSK-OHE-0484,OHE-0484,TRACTION_DISTRIBUTION_OHE,NDLS,GZB,23.42,24.23,DN,"OHE maintenance (Wire wear 28.3%, ATD: NORMAL)",NONE,True,False,,0.0032,0.3,LOW,346,151,16.4,,,,,,,,,,,,,39.9,,,,,,,,82.0,,,0.0,352.0,23/5,23/20,11.11,28.3,GOOD,GOOD,604.8,NORMAL,5527.0,5.0,CLEAN,3.0,STABLE,False,,,,,,,,,,,,,,
TSK-OHE-0003,OHE-0003,TRACTION_DISTRIBUTION_OHE,PHD,CNB,379.3,379.98,UP,"OHE maintenance (Wire wear 11.3%, ATD: NORMAL)",NONE,True,False,,0.0023,0.2,LOW,346,148,16.4,,,,,,,,,,,,,43.3,,,,,,,,105.0,,,0.0,349.0,379/1,379/17,11.79,11.3,GOOD,GOOD,696.2,NORMAL,5523.0,160.0,CLEAN,0.0,STABLE,False,,,,,,,,,,,,,,
TSK-OHE-0290,OHE-0290,TRACTION_DISTRIBUTION_OHE,DER,KRJ,80.53,81.68,DN,"OHE maintenance (Wire wear 37.6%, ATD: NORMAL)",NONE,True,False,,0.0035,0.3,LOW,348,154,16.3,,,,,,,,,,,,,19.2,,,,,,,,71.0,,,0.0,354.0,80/5,80/21,10.74,37.6,GOOD,GOOD,423.6,NORMAL,5568.0,-30.0,CLEAN,0.0,SETTLEMENT,False,,,,,,,,,,,,,,
TSK-OHE-0093,OHE-0093,TRACTION_DISTRIBUTION_OHE,KRJ,ALJN,91.93,93.19,UP,"OHE maintenance (Wire wear 18.3%, ATD: NORMAL)",NONE,True,False,,0.0027,0.3,LOW,347,151,16.3,,,,,,,,,,,,,32.0,,,,,,,,105.0,,,0.0,349.0,91/9,91/30,11.51,18.3,GOOD,GOOD,480.0,NORMAL,5579.0,-26.0,CLEAN,3.0,STABLE,False,,,,,,,,,,,,,,
TSK-SIG-0297,SIG-0297,SIGNAL_AND_TELECOM,CNB,CNB,438.99,439.09,YARD,"Signal maintenance (POINT_MACHINE at CNB, Tier: LOW)",NONE,False,False,,0.0088,0.9,LOW,350,150,16.3,,,,,,,,,,,,,,,,,,,,,208.0,,,0.0,363.0,,,,,,,,,,,,,,,POINT_MACHINE,CNB,438.99,4.02,1.63,16.2,3506.0,0.0,5.0,20.0,0.0,73.9,331.0,99.7
TSK-OHE-0120,OHE-0120,TRACTION_DISTRIBUTION_OHE,DER,KRJ,58.63,59.85,UP,"OHE maintenance (Wire wear 16.8%, ATD: NORMAL)",NONE,True,False,,0.0023,0.2,LOW,348,150,16.2,,,,,,,,,,,,,24.4,,,,,,,,107.0,,,0.0,348.0,58/13,58/23,11.57,16.8,GOOD,GOOD,604.8,NORMAL,5595.0,-151.0,CLEAN,1.0,STABLE,False,,,,,,,,,,,,,,
TSK-OHE-0257,OHE-0257,TRACTION_DISTRIBUTION_OHE,PHD,CNB,376.77,377.79,DN,"OHE maintenance (Wire wear 24.3%, ATD: NORMAL)",NONE,True,False,,0.0028,0.3,LOW,349,151,16.2,,,,,,,,,,,,,35.0,,,,,,,,107.0,,,0.0,348.0,376/12,376/21,11.27,24.3,GOOD,GOOD,455.1,NORMAL,5491.0,39.0,CLEAN,3.0,STABLE,False,,,,,,,,,,,,,,
TSK-OHE-0487,OHE-0487,TRACTION_DISTRIBUTION_OHE,ALJN,TDL,140.23,141.31,UP,"OHE maintenance (Wire wear 32.8%, ATD: NORMAL)",NONE,True,False,,0.0033,0.3,LOW,349,151,16.2,,,,,,,,,,,,,17.7,,,,,,,,72.0,,,0.0,354.0,140/4,140/17,10.93,32.8,GOOD,GOOD,370.0,NORMAL,5546.0,-84.0,CLEAN,0.0,STABLE,False,,,,,,,,,,,,,,
TSK-OHE-0092,OHE-0092,TRACTION_DISTRIBUTION_OHE,TDL,FZD,220.62,221.3,DN,"OHE maintenance (Wire wear 8.0%, ATD: NORMAL)",NONE,True,False,,0.0037,0.4,LOW,352,148,16.0,,,,,,,,,,,,,41.4,,,,,,,,35.0,,,0.0,359.0,220/11,220/25,11.92,8.0,GOOD,GOOD,612.7,NORMAL,5543.0,-17.0,CLEAN,4.0,STABLE,False,,,,,,,,,,,,,,
TSK-OHE-0386,OHE-0386,TRACTION_DISTRIBUTION_OHE,ALJN,TDL,141.67,142.4,DN,"OHE maintenance (Wire wear 13.5%, ATD: NORMAL)",NONE,True,False,,0.0042,0.4,LOW,353,149,16.0,,,,,,,,,,,,,32.1,,,,,,,,36.0,,,0.0,359.0,141/3,141/19,11.7,13.5,GOOD,GOOD,474.0,NORMAL,5415.0,61.0,CLEAN,4.0,STABLE,False,,,,,,,,,,,,,,
TSK-OHE-0243,OHE-0243,TRACTION_DISTRIBUTION_OHE,ETW,PHD,308.49,309.87,UP,"OHE maintenance (Wire wear 8.3%, ATD: NORMAL)",NONE,True,False,,0.0034,0.3,LOW,352,148,16.0,,,,,,,,,,,,,37.3,,,,,,,,33.0,,,0.0,321.0,308/10,308/26,11.91,8.3,GOOD,GOOD,480.9,NORMAL,5636.0,-58.0,POLLUTED,4.0,STABLE,False,,,,,,,,,,,,,,
TSK-OHE-0079,OHE-0079,TRACTION_DISTRIBUTION_OHE,ETW,PHD,321.02,322.02,DN,"OHE maintenance (Wire wear 15.5%, ATD: NORMAL)",NONE,True,False,,0.0042,0.4,LOW,354,150,15.9,,,,,,,,,,,,,17.4,,,,,,,,37.0,,,0.0,359.0,321/12,321/31,11.62,15.5,GOOD,WORN,480.0,NORMAL,5521.0,-111.0,CLEAN,2.0,STABLE,False,,,,,,,,,,,,,,
TSK-OHE-0012,OHE-0012,TRACTION_DISTRIBUTION_OHE,DER,KRJ,61.34,61.99,UP,"OHE maintenance (Wire wear 0.0%, ATD: NORMAL)",NONE,True,False,,0.0034,0.3,LOW,354,143,15.9,,,,,,,,,,,,,17.7,,,,,,,,32.0,,,0.0,360.0,61/4,61/23,12.24,0.0,GOOD,GOOD,490.0,NORMAL,5491.0,-59.0,CLEAN,3.0,STABLE,False,,,,,,,,,,,,,,
TSK-OHE-0527,OHE-0527,TRACTION_DISTRIBUTION_OHE,FZD,ETW,243.1,243.9,DN,"OHE maintenance (Wire wear 7.5%, ATD: NORMAL)",NONE,True,False,,0.0042,0.4,LOW,354,148,15.9,,,,,,,,,,,,,44.3,,,,,,,,36.0,,,0.0,359.0,243/4,243/19,11.94,7.5,GOOD,GOOD,532.2,NORMAL,5430.0,-67.0,CLEAN,1.0,STABLE,False,,,,,,,,,,,,,,
TSK-OHE-0301,OHE-0301,TRACTION_DISTRIBUTION_OHE,KRJ,ALJN,94.31,95.66,UP,"OHE maintenance (Wire wear 0.0%, ATD: NORMAL)",NONE,True,False,,0.0042,0.4,LOW,354,146,15.9,,,,,,,,,,,,,27.9,,,,,,,,35.0,,,0.0,321.0,94/14,94/27,12.24,0.0,GOOD,GOOD,534.7,NORMAL,5526.0,33.0,POLLUTED,0.0,STABLE,False,,,,,,,,,,,,,,
TSK-OHE-0210,OHE-0210,TRACTION_DISTRIBUTION_OHE,PHD,CNB,437.02,437.83,UP,"OHE maintenance (Wire wear 0.0%, ATD: NORMAL)",NONE,True,False,,0.0044,0.4,LOW,355,145,15.8,,,,,,,,,,,,,32.5,,,,,,,,37.0,,,0.0,359.0,437/8,437/27,12.24,0.0,GOOD,GOOD,547.3,NORMAL,5536.0,73.0,CLEAN,0.0,SETTLEMENT,False,,,,,,,,,,,,,,
TSK-OHE-0456,OHE-0456,TRACTION_DISTRIBUTION_OHE,DER,KRJ,51.92,53.4,UP,"OHE maintenance (Wire wear 2.3%, ATD: NORMAL)",NONE,True,False,,0.0044,0.4,LOW,355,149,15.8,,,,,,,,,,,,,19.2,,,,,,,,28.0,,,0.0,360.0,51/10,51/30,12.15,2.3,GOOD,WORN,480.0,NORMAL,5622.0,6.0,CLEAN,4.0,STABLE,False,,,,,,,,,,,,,,
TSK-OHE-0075,OHE-0075,TRACTION_DISTRIBUTION_OHE,ETW,PHD,351.95,352.96,UP,"OHE maintenance (Wire wear 35.8%, ATD: NORMAL)",NONE,True,False,,0.004,0.4,LOW,356,153,15.8,,,,,,,,,,,,,18.3,,,,,,,,35.0,,,0.0,359.0,351/13,351/29,10.81,35.8,GOOD,GOOD,439.9,NORMAL,5569.0,-29.0,CLEAN,0.0,STABLE,False,,,,,,,,,,,,,,
TSK-OHE-0398,OHE-0398,TRACTION_DISTRIBUTION_OHE,ETW,PHD,352.72,354.01,UP,"OHE maintenance (Wire wear 7.8%, ATD: NORMAL)",NONE,True,False,,0.0024,0.2,LOW,356,148,15.7,,,,,,,,,,,,,29.5,,,,,,,,50.0,,,0.0,357.0,352/3,352/30,11.93,7.8,GOOD,WORN,541.1,NORMAL,5516.0,38.0,CLEAN,1.0,STABLE,False,,,,,,,,,,,,,,
TSK-OHE-0462,OHE-0462,TRACTION_DISTRIBUTION_OHE,TDL,FZD,219.88,220.91,UP,"OHE maintenance (Wire wear 0.0%, ATD: NORMAL)",NONE,True,False,,0.0035,0.4,LOW,357,144,15.7,,,,,,,,,,,,,15.7,,,,,,,,25.0,,,0.0,361.0,219/10,219/22,12.24,0.0,GOOD,GOOD,448.0,NORMAL,5554.0,-16.0,CLEAN,4.0,STABLE,False,,,,,,,,,,,,,,
TSK-OHE-0251,OHE-0251,TRACTION_DISTRIBUTION_OHE,TDL,FZD,224.01,225.29,UP,"OHE maintenance (Wire wear 0.0%, ATD: NORMAL)",NONE,True,False,,0.0015,0.1,LOW,356,147,15.7,,,,,,,,,,,,,40.2,,,,,,,,14.0,,,0.0,362.0,224/3,224/30,12.24,0.0,GOOD,GOOD,664.6,NORMAL,5522.0,-108.0,CLEAN,4.0,STABLE,False,,,,,,,,,,,,,,
TSK-OHE-0043,OHE-0043,TRACTION_DISTRIBUTION_OHE,FZD,ETW,285.86,286.44,UP,"OHE maintenance (Wire wear 8.3%, ATD: NORMAL)",NONE,True,False,,0.0031,0.3,LOW,357,146,15.7,,,,,,,,,,,,,28.6,,,,,,,,24.0,,,0.0,361.0,285/2,285/24,11.91,8.3,GOOD,WORN,555.7,NORMAL,5599.0,152.0,CLEAN,4.0,STABLE,False,,,,,,,,,,,,,,
TSK-OHE-0203,OHE-0203,TRACTION_DISTRIBUTION_OHE,KRJ,ALJN,117.07,118.06,UP,"OHE maintenance (Wire wear 16.8%, ATD: NORMAL)",NONE,True,False,,0.0021,0.2,LOW,357,150,15.6,,,,,,,,,,,,,41.2,,,,,,,,50.0,,,0.0,357.0,117/11,117/24,11.57,16.8,GOOD,GOOD,560.6,NORMAL,5571.0,-158.0,CLEAN,1.0,STABLE,False,,,,,,,,,,,,,,
TSK-OHE-0033,OHE-0033,TRACTION_DISTRIBUTION_OHE,ALJN,TDL,190.83,191.99,DN,"OHE maintenance (Wire wear 38.8%, ATD: NORMAL)",NONE,True,False,,0.0046,0.5,LOW,358,155,15.6,,,,,,,,,,,,,15.6,,,,,,,,28.0,,,0.0,360.0,190/13,190/28,10.69,38.8,GOOD,WORN,487.5,NORMAL,5545.0,45.0,CLEAN,4.0,STABLE,False,,,,,,,,,,,,,,
TSK-OHE-0325,OHE-0325,TRACTION_DISTRIBUTION_OHE,FZD,ETW,258.01,259.38,DN,"OHE maintenance (Wire wear 4.0%, ATD: NORMAL)",NONE,True,False,,0.003,0.3,LOW,358,149,15.6,,,,,,,,,,,,,16.3,,,,,,,,25.0,,,0.0,361.0,258/10,258/19,12.08,4.0,GOOD,GOOD,341.5,NORMAL,5625.0,-38.0,CLEAN,3.0,STABLE,False,,,,,,,,,,,,,,
TSK-OHE-0446,OHE-0446,TRACTION_DISTRIBUTION_OHE,NDLS,GZB,17.6,18.58,DN,"OHE maintenance (Wire wear 30.1%, ATD: NORMAL)",NONE,True,False,,0.0028,0.3,LOW,357,150,15.6,,,,,,,,,,,,,41.2,,,,,,,,41.0,,,0.0,358.0,17/11,17/28,11.04,30.1,GOOD,GOOD,713.5,NORMAL,5687.0,-18.0,CLEAN,1.0,SETTLEMENT,False,,,,,,,,,,,,,,
TSK-OHE-0071,OHE-0071,TRACTION_DISTRIBUTION_OHE,FZD,ETW,232.57,233.28,UP,"OHE maintenance (Wire wear 0.0%, ATD: NORMAL)",NONE,True,False,,0.0028,0.3,LOW,357,146,15.6,,,,,,,,,,,,,38.0,,,,,,,,41.0,,,0.0,358.0,232/10,232/16,12.24,0.0,GOOD,GOOD,616.1,NORMAL,5595.0,2.0,CLEAN,1.0,STABLE,False,,,,,,,,,,,,,,
TSK-OHE-0504,OHE-0504,TRACTION_DISTRIBUTION_OHE,DER,KRJ,40.11,41.56,DN,"OHE maintenance (Wire wear 2.3%, ATD: NORMAL)",NONE,True,False,,0.0013,0.1,LOW,357,149,15.6,,,,,,,,,,,,,42.6,,,,,,,,19.0,,,0.0,362.0,40/5,40/28,12.15,2.3,GOOD,GOOD,571.5,NORMAL,5506.0,-125.0,CLEAN,4.0,STABLE,False,,,,,,,,,,,,,,
TSK-OHE-0226,OHE-0226,TRACTION_DISTRIBUTION_OHE,DER,KRJ,77.88,78.68,UP,"OHE maintenance (Wire wear 14.0%, ATD: NORMAL)",NONE,True,False,,0.0046,0.5,LOW,359,150,15.6,,,,,,,,,,,,,41.7,,,,,,,,29.0,,,0.0,360.0,77/4,77/30,11.68,14.0,GOOD,GOOD,574.0,NORMAL,5516.0,49.0,CLEAN,3.0,STABLE,False,,,,,,,,,,,,,,
TSK-OHE-0508,OHE-0508,TRACTION_DISTRIBUTION_OHE,KRJ,ALJN,96.35,97.8,UP,"OHE maintenance (Wire wear 11.0%, ATD: NORMAL)",NONE,True,False,,0.0029,0.3,LOW,358,149,15.6,,,,,,,,,,,,,35.3,,,,,,,,41.0,,,0.0,358.0,96/9,96/31,11.8,11.0,GOOD,GOOD,578.0,NORMAL,5571.0,-60.0,CLEAN,1.0,STABLE,False,,,,,,,,,,,,,,
TSK-OHE-0521,OHE-0521,TRACTION_DISTRIBUTION_OHE,KRJ,ALJN,85.3,86.19,DN,"OHE maintenance (Wire wear 0.0%, ATD: NORMAL)",NONE,True,False,,0.0013,0.1,LOW,359,144,15.5,,,,,,,,,,,,,23.7,,,,,,,,19.0,,,0.0,362.0,85/7,85/20,12.24,0.0,GOOD,GOOD,436.0,NORMAL,5594.0,48.0,CLEAN,2.0,STABLE,False,,,,,,,,,,,,,,
TSK-OHE-0152,OHE-0152,TRACTION_DISTRIBUTION_OHE,DER,KRJ,48.58,49.73,DN,"OHE maintenance (Wire wear 7.5%, ATD: NORMAL)",NONE,True,False,,0.002,0.2,LOW,359,148,15.5,,,,,,,,,,,,,24.8,,,,,,,,47.0,,,0.0,357.0,48/9,48/30,11.94,7.5,GOOD,GOOD,482.1,NORMAL,5575.0,68.0,CLEAN,3.0,STABLE,False,,,,,,,,,,,,,,
TSK-OHE-0103,OHE-0103,TRACTION_DISTRIBUTION_OHE,KRJ,ALJN,97.64,98.21,UP,"OHE maintenance (Wire wear 0.0%, ATD: NORMAL)",NONE,True,False,,0.0035,0.4,LOW,360,144,15.5,,,,,,,,,,,,,29.1,,,,,,,,24.0,,,0.0,361.0,97/3,97/22,12.24,0.0,GOOD,GOOD,543.1,NORMAL,5606.0,114.0,CLEAN,1.0,STABLE,False,,,,,,,,,,,,,,
TSK-OHE-0496,OHE-0496,TRACTION_DISTRIBUTION_OHE,PHD,CNB,433.73,434.53,DN,"OHE maintenance (Wire wear 25.3%, ATD: NORMAL)",NONE,True,False,,0.0034,0.3,LOW,360,151,15.5,,,,,,,,,,,,,28.3,,,,,,,,26.0,,,0.0,361.0,433/14,433/23,11.23,25.3,GOOD,GOOD,472.3,NORMAL,5523.0,-37.0,CLEAN,0.0,STABLE,False,,,,,,,,,,,,,,
TSK-OHE-0336,OHE-0336,TRACTION_DISTRIBUTION_OHE,PHD,CNB,364.82,366.1,UP,"OHE maintenance (Wire wear 0.0%, ATD: NORMAL)",NONE,True,False,,0.0018,0.2,LOW,358,149,15.5,,,,,,,,,,,,,15.4,,,,,,,,11.0,,,0.0,363.0,364/11,364/25,12.24,0.0,GOOD,WORN,270.0,NORMAL,5475.0,-5.0,CLEAN,3.0,STABLE,False,,,,,,,,,,,,,,
TSK-OHE-0143,OHE-0143,TRACTION_DISTRIBUTION_OHE,ETW,PHD,343.36,344.34,UP,"OHE maintenance (Wire wear 26.3%, ATD: NORMAL)",NONE,True,False,,0.002,0.2,LOW,359,151,15.5,,,,,,,,,,,,,44.3,,,,,,,,43.0,,,0.0,358.0,343/9,343/22,11.19,26.3,GOOD,GOOD,524.6,NORMAL,5588.0,-1.0,CLEAN,1.0,STABLE,False,,,,,,,,,,,,,,
TSK-OHE-0270,OHE-0270,TRACTION_DISTRIBUTION_OHE,NDLS,GZB,15.3,16.56,UP,"OHE maintenance (Wire wear 0.0%, ATD: NORMAL)",NONE,True,False,,0.0013,0.1,LOW,358,149,15.5,,,,,,,,,,,,,36.4,,,,,,,,19.0,,,0.0,362.0,15/9,15/20,12.24,0.0,GOOD,GOOD,707.2,NORMAL,5603.0,-18.0,CLEAN,2.0,STABLE,False,,,,,,,,,,,,,,
TSK-OHE-0422,OHE-0422,TRACTION_DISTRIBUTION_OHE,FZD,ETW,234.76,235.91,DN,"OHE maintenance (Wire wear 30.3%, ATD: NORMAL)",NONE,True,False,,0.0029,0.3,LOW,359,151,15.5,,,,,,,,,,,,,28.8,,,,,,,,42.0,,,0.0,358.0,234/2,234/31,11.03,30.3,GOOD,GOOD,461.8,NORMAL,5568.0,11.0,CLEAN,2.0,STABLE,False,,,,,,,,,,,,,,
TSK-OHE-0473,OHE-0473,TRACTION_DISTRIBUTION_OHE,PHD,CNB,376.05,377.42,DN,"OHE maintenance (Wire wear 0.0%, ATD: NORMAL)",NONE,True,False,,0.003,0.3,LOW,359,148,15.5,,,,,,,,,,,,,16.0,,,,,,,,27.0,,,0.0,360.0,376/12,376/23,12.24,0.0,GOOD,GOOD,408.3,NORMAL,5468.0,-93.0,CLEAN,0.0,STABLE,False,,,,,,,,,,,,,,
TSK-OHE-0234,OHE-0234,TRACTION_DISTRIBUTION_OHE,KRJ,ALJN,104.61,105.39,UP,"OHE maintenance (Wire wear 3.0%, ATD: NORMAL)",NONE,True,False,,0.0018,0.2,LOW,359,147,15.5,,,,,,,,,,,,,23.8,,,,,,,,11.0,,,0.0,363.0,104/2,104/30,12.12,3.0,GOOD,WORN,556.0,NORMAL,5583.0,19.0,CLEAN,1.0,STABLE,False,,,,,,,,,,,,,,
TSK-OHE-0074,OHE-0074,TRACTION_DISTRIBUTION_OHE,ALJN,TDL,141.03,142.26,DN,"OHE maintenance (Wire wear 0.5%, ATD: NORMAL)",NONE,True,False,,0.0031,0.3,LOW,360,148,15.5,,,,,,,,,,,,,27.9,,,,,,,,27.0,,,0.0,360.0,141/15,141/25,12.22,0.5,GOOD,GOOD,435.9,NORMAL,5528.0,-37.0,CLEAN,3.0,STABLE,False,,,,,,,,,,,,,,
TSK-OHE-0334,OHE-0334,TRACTION_DISTRIBUTION_OHE,PHD,CNB,361.46,362.7,DN,"OHE maintenance (Wire wear 21.6%, ATD: NORMAL)",NONE,True,False,,0.0014,0.1,LOW,360,151,15.4,,,,,,,,,,,,,31.9,,,,,,,,17.0,,,0.0,362.0,361/2,361/17,11.38,21.6,GOOD,GOOD,532.1,NORMAL,5485.0,-45.0,CLEAN,1.0,STABLE,False,,,,,,,,,,,,,,
TSK-OHE-0155,OHE-0155,TRACTION_DISTRIBUTION_OHE,GZB,DER,30.55,31.09,DN,"OHE maintenance (Wire wear 22.8%, ATD: NORMAL)",NONE,True,False,,0.0034,0.3,LOW,361,151,15.4,,,,,,,,,,,,,26.7,,,,,,,,27.0,,,0.0,360.0,30/4,30/26,11.33,22.8,GOOD,GOOD,554.0,NORMAL,5554.0,-55.0,CLEAN,3.0,STABLE,False,,,,,,,,,,,,,,
TSK-OHE-0471,OHE-0471,TRACTION_DISTRIBUTION_OHE,PHD,CNB,392.47,393.57,DN,"OHE maintenance (Wire wear 24.6%, ATD: NORMAL)",NONE,True,False,,0.003,0.3,LOW,361,151,15.4,,,,,,,,,,,,,19.8,,,,,,,,26.0,,,0.0,361.0,392/4,392/32,11.26,24.6,GOOD,GOOD,377.7,NORMAL,5537.0,79.0,CLEAN,0.0,STABLE,False,,,,,,,,,,,,,,
TSK-OHE-0468,OHE-0468,TRACTION_DISTRIBUTION_OHE,TDL,FZD,223.08,224.45,UP,"OHE maintenance (Wire wear 2.5%, ATD: NORMAL)",NONE,True,False,,0.0018,0.2,LOW,360,150,15.4,,,,,,,,,,,,,44.4,,,,,,,,46.0,,,0.0,358.0,223/14,223/32,12.14,2.5,GOOD,WORN,732.4,NORMAL,5553.0,-142.0,CLEAN,0.0,STABLE,False,,,,,,,,,,,,,,
TSK-OHE-0457,OHE-0457,TRACTION_DISTRIBUTION_OHE,PHD,CNB,392.42,393.45,DN,"OHE maintenance (Wire wear 0.0%, ATD: NORMAL)",NONE,True,False,,0.0018,0.2,LOW,360,146,15.4,,,,,,,,,,,,,25.5,,,,,,,,11.0,,,0.0,363.0,392/8,392/18,12.24,0.0,GOOD,GOOD,576.7,NORMAL,5632.0,11.0,CLEAN,2.0,STABLE,False,,,,,,,,,,,,,,
TSK-OHE-0467,OHE-0467,TRACTION_DISTRIBUTION_OHE,DER,KRJ,53.07,54.3,UP,"OHE maintenance (Wire wear 23.1%, ATD: NORMAL)",NONE,True,False,,0.003,0.3,LOW,361,151,15.4,,,,,,,,,,,,,37.1,,,,,,,,24.0,,,0.0,361.0,53/3,53/27,11.32,23.1,GOOD,GOOD,601.4,NORMAL,5598.0,4.0,CLEAN,2.0,STABLE,False,,,,,,,,,,,,,,
TSK-OHE-0211,OHE-0211,TRACTION_DISTRIBUTION_OHE,TDL,FZD,220.06,220.57,DN,"OHE maintenance (Wire wear 10.5%, ATD: NORMAL)",NONE,True,False,,0.002,0.2,LOW,360,146,15.4,,,,,,,,,,,,,21.9,,,,,,,,10.0,,,0.0,363.0,220/6,220/26,11.82,10.5,GOOD,GOOD,491.8,NORMAL,5532.0,-9.0,CLEAN,4.0,STABLE,False,,,,,,,,,,,,,,
TSK-OHE-0542,OHE-0542,TRACTION_DISTRIBUTION_OHE,PHD,CNB,399.87,400.45,UP,"OHE maintenance (Wire wear 20.3%, ATD: NORMAL)",NONE,True,False,,0.0018,0.2,LOW,360,150,15.4,,,,,,,,,,,,,39.6,,,,,,,,43.0,,,0.0,358.0,399/6,399/23,11.43,20.3,GOOD,GOOD,671.6,NORMAL,5510.0,47.0,CLEAN,2.0,SETTLEMENT,False,,,,,,,,,,,,,,
TSK-OHE-0383,OHE-0383,TRACTION_DISTRIBUTION_OHE,ALJN,TDL,137.49,138.89,DN,"OHE maintenance (Wire wear 0.0%, ATD: NORMAL)",NONE,True,False,,0.003,0.3,LOW,360,150,15.4,,,,,,,,,,,,,42.5,,,,,,,,30.0,,,0.0,322.0,137/6,137/22,12.24,0.0,GOOD,GOOD,738.1,NORMAL,5523.0,-15.0,POLLUTED,0.0,STABLE,False,,,,,,,,,,,,,,
TSK-OHE-0135,OHE-0135,TRACTION_DISTRIBUTION_OHE,FZD,ETW,228.94,229.7,DN,"OHE maintenance (Wire wear 39.8%, ATD: NORMAL)",NONE,True,False,,0.0018,0.2,LOW,361,153,15.3,,,,,,,,,,,,,21.1,,,,,,,,12.0,,,0.0,363.0,228/1,228/30,10.65,39.8,GOOD,GOOD,391.1,NORMAL,5563.0,-5.0,CLEAN,1.0,STABLE,False,,,,,,,,,,,,,,
TSK-OHE-0112,OHE-0112,TRACTION_DISTRIBUTION_OHE,GZB,DER,25.2,25.73,DN,"OHE maintenance (Wire wear 0.0%, ATD: NORMAL)",NONE,True,False,,0.0013,0.1,LOW,361,143,15.3,,,,,,,,,,,,,38.6,,,,,,,,22.0,,,0.0,361.0,25/15,25/26,12.24,0.0,GOOD,GOOD,566.9,NORMAL,5501.0,-111.0,CLEAN,4.0,STABLE,False,,,,,,,,,,,,,,
TSK-OHE-0127,OHE-0127,TRACTION_DISTRIBUTION_OHE,NDLS,GZB,20.24,21.62,DN,"OHE maintenance (Wire wear 13.8%, ATD: NORMAL)",NONE,True,False,,0.0013,0.1,LOW,361,150,15.3,,,,,,,,,,,,,36.7,,,,,,,,15.0,,,0.0,362.0,20/2,20/26,11.69,13.8,GOOD,WORN,618.7,NORMAL,5440.0,-119.0,CLEAN,3.0,STABLE,False,,,,,,,,,,,,,,
TSK-OHE-0125,OHE-0125,TRACTION_DISTRIBUTION_OHE,GZB,DER,33.53,34.53,UP,"OHE maintenance (Wire wear 24.8%, ATD: NORMAL)",NONE,True,False,,0.003,0.3,LOW,365,151,15.1,,,,,,,,,,,,,32.4,,,,,,,,30.0,,,0.0,360.0,33/14,33/31,11.25,24.8,GOOD,GOOD,600.9,NORMAL,5572.0,158.0,CLEAN,2.0,STABLE,False,,,,,,,,,,,,,,
TSK-OHE-0198,OHE-0198,TRACTION_DISTRIBUTION_OHE,TDL,FZD,211.81,212.88,DN,"OHE maintenance (Wire wear 21.6%, ATD: NORMAL)",NONE,True,False,,0.0013,0.1,LOW,365,151,15.0,,,,,,,,,,,,,37.7,,,,,,,,22.0,,,0.0,361.0,211/2,211/26,11.38,21.6,GOOD,GOOD,608.2,NORMAL,5646.0,-3.0,CLEAN,2.0,STABLE,False,,,,,,,,,,,,,,
