asset_id,department,section_from,section_to,km_start,km_end,line,rail_type,rail_age_years,cumulative_gmt,tgi_unevenness,tgi_twist,tgi_gauge,tgi_alignment,tgi_composite,tgi_category,usfd_status,usfd_defect_count,rail_temperature_c,ambient_temperature_c,destressing_temp_c,thermal_buckling_risk,maintenance_permitted_temp,rainfall_mm_7day,ballast_condition,max_speed_kmph,route_class,machine_required,days_since_last_maintenance,speed_restriction_active,tsr_speed_kmph,ground_truth_failure,ground_truth_rul_days
TRK-0001,ENGINEERING_TRACK,GZB,DER,25.28,26.19,UP,60kg 90UTS,5,148.6,64.0,81.8,83.6,85.7,80.76,GOOD,CLEAR,0,52.7,35.6,40.0,SAFE_RANGE,True,15.6,GOOD,130,A,NONE,221,False,0,0,326
TRK-0002,ENGINEERING_TRACK,NDLS,GZB,0.72,1.55,UP,60kg 90UTS,18,341.6,56.4,61.1,65.5,52.8,55.61999999999999,AVERAGE,CLEAR,0,49.3,34.9,40.0,SAFE_RANGE,True,39.7,GOOD,130,A,TAMPING,306,False,0,0,248
TRK-0003,ENGINEERING_TRACK,ALJN,TDL,193.33,193.84,UP,60kg 90UTS,23,539.4,38.9,57.0,51.3,34.1,39.07000000000001,POOR,OBS,3,39.7,22.0,40.0,SAFE_RANGE,True,60.6,FOULED,160,A,CSM,52,True,75,1,18
TRK-0004,ENGINEERING_TRACK,GZB,DER,28.95,29.97,DN,60kg 90UTS,2,59.2,75.6,85.4,77.3,85.6,82.74999999999999,GOOD,CLEAR,0,49.7,31.9,40.0,SAFE_RANGE,True,68.1,GOOD,130,A,NONE,287,False,0,0,314
TRK-0005,ENGINEERING_TRACK,ALJN,TDL,194.86,196.29,DN,52kg 72UTS,19,358.1,55.1,62.4,64.3,79.5,71.39,AVERAGE,CLEAR,0,35.1,19.8,40.0,SAFE_RANGE,True,139.2,FOULED,160,A,TAMPING,45,False,0,0,357
TRK-0006,ENGINEERING_TRACK,KRJ,ALJN,123.72,124.79,DN,52kg 72UTS,21,665.3,53.2,37.8,56.7,24.4,34.73,POOR,OBS,2,39.3,27.6,40.0,SAFE_RANGE,True,48.1,GOOD,130,A,TAMPING,354,True,30,1,11
TRK-0007,ENGINEERING_TRACK,DER,KRJ,61.04,61.91,DN,60kg 90UTS,13,265.2,74.7,72.9,73.6,64.4,68.22999999999999,AVERAGE,CLEAR,0,57.6,42.1,40.0,MODERATE_HEAT_EXPANSION,True,39.5,GOOD,130,A,TAMPING,171,False,0,0,335
TRK-0008,ENGINEERING_TRACK,NDLS,GZB,5.5,6.05,DN,60kg 90UTS,13,264.6,53.9,62.4,65.5,68.8,64.85,AVERAGE,CLEAR,0,41.0,23.5,40.0,SAFE_RANGE,True,157.7,GOOD,130,A,MANUAL,166,False,0,0,272
TRK-0009,ENGINEERING_TRACK,KRJ,ALJN,113.81,114.9,DN,60kg 90UTS,5,101.5,84.1,90.4,91.2,86.4,86.82000000000001,GOOD,CLEAR,0,38.9,24.4,40.0,SAFE_RANGE,True,47.3,GOOD,130,A,NONE,304,False,0,0,311
TRK-0010,ENGINEERING_TRACK,FZD,ETW,292.44,293.54,UP,60kg 90UTS,5,126.0,61.5,91.0,81.2,73.1,73.38,AVERAGE,CLEAR,0,30.8,20.4,40.0,SAFE_RANGE,True,19.7,GOOD,160,A,MANUAL,326,False,0,0,307
TRK-0011,ENGINEERING_TRACK,DER,KRJ,72.64,73.77,UP,60kg 90UTS,13,294.2,64.7,79.4,75.7,59.0,63.85,AVERAGE,CLEAR,0,58.1,43.9,40.0,MODERATE_HEAT_EXPANSION,True,174.8,SATURATED,130,A,MANUAL,10,True,30,0,247
TRK-0012,ENGINEERING_TRACK,PHD,CNB,418.57,420.22,DN,60kg 90UTS,4,83.5,53.2,90.9,85.8,77.2,74.63000000000001,AVERAGE,CLEAR,0,32.1,22.1,40.0,SAFE_RANGE,True,130.0,SATURATED,130,A,MANUAL,139,True,45,0,288
TRK-0013,ENGINEERING_TRACK,PHD,CNB,431.84,433.65,DN,60kg 90UTS,21,528.2,64.6,49.4,52.7,44.0,49.53,POOR,IMR,2,38.1,22.0,40.0,SAFE_RANGE,True,97.1,FOULED,130,A,TAMPING,276,True,30,1,1
TRK-0014,ENGINEERING_TRACK,TDL,FZD,216.82,217.49,DN,52kg 72UTS,10,197.9,66.5,80.6,79.2,81.8,78.35999999999999,AVERAGE,CLEAR,0,38.8,24.3,40.0,SAFE_RANGE,True,14.2,GOOD,160,A,NONE,253,False,0,0,320
TRK-0015,ENGINEERING_TRACK,GZB,DER,35.76,37.06,UP,52kg 72UTS,5,141.0,68.6,75.8,78.6,61.5,66.06,AVERAGE,CLEAR,0,53.9,42.6,40.0,SAFE_RANGE,True,95.0,GOOD,130,A,MANUAL,315,False,0,0,309
TRK-0016,ENGINEERING_TRACK,FZD,ETW,297.36,299.25,UP,60kg 90UTS,23,488.4,25.9,60.5,58.3,48.9,46.4,POOR,OBS,3,43.5,29.4,40.0,SAFE_RANGE,True,21.8,FOULED,160,A,CSM,120,False,0,1,27
TRK-0017,ENGINEERING_TRACK,GZB,DER,28.72,30.1,UP,60kg 90UTS,19,368.7,51.0,78.7,68.3,43.5,51.0,AVERAGE,OBS,1,46.9,36.4,40.0,SAFE_RANGE,True,12.1,GOOD,130,A,CSM,21,False,0,0,245
TRK-0018,ENGINEERING_TRACK,TDL,FZD,210.13,210.99,DN,60kg 90UTS,7,180.5,73.6,100.0,77.9,76.4,78.35,AVERAGE,CLEAR,0,53.9,36.8,40.0,SAFE_RANGE,True,103.7,FOULED,160,A,NONE,129,False,0,0,342
TRK-0019,ENGINEERING_TRACK,ETW,PHD,345.41,346.2,UP,52kg 72UTS,22,519.7,58.0,43.6,53.5,57.4,55.75,AVERAGE,OBS,4,45.6,28.7,40.0,SAFE_RANGE,True,9.8,GOOD,160,A,TAMPING,339,False,0,0,190
TRK-0020,ENGINEERING_TRACK,GZB,DER,25.67,27.26,UP,60kg 90UTS,8,150.7,66.1,79.2,77.3,84.7,79.69000000000001,AVERAGE,CLEAR,0,43.0,31.9,40.0,SAFE_RANGE,True,33.0,GOOD,130,A,NONE,241,False,0,0,322
TRK-0021,ENGINEERING_TRACK,KRJ,ALJN,124.1,124.71,UP,60kg 90UTS,2,56.1,98.3,93.2,86.8,78.4,84.7,GOOD,CLEAR,0,42.2,32.1,40.0,SAFE_RANGE,True,16.8,GOOD,130,A,NONE,126,False,0,0,342
TRK-0022,ENGINEERING_TRACK,DER,KRJ,55.29,56.51,DN,60kg 90UTS,2,36.6,87.9,76.5,92.8,81.8,83.59,GOOD,CLEAR,0,31.2,18.1,40.0,SAFE_RANGE,True,166.8,FOULED,130,A,NONE,237,False,0,0,323
TRK-0023,ENGINEERING_TRACK,ALJN,TDL,163.57,165.51,DN,60kg 90UTS,5,94.0,86.9,69.7,86.3,92.5,88.47999999999999,GOOD,CLEAR,0,34.2,23.7,40.0,SAFE_RANGE,True,132.4,FOULED,160,A,NONE,36,False,0,0,358
TRK-0024,ENGINEERING_TRACK,TDL,FZD,209.91,211.29,UP,60kg 90UTS,2,68.4,66.0,95.6,96.4,72.5,75.9,AVERAGE,OBS,1,31.6,20.1,40.0,SAFE_RANGE,True,107.1,SATURATED,160,A,NONE,350,True,45,0,198
TRK-0025,ENGINEERING_TRACK,FZD,ETW,234.87,236.71,UP,60kg 90UTS,19,510.9,44.1,58.0,62.5,43.1,46.730000000000004,POOR,CLEAR,0,47.5,34.1,40.0,SAFE_RANGE,True,105.1,FOULED,160,A,BCM,272,False,0,0,194
TRK-0026,ENGINEERING_TRACK,TDL,FZD,223.96,224.77,DN,60kg 90UTS,8,162.5,62.3,84.3,72.7,82.5,77.66,AVERAGE,CLEAR,0,36.6,21.4,40.0,SAFE_RANGE,True,82.3,GOOD,160,A,NONE,42,False,0,0,357
TRK-0027,ENGINEERING_TRACK,NDLS,GZB,11.0,13.0,UP,60kg 90UTS,3,77.3,89.5,87.2,92.1,99.6,95.58999999999999,GOOD,CLEAR,0,42.3,31.2,40.0,SAFE_RANGE,True,62.8,GOOD,130,A,NONE,40,False,0,0,358
TRK-0028,ENGINEERING_TRACK,KRJ,ALJN,100.37,101.11,DN,60kg 90UTS,20,693.5,36.1,41.8,54.4,47.4,45.279999999999994,POOR,IMR,5,34.7,18.2,40.0,SAFE_RANGE,True,53.9,FOULED,130,A,TAMPING,344,True,30,1,1
TRK-0029,ENGINEERING_TRACK,DER,KRJ,48.9,50.73,UP,60kg 90UTS,9,185.7,70.0,100.0,84.2,64.4,71.06,AVERAGE,CLEAR,0,36.2,23.5,40.0,SAFE_RANGE,True,123.7,GOOD,130,A,TAMPING,140,False,0,0,340
TRK-0030,ENGINEERING_TRACK,PHD,CNB,397.06,398.92,UP,60kg 90UTS,3,83.1,77.2,89.9,88.9,79.5,81.02000000000001,GOOD,OBS,1,50.0,39.6,40.0,SAFE_RANGE,True,60.0,GOOD,130,A,NONE,71,False,0,0,300
TRK-0031,ENGINEERING_TRACK,ALJN,TDL,143.44,144.6,DN,52kg 72UTS,18,273.5,58.3,55.5,70.5,75.4,69.5,AVERAGE,CLEAR,0,37.1,20.0,40.0,SAFE_RANGE,True,162.7,SATURATED,160,A,MANUAL,284,True,30,0,262
TRK-0032,ENGINEERING_TRACK,TDL,FZD,218.32,219.04,UP,60kg 90UTS,2,42.3,73.3,86.9,88.0,71.6,75.10999999999999,AVERAGE,CLEAR,0,57.8,41.4,40.0,MODERATE_HEAT_EXPANSION,True,154.9,SATURATED,160,A,NONE,188,True,45,0,279
TRK-0033,ENGINEERING_TRACK,KRJ,ALJN,114.35,115.38,DN,60kg 90UTS,20,599.8,35.4,63.8,62.3,38.0,42.489999999999995,POOR,IMR,2,58.3,40.5,40.0,MODERATE_HEAT_EXPANSION,True,145.9,SATURATED,130,A,TAMPING,216,True,30,1,1
TRK-0034,ENGINEERING_TRACK,DER,KRJ,70.15,71.15,DN,60kg 90UTS,22,710.2,59.4,50.1,65.6,53.9,55.79,AVERAGE,IMR,2,41.2,24.9,40.0,SAFE_RANGE,True,19.5,FOULED,130,A,CSM,24,True,75,1,12
TRK-0035,ENGINEERING_TRACK,KRJ,ALJN,92.38,94.26,DN,60kg 90UTS,10,314.1,65.7,59.5,71.4,58.7,61.45,AVERAGE,CLEAR,0,52.5,40.7,40.0,SAFE_RANGE,True,118.8,FOULED,130,A,TAMPING,209,False,0,0,265
TRK-0036,ENGINEERING_TRACK,TDL,FZD,213.46,214.06,DN,60kg 90UTS,12,334.0,53.8,63.5,83.0,63.9,63.75,AVERAGE,CLEAR,0,46.2,28.4,40.0,SAFE_RANGE,True,96.5,GOOD,160,A,TAMPING,19,False,0,0,298
TRK-0037,ENGINEERING_TRACK,GZB,DER,34.65,35.54,DN,60kg 90UTS,2,34.3,83.2,79.3,100.0,89.9,88.51000000000002,GOOD,CLEAR,0,45.1,29.3,40.0,SAFE_RANGE,True,56.5,GOOD,130,A,NONE,315,False,0,0,309
TRK-0038,ENGINEERING_TRACK,PHD,CNB,366.48,368.33,UP,52kg 72UTS,9,143.0,55.2,80.8,76.4,84.5,77.46000000000001,AVERAGE,CLEAR,0,43.5,29.3,40.0,SAFE_RANGE,True,145.2,GOOD,130,A,NONE,356,False,0,0,302
TRK-0039,ENGINEERING_TRACK,KRJ,ALJN,100.12,100.72,DN,60kg 90UTS,20,425.6,48.9,77.7,62.5,53.0,55.6,AVERAGE,CLEAR,0,55.8,40.0,40.0,MODERATE_HEAT_EXPANSION,True,54.1,FOULED,130,A,MANUAL,163,False,0,0,273
TRK-0040,ENGINEERING_TRACK,FZD,ETW,250.14,251.69,UP,60kg 90UTS,7,163.9,77.8,94.1,69.8,93.0,87.75,GOOD,CLEAR,0,57.8,42.4,40.0,MODERATE_HEAT_EXPANSION,True,162.5,FOULED,160,A,NONE,320,False,0,0,309
TRK-0041,ENGINEERING_TRACK,ALJN,TDL,162.27,164.02,DN,60kg 90UTS,10,192.0,76.6,83.6,71.4,72.0,74.02000000000001,AVERAGE,CLEAR,0,53.3,38.4,40.0,SAFE_RANGE,True,58.0,GOOD,160,A,TAMPING,231,False,0,0,324
TRK-0042,ENGINEERING_TRACK,ETW,PHD,338.16,339.43,UP,60kg 90UTS,22,367.3,40.6,51.7,80.9,73.5,65.47999999999999,AVERAGE,CLEAR,0,46.5,31.4,40.0,SAFE_RANGE,True,60.3,GOOD,160,A,TAMPING,125,False,0,0,343
TRK-0043,ENGINEERING_TRACK,ALJN,TDL,148.3,149.1,UP,60kg 90UTS,2,39.8,94.0,85.6,79.8,87.8,88.02000000000001,GOOD,CLEAR,0,47.2,30.4,40.0,SAFE_RANGE,True,13.1,GOOD,160,A,NONE,217,False,0,0,327
TRK-0044,ENGINEERING_TRACK,KRJ,ALJN,116.76,117.84,DN,60kg 90UTS,8,143.6,76.1,75.1,82.5,82.6,80.53999999999999,GOOD,CLEAR,0,53.0,35.9,40.0,SAFE_RANGE,True,154.9,SATURATED,130,A,NONE,59,True,75,0,302
TRK-0045,ENGINEERING_TRACK,KRJ,ALJN,91.27,93.21,DN,60kg 90UTS,2,52.3,88.4,85.4,90.5,81.3,84.05,GOOD,OBS,1,52.9,41.9,40.0,SAFE_RANGE,True,24.0,GOOD,130,A,NONE,242,False,0,0,270
TRK-0046,ENGINEERING_TRACK,PHD,CNB,438.01,439.4,DN,60kg 90UTS,20,626.0,40.1,52.1,62.1,39.4,43.08,POOR,CLEAR,0,54.6,41.2,40.0,SAFE_RANGE,True,163.2,SATURATED,130,A,CSM,233,True,45,1,14
TRK-0047,ENGINEERING_TRACK,ETW,PHD,325.75,327.38,DN,60kg 90UTS,25,763.8,54.5,64.5,57.9,49.8,53.019999999999996,AVERAGE,IMR,4,46.5,34.3,40.0,SAFE_RANGE,True,13.9,GOOD,160,A,CSM,151,True,45,1,9
TRK-0048,ENGINEERING_TRACK,ALJN,TDL,156.86,158.7,UP,60kg 90UTS,5,90.1,61.1,70.1,79.4,91.3,81.95,GOOD,OBS,1,39.2,28.0,40.0,SAFE_RANGE,True,38.5,GOOD,160,A,NONE,217,False,0,0,274
TRK-0049,ENGINEERING_TRACK,FZD,ETW,250.49,251.69,UP,52kg 72UTS,7,221.6,85.8,69.6,73.8,73.1,75.35999999999999,AVERAGE,OBS,1,44.3,28.1,40.0,SAFE_RANGE,True,170.3,SATURATED,160,A,NONE,15,True,75,0,257
TRK-0050,ENGINEERING_TRACK,ETW,PHD,301.32,302.35,DN,60kg 90UTS,14,360.7,67.8,62.1,71.6,59.4,62.56999999999999,AVERAGE,OBS,1,53.5,37.1,40.0,SAFE_RANGE,True,161.6,SATURATED,160,A,TAMPING,254,True,45,1,24
TRK-0051,ENGINEERING_TRACK,ALJN,TDL,164.56,165.1,DN,60kg 90UTS,22,628.8,34.9,37.9,64.3,51.9,48.339999999999996,POOR,IMR,4,53.5,36.8,40.0,SAFE_RANGE,True,165.5,SATURATED,160,A,CSM,323,True,30,1,1
TRK-0052,ENGINEERING_TRACK,FZD,ETW,269.8,271.29,UP,60kg 90UTS,21,495.0,52.8,49.9,68.9,49.9,52.379999999999995,AVERAGE,OBS,4,34.8,22.7,40.0,SAFE_RANGE,True,58.9,GOOD,160,A,CSM,237,False,0,0,208
TRK-0053,ENGINEERING_TRACK,TDL,FZD,214.4,216.22,DN,60kg 90UTS,25,850.6,36.8,52.4,57.0,38.9,41.64,POOR,CLEAR,0,45.7,29.0,40.0,SAFE_RANGE,True,84.7,FOULED,160,A,TAMPING,281,True,30,1,20
TRK-0054,ENGINEERING_TRACK,TDL,FZD,212.59,213.19,UP,60kg 90UTS,25,390.5,44.5,49.2,61.5,56.5,53.870000000000005,AVERAGE,IMR,2,33.4,23.2,40.0,SAFE_RANGE,True,27.4,GOOD,160,A,BCM,69,True,75,1,21
TRK-0055,ENGINEERING_TRACK,GZB,DER,31.2,32.03,DN,60kg 90UTS,25,559.4,44.7,52.5,51.9,46.4,47.22,POOR,CLEAR,0,51.5,33.8,40.0,SAFE_RANGE,True,129.3,GOOD,130,A,TAMPING,88,False,0,1,25
TRK-0056,ENGINEERING_TRACK,ALJN,TDL,139.32,139.86,DN,60kg 90UTS,19,542.4,53.8,54.5,46.8,39.6,44.65,POOR,IMR,4,44.0,28.3,40.0,SAFE_RANGE,True,13.7,GOOD,160,A,TAMPING,358,True,45,1,1
TRK-0057,ENGINEERING_TRACK,GZB,DER,32.67,33.62,UP,60kg 90UTS,19,582.4,46.9,60.9,59.8,45.8,48.92999999999999,POOR,OBS,3,47.2,31.9,40.0,SAFE_RANGE,True,12.4,FOULED,130,A,TAMPING,336,False,0,1,11
TRK-0058,ENGINEERING_TRACK,TDL,FZD,209.2,210.33,DN,60kg 90UTS,4,94.7,90.7,100.0,83.6,89.1,89.96,GOOD,CLEAR,0,44.5,27.4,40.0,SAFE_RANGE,True,82.8,GOOD,160,A,NONE,83,False,0,0,350
TRK-0059,ENGINEERING_TRACK,FZD,ETW,239.03,240.31,DN,60kg 90UTS,20,623.3,43.4,36.4,63.3,25.9,34.19,POOR,CLEAR,0,45.9,32.0,40.0,SAFE_RANGE,True,78.4,FOULED,160,A,TAMPING,308,True,60,1,19
TRK-0060,ENGINEERING_TRACK,TDL,FZD,222.63,224.38,UP,60kg 90UTS,9,293.7,46.3,73.0,77.4,75.1,69.35999999999999,AVERAGE,CLEAR,0,38.0,24.3,40.0,SAFE_RANGE,True,109.9,SATURATED,160,A,MANUAL,199,True,60,0,277
TRK-0061,ENGINEERING_TRACK,NDLS,GZB,11.86,12.85,DN,52kg 72UTS,7,154.7,82.1,93.0,86.6,73.8,78.66,AVERAGE,CLEAR,0,36.9,24.7,40.0,SAFE_RANGE,True,107.3,GOOD,130,A,NONE,146,False,0,0,339
TRK-0062,ENGINEERING_TRACK,PHD,CNB,357.83,359.75,UP,60kg 90UTS,8,235.2,81.1,68.4,62.6,83.1,79.17999999999999,AVERAGE,OBS,1,46.8,30.7,40.0,SAFE_RANGE,True,124.3,SATURATED,130,A,NONE,335,True,75,0,201
TRK-0063,ENGINEERING_TRACK,ETW,PHD,344.61,345.25,UP,60kg 90UTS,13,374.9,35.5,55.2,67.3,59.2,54.870000000000005,AVERAGE,CLEAR,0,40.7,26.0,40.0,SAFE_RANGE,True,85.2,GOOD,160,A,TAMPING,276,False,0,0,253
TRK-0064,ENGINEERING_TRACK,TDL,FZD,215.81,217.43,DN,52kg 72UTS,12,348.7,61.8,66.4,66.1,67.8,66.28999999999999,AVERAGE,CLEAR,0,37.0,25.0,40.0,SAFE_RANGE,True,21.7,GOOD,160,A,TAMPING,103,False,0,0,346
TRK-0065,ENGINEERING_TRACK,TDL,FZD,210.91,212.21,UP,52kg 72UTS,7,135.3,62.3,84.8,90.6,91.9,85.14000000000001,GOOD,CLEAR,0,46.4,30.6,40.0,SAFE_RANGE,True,175.8,GOOD,160,A,NONE,273,False,0,0,317
TRK-0066,ENGINEERING_TRACK,ALJN,TDL,206.5,208.25,DN,60kg 90UTS,8,177.7,88.7,77.9,89.1,74.2,78.96000000000001,AVERAGE,CLEAR,0,41.6,25.9,40.0,SAFE_RANGE,True,22.8,GOOD,160,A,NONE,28,False,0,0,360
TRK-0067,ENGINEERING_TRACK,NDLS,GZB,13.28,14.83,UP,60kg 90UTS,21,679.8,42.5,59.7,60.2,57.7,55.11,AVERAGE,OBS,4,30.8,20.7,40.0,SAFE_RANGE,True,51.2,GOOD,130,A,TAMPING,250,False,0,1,22
TRK-0068,ENGINEERING_TRACK,ETW,PHD,319.74,321.69,DN,60kg 90UTS,16,276.5,77.2,52.9,64.4,46.3,54.95,AVERAGE,OBS,1,33.6,19.7,40.0,SAFE_RANGE,True,103.9,FOULED,160,A,BCM,356,False,0,1,29
TRK-0069,ENGINEERING_TRACK,NDLS,GZB,3.64,5.36,DN,60kg 90UTS,3,104.6,94.3,67.6,70.3,78.1,79.50999999999999,AVERAGE,CLEAR,0,37.2,21.1,40.0,SAFE_RANGE,True,109.1,SATURATED,130,A,NONE,321,True,45,0,256
TRK-0070,ENGINEERING_TRACK,PHD,CNB,388.19,390.05,DN,60kg 90UTS,19,661.2,56.2,35.6,54.0,43.2,46.120000000000005,POOR,CLEAR,0,40.9,25.9,40.0,SAFE_RANGE,True,109.7,GOOD,130,A,CSM,55,False,0,1,26
TRK-0071,ENGINEERING_TRACK,KRJ,ALJN,112.4,113.3,UP,60kg 90UTS,6,118.8,66.1,85.4,89.0,74.8,75.53999999999999,AVERAGE,CLEAR,0,43.7,32.4,40.0,SAFE_RANGE,True,73.5,GOOD,130,A,NONE,357,False,0,0,302
TRK-0072,ENGINEERING_TRACK,ETW,PHD,317.02,317.87,DN,60kg 90UTS,23,740.4,40.5,45.2,48.5,38.4,40.51,POOR,CLEAR,0,31.8,19.9,40.0,SAFE_RANGE,True,47.6,GOOD,160,A,BCM,325,True,45,1,19
TRK-0073,ENGINEERING_TRACK,FZD,ETW,234.49,235.33,UP,60kg 90UTS,9,283.8,66.7,47.2,72.6,66.6,65.28,AVERAGE,CLEAR,0,31.2,19.9,40.0,SAFE_RANGE,True,55.4,GOOD,160,A,TAMPING,296,False,0,0,313
TRK-0074,ENGINEERING_TRACK,ALJN,TDL,164.81,166.01,DN,60kg 90UTS,23,530.2,48.5,52.2,64.0,56.5,55.220000000000006,AVERAGE,CLEAR,0,39.4,25.1,40.0,SAFE_RANGE,True,78.8,GOOD,160,A,TAMPING,311,False,0,1,28
TRK-0075,ENGINEERING_TRACK,NDLS,GZB,21.35,22.95,DN,60kg 90UTS,1,16.8,68.7,100.0,100.0,82.3,83.11999999999999,GOOD,CLEAR,0,59.7,43.0,40.0,MODERATE_HEAT_EXPANSION,True,103.5,FOULED,130,A,NONE,15,False,0,0,362
TRK-0076,ENGINEERING_TRACK,ALJN,TDL,175.37,177.01,UP,60kg 90UTS,16,406.1,58.2,72.0,58.5,58.4,59.73,AVERAGE,CLEAR,0,41.7,29.5,40.0,SAFE_RANGE,True,179.5,SATURATED,160,A,TAMPING,228,True,75,0,209
TRK-0077,ENGINEERING_TRACK,GZB,DER,30.17,31.28,DN,60kg 90UTS,22,376.0,58.1,63.7,59.6,53.1,55.81,AVERAGE,OBS,2,42.1,26.6,40.0,SAFE_RANGE,True,51.9,GOOD,130,A,TAMPING,210,False,0,0,212
TRK-0078,ENGINEERING_TRACK,PHD,CNB,360.01,360.64,DN,52kg 72UTS,11,190.5,89.2,84.8,78.8,87.5,86.7,GOOD,CLEAR,0,55.0,38.1,40.0,SAFE_RANGE,True,148.5,SATURATED,130,A,NONE,5,True,75,0,311
TRK-0079,ENGINEERING_TRACK,FZD,ETW,230.01,231.29,DN,60kg 90UTS,21,500.7,47.2,72.1,57.7,44.3,48.99999999999999,POOR,OBS,1,37.7,23.3,40.0,SAFE_RANGE,True,167.0,SATURATED,160,A,BCM,229,True,75,1,16
TRK-0080,ENGINEERING_TRACK,GZB,DER,25.32,26.77,UP,60kg 90UTS,23,417.9,57.4,62.8,62.7,54.4,56.67,AVERAGE,CLEAR,0,46.7,32.3,40.0,SAFE_RANGE,True,16.8,GOOD,130,A,TAMPING,63,False,0,0,290
TRK-0081,ENGINEERING_TRACK,ETW,PHD,353.09,354.56,UP,60kg 90UTS,16,538.4,40.8,48.4,38.6,55.2,49.980000000000004,POOR,IMR,3,43.4,31.2,40.0,SAFE_RANGE,True,150.3,GOOD,160,A,BCM,246,True,45,1,1
TRK-0082,ENGINEERING_TRACK,ETW,PHD,331.32,332.4,UP,52kg 72UTS,3,61.6,83.3,86.8,80.6,76.4,79.24000000000001,AVERAGE,CLEAR,0,51.8,38.5,40.0,SAFE_RANGE,True,168.2,SATURATED,160,A,NONE,264,True,60,0,266
TRK-0083,ENGINEERING_TRACK,NDLS,GZB,6.79,7.74,DN,60kg 90UTS,5,119.7,60.3,85.9,77.7,83.3,78.4,AVERAGE,CLEAR,0,43.3,30.6,40.0,SAFE_RANGE,True,137.3,FOULED,130,A,NONE,198,False,0,0,330
TRK-0084,ENGINEERING_TRACK,ETW,PHD,352.31,354.11,UP,60kg 90UTS,19,430.5,51.7,57.7,52.7,63.8,59.65999999999999,AVERAGE,OBS,4,35.1,19.1,40.0,SAFE_RANGE,True,126.9,FOULED,160,A,TAMPING,200,False,0,0,214
TRK-0085,ENGINEERING_TRACK,FZD,ETW,299.14,300.83,UP,60kg 90UTS,16,548.7,46.9,49.2,53.2,55.2,52.74000000000001,AVERAGE,OBS,2,45.8,31.1,40.0,SAFE_RANGE,True,156.5,SATURATED,160,A,BCM,230,True,30,1,15
TRK-0086,ENGINEERING_TRACK,PHD,CNB,431.66,432.18,UP,60kg 90UTS,14,453.9,37.0,48.9,64.9,55.1,51.84000000000001,AVERAGE,CLEAR,0,53.8,43.2,40.0,SAFE_RANGE,True,140.7,GOOD,130,A,TAMPING,140,False,0,0,277
TRK-0087,ENGINEERING_TRACK,TDL,FZD,218.97,220.07,UP,60kg 90UTS,11,352.5,60.3,66.8,64.7,67.2,65.53,AVERAGE,CLEAR,0,53.3,40.3,40.0,SAFE_RANGE,True,57.0,GOOD,160,A,TAMPING,254,False,0,0,320
TRK-0088,ENGINEERING_TRACK,PHD,CNB,359.94,360.54,DN,60kg 90UTS,8,239.5,71.9,93.6,83.0,66.0,71.64,AVERAGE,CLEAR,0,40.1,29.3,40.0,SAFE_RANGE,True,114.1,SATURATED,130,A,TAMPING,56,True,75,0,302
TRK-0089,ENGINEERING_TRACK,DER,KRJ,68.23,70.09,UP,60kg 90UTS,11,340.2,43.6,62.9,70.3,79.0,69.44,AVERAGE,CLEAR,0,38.6,25.6,40.0,SAFE_RANGE,True,26.2,GOOD,130,A,MANUAL,276,False,0,0,316
TRK-0090,ENGINEERING_TRACK,FZD,ETW,267.88,269.57,UP,60kg 90UTS,6,99.5,87.3,82.7,77.1,81.9,82.58,GOOD,OBS,1,55.6,40.6,40.0,MODERATE_HEAT_EXPANSION,True,43.3,GOOD,160,A,NONE,303,False,0,0,259
TRK-0091,ENGINEERING_TRACK,DER,KRJ,47.45,48.91,DN,60kg 90UTS,9,255.0,59.3,67.8,79.2,80.6,74.91999999999999,AVERAGE,CLEAR,0,55.1,41.4,40.0,MODERATE_HEAT_EXPANSION,True,51.8,GOOD,130,A,MANUAL,284,False,0,0,315
TRK-0092,ENGINEERING_TRACK,DER,KRJ,40.32,42.24,DN,60kg 90UTS,21,719.1,40.4,41.5,61.6,35.4,39.629999999999995,POOR,CLEAR,0,49.6,35.9,40.0,SAFE_RANGE,True,54.4,FOULED,130,A,TAMPING,201,True,75,1,22
TRK-0093,ENGINEERING_TRACK,GZB,DER,27.61,28.97,DN,52kg 72UTS,23,480.8,63.3,52.4,59.8,42.6,49.440000000000005,POOR,IMR,4,39.6,25.1,40.0,SAFE_RANGE,True,123.4,GOOD,130,A,CSM,30,True,75,1,14
TRK-0094,ENGINEERING_TRACK,ALJN,TDL,190.73,191.58,DN,60kg 90UTS,8,221.9,78.9,87.5,80.4,89.2,86.09,GOOD,CLEAR,0,49.5,34.1,40.0,SAFE_RANGE,True,129.8,FOULED,160,A,NONE,342,False,0,0,305
TRK-0095,ENGINEERING_TRACK,DER,KRJ,65.27,67.13,UP,60kg 90UTS,10,307.7,66.2,76.9,64.9,41.2,52.14000000000001,AVERAGE,OBS,1,31.8,18.9,40.0,SAFE_RANGE,True,23.7,GOOD,130,A,CSM,156,False,0,0,222
TRK-0096,ENGINEERING_TRACK,TDL,FZD,220.96,221.72,UP,60kg 90UTS,18,585.5,70.4,52.2,56.7,52.3,56.35,AVERAGE,OBS,3,49.1,31.8,40.0,SAFE_RANGE,True,149.5,SATURATED,160,A,MANUAL,136,True,75,1,17
TRK-0097,ENGINEERING_TRACK,ALJN,TDL,188.49,189.5,UP,60kg 90UTS,15,513.9,69.6,68.9,72.8,44.9,55.029999999999994,AVERAGE,IMR,2,49.4,37.6,40.0,SAFE_RANGE,True,121.7,SATURATED,160,A,BCM,350,True,75,1,7
TRK-0098,ENGINEERING_TRACK,PHD,CNB,386.99,388.68,UP,60kg 90UTS,9,231.6,70.1,84.3,63.0,85.1,79.80999999999999,AVERAGE,CLEAR,0,45.2,29.8,40.0,SAFE_RANGE,True,121.0,FOULED,130,A,NONE,304,False,0,0,311
TRK-0099,ENGINEERING_TRACK,FZD,ETW,286.86,288.77,UP,60kg 90UTS,22,432.9,64.7,37.4,62.9,62.0,60.17,AVERAGE,OBS,1,51.6,34.1,40.0,SAFE_RANGE,True,59.0,FOULED,160,A,TAMPING,317,False,0,0,194
TRK-0100,ENGINEERING_TRACK,KRJ,ALJN,113.44,114.89,DN,60kg 90UTS,23,484.0,41.5,55.9,61.7,38.9,43.4,POOR,OBS,4,31.4,21.0,40.0,SAFE_RANGE,True,6.7,FOULED,130,A,BCM,257,True,30,1,23
TRK-0101,ENGINEERING_TRACK,GZB,DER,27.58,28.89,DN,60kg 90UTS,15,336.3,52.4,71.9,64.0,60.8,60.55,AVERAGE,OBS,1,58.3,42.7,40.0,MODERATE_HEAT_EXPANSION,True,97.2,GOOD,130,A,TAMPING,305,False,0,0,196
TRK-0102,ENGINEERING_TRACK,DER,KRJ,76.84,78.32,DN,60kg 90UTS,20,463.2,54.3,58.4,64.6,52.1,54.42,AVERAGE,CLEAR,0,53.0,42.7,40.0,SAFE_RANGE,True,66.7,GOOD,130,A,CSM,232,False,0,0,261
TRK-0103,ENGINEERING_TRACK,ETW,PHD,353.28,355.06,UP,60kg 90UTS,22,491.6,45.1,57.9,59.3,66.6,60.7,AVERAGE,OBS,3,31.8,19.6,40.0,SAFE_RANGE,True,174.3,FOULED,160,A,TAMPING,237,False,0,0,208
TRK-0104,ENGINEERING_TRACK,GZB,DER,32.29,33.75,UP,60kg 90UTS,2,61.5,77.5,80.4,75.2,73.9,75.4,AVERAGE,CLEAR,0,35.3,24.3,40.0,SAFE_RANGE,True,101.6,FOULED,130,A,NONE,40,False,0,0,358
TRK-0105,ENGINEERING_TRACK,PHD,CNB,373.99,374.81,UP,60kg 90UTS,11,335.4,67.5,59.0,69.7,62.8,64.05,AVERAGE,CLEAR,0,53.3,38.5,40.0,SAFE_RANGE,True,49.9,GOOD,130,A,TAMPING,79,False,0,0,288
TRK-0106,ENGINEERING_TRACK,DER,KRJ,61.31,63.01,UP,60kg 90UTS,22,711.2,39.8,54.9,45.2,51.1,48.63,POOR,CLEAR,0,34.3,21.4,40.0,SAFE_RANGE,True,141.9,FOULED,130,A,TAMPING,306,False,0,1,19
TRK-0107,ENGINEERING_TRACK,TDL,FZD,209.25,210.15,UP,52kg 72UTS,24,562.1,43.9,64.0,48.6,52.8,51.71999999999999,AVERAGE,CLEAR,0,31.5,21.0,40.0,SAFE_RANGE,True,80.7,FOULED,160,A,CSM,190,False,0,0,198
TRK-0108,ENGINEERING_TRACK,PHD,CNB,405.68,406.86,UP,60kg 90UTS,20,317.3,67.1,55.4,78.9,61.9,63.989999999999995,AVERAGE,IMR,5,40.9,25.8,40.0,SAFE_RANGE,True,5.6,GOOD,130,A,CSM,250,True,75,1,17
TRK-0109,ENGINEERING_TRACK,FZD,ETW,276.77,278.01,DN,60kg 90UTS,3,99.0,91.6,64.2,90.3,64.9,72.71000000000001,AVERAGE,CLEAR,0,37.6,26.4,40.0,SAFE_RANGE,True,22.7,GOOD,160,A,TAMPING,324,False,0,0,308
TRK-0110,ENGINEERING_TRACK,PHD,CNB,415.4,416.47,DN,60kg 90UTS,15,376.7,62.0,63.2,63.7,63.6,63.25,AVERAGE,CLEAR,0,45.5,29.2,40.0,SAFE_RANGE,True,20.6,GOOD,130,A,TAMPING,340,False,0,0,242
TRK-0111,ENGINEERING_TRACK,PHD,CNB,416.11,416.93,DN,52kg 72UTS,8,186.2,69.2,89.7,96.4,79.7,80.27000000000001,GOOD,CLEAR,0,52.7,39.5,40.0,SAFE_RANGE,True,131.3,GOOD,130,A,NONE,165,False,0,0,336
TRK-0112,ENGINEERING_TRACK,FZD,ETW,249.13,250.01,UP,60kg 90UTS,22,736.1,45.2,53.5,50.7,36.2,41.18000000000001,POOR,CLEAR,0,36.4,19.7,40.0,SAFE_RANGE,True,16.8,FOULED,160,A,CSM,54,True,60,1,26
TRK-0113,ENGINEERING_TRACK,DER,KRJ,62.04,63.42,DN,60kg 90UTS,22,383.8,63.5,46.7,75.8,63.9,63.29,AVERAGE,CLEAR,0,42.5,27.2,40.0,SAFE_RANGE,True,135.1,GOOD,130,A,TAMPING,31,False,0,0,296
TRK-0114,ENGINEERING_TRACK,ALJN,TDL,177.23,178.26,UP,52kg 72UTS,5,140.7,78.2,88.9,95.1,86.3,85.82,GOOD,CLEAR,0,34.7,23.8,40.0,SAFE_RANGE,True,152.2,SATURATED,160,A,NONE,193,True,30,0,278
TRK-0115,ENGINEERING_TRACK,ALJN,TDL,175.21,176.92,UP,60kg 90UTS,20,671.6,48.8,26.3,52.2,46.0,45.21,POOR,OBS,3,31.0,18.8,40.0,SAFE_RANGE,True,137.2,FOULED,160,A,BCM,178,False,0,1,15
TRK-0116,ENGINEERING_TRACK,TDL,FZD,209.1,210.9,DN,60kg 90UTS,3,53.5,94.8,75.8,91.5,64.7,74.51,AVERAGE,CLEAR,0,44.7,34.5,40.0,SAFE_RANGE,True,134.3,SATURATED,160,A,MANUAL,115,True,75,0,292
TRK-0117,ENGINEERING_TRACK,FZD,ETW,259.57,260.31,DN,60kg 90UTS,24,515.7,56.7,40.1,59.9,43.3,47.31999999999999,POOR,OBS,5,50.6,33.5,40.0,SAFE_RANGE,True,28.0,GOOD,160,A,TAMPING,321,False,0,1,21
TRK-0118,ENGINEERING_TRACK,NDLS,GZB,16.18,17.09,DN,60kg 90UTS,16,434.3,57.8,57.1,80.5,55.1,58.379999999999995,AVERAGE,CLEAR,0,40.5,28.8,40.0,SAFE_RANGE,True,92.2,GOOD,130,A,MANUAL,181,False,0,0,270
TRK-0119,ENGINEERING_TRACK,FZD,ETW,234.21,235.73,DN,60kg 90UTS,17,481.8,42.0,66.8,47.8,63.7,58.080000000000005,AVERAGE,CLEAR,0,32.4,19.2,40.0,SAFE_RANGE,True,107.9,SATURATED,160,A,TAMPING,8,True,45,0,248
TRK-0120,ENGINEERING_TRACK,ALJN,TDL,203.79,205.44,DN,52kg 72UTS,10,215.6,57.4,72.1,85.9,72.1,70.53999999999999,AVERAGE,CLEAR,0,34.2,18.2,40.0,SAFE_RANGE,True,31.6,GOOD,160,A,MANUAL,199,False,0,0,330
TRK-0121,ENGINEERING_TRACK,PHD,CNB,414.7,415.95,DN,60kg 90UTS,3,68.8,88.8,88.2,85.4,64.6,73.88,AVERAGE,CLEAR,0,50.8,37.3,40.0,SAFE_RANGE,True,82.8,GOOD,130,A,MANUAL,44,False,0,0,357
TRK-0122,ENGINEERING_TRACK,TDL,FZD,218.21,219.57,DN,52kg 72UTS,10,173.0,81.7,78.4,83.5,71.8,75.60999999999999,AVERAGE,OBS,1,31.1,18.5,40.0,SAFE_RANGE,True,144.2,SATURATED,160,A,NONE,321,True,75,0,203
TRK-0123,ENGINEERING_TRACK,TDL,FZD,210.41,212.18,UP,60kg 90UTS,14,374.9,60.3,64.6,75.6,54.6,58.839999999999996,AVERAGE,CLEAR,0,44.8,31.6,40.0,SAFE_RANGE,True,55.8,GOOD,160,A,TAMPING,178,False,0,0,270
TRK-0124,ENGINEERING_TRACK,KRJ,ALJN,98.65,99.4,UP,60kg 90UTS,17,428.4,46.0,73.6,62.9,57.4,57.29,AVERAGE,CLEAR,0,54.4,41.6,40.0,SAFE_RANGE,True,130.9,SATURATED,130,A,MANUAL,335,True,45,0,190
TRK-0125,ENGINEERING_TRACK,KRJ,ALJN,87.83,88.71,UP,60kg 90UTS,20,361.1,69.6,68.0,58.1,66.6,66.49,AVERAGE,CLEAR,0,48.3,37.7,40.0,SAFE_RANGE,True,171.2,SATURATED,130,A,TAMPING,326,True,75,0,255
TRK-0126,ENGINEERING_TRACK,ETW,PHD,342.49,344.13,DN,52kg 72UTS,22,736.6,52.1,50.5,64.8,37.2,44.27,POOR,OBS,5,52.6,34.7,40.0,SAFE_RANGE,True,58.2,FOULED,160,A,TAMPING,326,True,60,1,11
TRK-0127,ENGINEERING_TRACK,DER,KRJ,56.79,57.99,DN,52kg 72UTS,9,241.5,52.1,55.1,68.9,77.0,69.02000000000001,AVERAGE,CLEAR,0,37.8,27.2,40.0,SAFE_RANGE,True,83.1,GOOD,130,A,TAMPING,24,False,0,0,360
TRK-0128,ENGINEERING_TRACK,NDLS,GZB,8.85,9.78,UP,60kg 90UTS,20,537.6,39.1,46.3,58.4,50.7,48.71,POOR,OBS,4,44.4,30.0,40.0,SAFE_RANGE,True,142.5,SATURATED,130,A,CSM,26,True,75,1,11
TRK-0129,ENGINEERING_TRACK,KRJ,ALJN,98.11,99.32,UP,52kg 72UTS,2,48.0,91.6,82.8,86.8,89.4,88.92,GOOD,CLEAR,0,55.8,39.1,40.0,MODERATE_HEAT_EXPANSION,True,176.8,FOULED,130,A,NONE,48,False,0,0,356
TRK-0130,ENGINEERING_TRACK,PHD,CNB,409.98,410.54,DN,52kg 72UTS,15,382.2,71.2,80.0,55.1,60.0,63.75,AVERAGE,CLEAR,0,46.8,33.9,40.0,SAFE_RANGE,True,165.2,FOULED,130,A,TAMPING,203,False,0,0,266
TRK-0131,ENGINEERING_TRACK,FZD,ETW,283.31,284.83,UP,60kg 90UTS,21,586.9,40.9,49.1,52.8,33.2,38.29,POOR,IMR,1,41.1,26.6,40.0,SAFE_RANGE,True,69.6,FOULED,160,A,CSM,134,True,45,1,1
TRK-0132,ENGINEERING_TRACK,TDL,FZD,210.3,211.8,DN,60kg 90UTS,10,343.5,55.0,59.2,88.8,71.3,68.58,AVERAGE,CLEAR,0,49.3,36.2,40.0,SAFE_RANGE,True,107.1,GOOD,160,A,MANUAL,48,False,0,0,356
TRK-0133,ENGINEERING_TRACK,ALJN,TDL,174.04,175.51,DN,60kg 90UTS,5,142.0,81.0,89.8,74.9,77.1,78.92999999999999,AVERAGE,CLEAR,0,55.5,39.6,40.0,MODERATE_HEAT_EXPANSION,True,123.4,FOULED,160,A,NONE,274,False,0,0,317
TRK-0134,ENGINEERING_TRACK,GZB,DER,32.11,33.25,DN,60kg 90UTS,1,22.3,83.2,100.0,84.6,86.7,87.12,GOOD,CLEAR,0,34.4,22.7,40.0,SAFE_RANGE,True,170.6,FOULED,130,A,NONE,253,False,0,0,320
TRK-0135,ENGINEERING_TRACK,KRJ,ALJN,93.65,94.36,UP,60kg 90UTS,10,318.9,75.8,71.2,82.0,52.4,61.92,AVERAGE,CLEAR,0,36.8,20.6,40.0,SAFE_RANGE,True,150.3,FOULED,130,A,MANUAL,274,False,0,0,254
TRK-0136,ENGINEERING_TRACK,NDLS,GZB,15.89,17.7,UP,60kg 90UTS,20,450.7,64.3,63.7,67.0,61.6,62.89000000000001,AVERAGE,IMR,2,38.2,22.7,40.0,SAFE_RANGE,True,112.5,SATURATED,130,A,TAMPING,89,True,75,1,13
TRK-0137,ENGINEERING_TRACK,NDLS,GZB,9.86,11.37,UP,60kg 90UTS,15,408.2,51.3,67.0,63.2,49.1,52.74000000000001,AVERAGE,CLEAR,0,53.9,37.6,40.0,SAFE_RANGE,True,42.1,GOOD,130,A,TAMPING,127,False,0,0,279
TRK-0138,ENGINEERING_TRACK,ALJN,TDL,205.35,207.03,UP,60kg 90UTS,12,342.8,59.9,66.3,76.5,47.1,54.52,AVERAGE,OBS,1,46.3,32.8,40.0,SAFE_RANGE,True,138.5,SATURATED,160,A,CSM,200,True,75,1,26
TRK-0139,ENGINEERING_TRACK,DER,KRJ,73.76,75.46,UP,60kg 90UTS,9,144.4,90.3,81.0,83.7,71.9,77.67,AVERAGE,CLEAR,0,43.5,30.5,40.0,SAFE_RANGE,True,168.2,SATURATED,130,A,NONE,269,True,30,0,265
TRK-0140,ENGINEERING_TRACK,ALJN,TDL,137.46,138.2,DN,60kg 90UTS,17,305.1,70.7,70.5,68.6,66.6,68.00999999999999,AVERAGE,CLEAR,0,47.0,29.4,40.0,SAFE_RANGE,True,40.0,GOOD,160,A,MANUAL,235,False,0,0,323
TRK-0141,ENGINEERING_TRACK,TDL,FZD,223.89,225.01,DN,60kg 90UTS,17,382.1,41.4,73.5,63.9,60.5,58.32000000000001,AVERAGE,CLEAR,0,38.7,28.0,40.0,SAFE_RANGE,True,40.4,GOOD,160,A,MANUAL,168,False,0,0,272
TRK-0142,ENGINEERING_TRACK,GZB,DER,34.23,35.7,UP,52kg 72UTS,5,78.8,74.2,86.8,97.9,79.8,81.19,GOOD,CLEAR,0,55.7,41.9,40.0,MODERATE_HEAT_EXPANSION,True,149.6,FOULED,130,A,NONE,245,False,0,0,322
TRK-0143,ENGINEERING_TRACK,ETW,PHD,334.84,336.7,UP,60kg 90UTS,9,173.8,61.1,75.2,85.1,83.7,78.47,AVERAGE,CLEAR,0,39.4,21.9,40.0,SAFE_RANGE,True,109.6,GOOD,160,A,NONE,221,False,0,0,326
TRK-0144,ENGINEERING_TRACK,GZB,DER,33.54,34.4,UP,60kg 90UTS,2,39.5,69.6,94.2,92.9,82.2,81.95,GOOD,CLEAR,0,49.6,34.6,40.0,SAFE_RANGE,True,11.3,GOOD,130,A,NONE,260,False,0,0,319
TRK-0145,ENGINEERING_TRACK,PHD,CNB,358.35,359.62,UP,60kg 90UTS,23,411.0,42.3,55.1,65.7,59.7,56.36,AVERAGE,IMR,4,30.8,18.0,40.0,SAFE_RANGE,True,102.7,FOULED,130,A,CSM,100,True,30,1,21
TRK-0146,ENGINEERING_TRACK,PHD,CNB,436.92,437.52,UP,60kg 90UTS,13,422.1,44.3,75.7,64.7,67.6,63.459999999999994,AVERAGE,OBS,1,32.2,19.1,40.0,SAFE_RANGE,True,67.2,GOOD,130,A,MANUAL,13,False,0,0,247
TRK-0147,ENGINEERING_TRACK,TDL,FZD,221.62,222.64,UP,60kg 90UTS,25,666.0,50.7,54.5,60.1,57.3,55.98,AVERAGE,CLEAR,0,48.8,37.7,40.0,SAFE_RANGE,True,63.4,GOOD,160,A,MANUAL,178,False,0,0,200
TRK-0148,ENGINEERING_TRACK,DER,KRJ,74.37,75.9,DN,60kg 90UTS,21,391.6,58.0,77.6,61.7,76.6,71.49,AVERAGE,CLEAR,0,37.2,21.5,40.0,SAFE_RANGE,True,169.8,FOULED,130,A,TAMPING,23,False,0,0,360
TRK-0149,ENGINEERING_TRACK,ALJN,TDL,146.52,148.21,UP,60kg 90UTS,11,370.3,68.7,58.0,64.8,41.2,50.739999999999995,AVERAGE,CLEAR,0,49.3,31.4,40.0,SAFE_RANGE,True,97.7,GOOD,160,A,CSM,134,False,0,0,278
TRK-0150,ENGINEERING_TRACK,NDLS,GZB,18.08,18.87,DN,60kg 90UTS,25,398.9,83.1,57.8,74.9,47.1,58.15,AVERAGE,IMR,3,41.5,25.1,40.0,SAFE_RANGE,True,78.7,GOOD,130,A,TAMPING,209,True,75,1,18
TRK-0151,ENGINEERING_TRACK,FZD,ETW,251.09,251.87,DN,60kg 90UTS,12,401.8,48.5,62.1,66.5,46.3,50.339999999999996,AVERAGE,CLEAR,0,47.9,31.5,40.0,SAFE_RANGE,True,130.9,SATURATED,160,A,BCM,45,True,75,0,241
TRK-0152,ENGINEERING_TRACK,DER,KRJ,61.55,62.53,UP,60kg 90UTS,11,310.4,66.4,47.9,69.9,57.5,59.56,AVERAGE,CLEAR,0,40.8,26.0,40.0,SAFE_RANGE,True,76.7,GOOD,130,A,TAMPING,358,False,0,0,239
TRK-0153,ENGINEERING_TRACK,ETW,PHD,320.34,320.9,DN,60kg 90UTS,20,699.3,47.0,39.4,62.9,50.2,49.75000000000001,POOR,CLEAR,0,42.9,25.1,40.0,SAFE_RANGE,True,170.6,FOULED,160,A,CSM,43,False,0,1,26
TRK-0154,ENGINEERING_TRACK,FZD,ETW,252.89,254.59,UP,60kg 90UTS,1,17.9,100.0,90.4,92.1,91.6,93.21,GOOD,CLEAR,0,50.1,33.8,40.0,SAFE_RANGE,True,6.3,GOOD,160,A,NONE,39,False,0,0,358
TRK-0155,ENGINEERING_TRACK,KRJ,ALJN,119.59,120.64,DN,60kg 90UTS,19,297.3,66.3,78.7,71.1,78.4,75.28,AVERAGE,OBS,2,53.3,35.7,40.0,SAFE_RANGE,True,67.0,GOOD,130,A,NONE,44,False,0,0,304
TRK-0156,ENGINEERING_TRACK,DER,KRJ,60.83,61.93,DN,60kg 90UTS,8,273.7,63.1,72.7,65.8,61.5,63.370000000000005,AVERAGE,CLEAR,0,30.2,18.7,40.0,SAFE_RANGE,True,93.2,GOOD,130,A,TAMPING,292,False,0,0,250
TRK-0157,ENGINEERING_TRACK,GZB,DER,27.88,28.77,DN,60kg 90UTS,7,244.5,86.0,76.9,76.0,70.1,74.55,AVERAGE,CLEAR,0,42.7,25.4,40.0,SAFE_RANGE,True,88.4,GOOD,130,A,TAMPING,67,False,0,0,353
TRK-0158,ENGINEERING_TRACK,DER,KRJ,75.38,76.56,DN,60kg 90UTS,3,93.6,89.7,81.0,92.0,88.2,88.16,GOOD,CLEAR,0,61.1,43.2,40.0,HIGH_BUCKLING_RISK,False,120.2,FOULED,130,A,NONE,38,False,0,0,358
TRK-0159,ENGINEERING_TRACK,PHD,CNB,401.46,403.3,UP,60kg 90UTS,23,671.4,47.2,60.5,68.5,39.4,45.98,POOR,OBS,2,52.7,38.6,40.0,SAFE_RANGE,True,21.8,FOULED,130,A,TAMPING,107,False,0,1,17
TRK-0160,ENGINEERING_TRACK,DER,KRJ,47.65,48.89,DN,60kg 90UTS,18,476.0,59.8,42.1,74.0,66.5,63.470000000000006,AVERAGE,OBS,4,53.3,38.9,40.0,SAFE_RANGE,True,110.2,GOOD,130,A,MANUAL,49,False,0,0,240
TRK-0161,ENGINEERING_TRACK,GZB,DER,28.4,30.4,DN,52kg 72UTS,17,394.7,53.2,56.3,66.8,70.1,65.00999999999999,AVERAGE,CLEAR,0,43.2,28.6,40.0,SAFE_RANGE,True,22.6,GOOD,130,A,MANUAL,167,False,0,0,335
TRK-0162,ENGINEERING_TRACK,GZB,DER,29.95,31.47,DN,60kg 90UTS,5,162.8,51.8,80.0,71.3,77.8,72.16999999999999,AVERAGE,CLEAR,0,53.4,38.3,40.0,SAFE_RANGE,True,32.8,GOOD,130,A,MANUAL,71,False,0,0,352
TRK-0163,ENGINEERING_TRACK,FZD,ETW,263.21,265.01,UP,60kg 90UTS,17,307.0,51.6,80.2,68.4,68.0,65.97999999999999,AVERAGE,OBS,1,34.9,22.3,40.0,SAFE_RANGE,True,127.7,FOULED,160,A,TAMPING,182,False,0,0,280
TRK-0164,ENGINEERING_TRACK,PHD,CNB,430.38,432.15,DN,60kg 90UTS,7,193.9,72.8,62.9,86.7,67.5,70.02000000000001,AVERAGE,CLEAR,0,43.3,32.3,40.0,SAFE_RANGE,True,54.5,GOOD,130,A,TAMPING,278,False,0,0,316
TRK-0165,ENGINEERING_TRACK,GZB,DER,30.53,31.28,UP,60kg 90UTS,6,169.0,65.3,82.5,86.9,86.4,81.84,GOOD,CLEAR,0,51.5,36.7,40.0,SAFE_RANGE,True,151.7,SATURATED,130,A,NONE,293,True,30,0,261
TRK-0166,ENGINEERING_TRACK,NDLS,GZB,1.95,3.87,DN,60kg 90UTS,21,403.5,68.4,64.8,64.4,55.8,60.08,AVERAGE,CLEAR,0,47.8,32.9,40.0,SAFE_RANGE,True,5.5,GOOD,130,A,TAMPING,326,False,0,0,244
TRK-0167,ENGINEERING_TRACK,PHD,CNB,380.75,382.68,DN,52kg 72UTS,8,248.8,75.7,71.4,76.1,48.6,59.05,AVERAGE,CLEAR,0,48.2,35.8,40.0,SAFE_RANGE,True,13.1,GOOD,130,A,TAMPING,35,False,0,0,295
TRK-0168,ENGINEERING_TRACK,DER,KRJ,56.78,58.01,UP,52kg 72UTS,11,298.5,66.5,73.6,71.5,76.0,73.41,AVERAGE,CLEAR,0,41.8,26.1,40.0,SAFE_RANGE,True,132.2,FOULED,130,A,TAMPING,181,False,0,0,333
TRK-0169,ENGINEERING_TRACK,FZD,ETW,235.68,236.74,UP,60kg 90UTS,11,218.2,61.1,80.6,79.5,64.2,66.75,AVERAGE,CLEAR,0,34.8,21.2,40.0,SAFE_RANGE,True,25.4,GOOD,160,A,MANUAL,30,False,0,0,359
TRK-0170,ENGINEERING_TRACK,ALJN,TDL,203.79,205.59,DN,60kg 90UTS,8,274.0,75.4,75.6,75.2,70.5,72.46000000000001,AVERAGE,CLEAR,0,58.0,41.5,40.0,MODERATE_HEAT_EXPANSION,True,168.1,SATURATED,160,A,MANUAL,165,True,45,0,283
TRK-0171,ENGINEERING_TRACK,DER,KRJ,59.42,60.69,DN,60kg 90UTS,10,249.5,79.4,84.1,80.6,57.1,66.61,AVERAGE,CLEAR,0,33.4,20.3,40.0,SAFE_RANGE,True,82.3,GOOD,130,A,TAMPING,128,False,0,0,342
TRK-0172,ENGINEERING_TRACK,KRJ,ALJN,110.42,110.99,DN,60kg 90UTS,16,431.2,66.3,58.2,67.6,70.2,67.96000000000001,AVERAGE,CLEAR,0,55.3,39.9,40.0,MODERATE_HEAT_EXPANSION,True,51.4,FOULED,130,A,TAMPING,9,False,0,0,363
TRK-0173,ENGINEERING_TRACK,GZB,DER,29.74,31.56,DN,60kg 90UTS,25,576.6,57.0,57.2,62.1,52.0,54.529999999999994,AVERAGE,OBS,1,43.0,28.4,40.0,SAFE_RANGE,True,35.0,FOULED,130,A,CSM,288,False,0,1,21
TRK-0174,ENGINEERING_TRACK,ALJN,TDL,136.66,137.92,DN,60kg 90UTS,20,572.2,34.1,35.3,49.5,61.5,52.2,AVERAGE,OBS,1,32.1,21.3,40.0,SAFE_RANGE,True,67.2,GOOD,160,A,BCM,178,False,0,1,24
TRK-0175,ENGINEERING_TRACK,PHD,CNB,433.99,435.62,UP,60kg 90UTS,20,503.6,53.1,49.1,69.3,66.1,62.120000000000005,AVERAGE,OBS,5,29.3,19.0,40.0,SAFE_RANGE,True,128.4,FOULED,130,A,MANUAL,247,False,0,0,206
TRK-0176,ENGINEERING_TRACK,PHD,CNB,394.47,395.88,UP,60kg 90UTS,11,369.9,55.8,64.4,59.2,44.8,50.39999999999999,AVERAGE,CLEAR,0,39.4,26.3,40.0,SAFE_RANGE,True,111.0,SATURATED,130,A,BCM,158,True,60,0,221
TRK-0177,ENGINEERING_TRACK,PHD,CNB,424.92,426.22,DN,60kg 90UTS,16,501.0,58.4,62.0,58.8,54.9,56.7,AVERAGE,IMR,3,37.5,26.6,40.0,SAFE_RANGE,True,75.0,GOOD,130,A,TAMPING,162,True,30,1,19
TRK-0178,ENGINEERING_TRACK,ETW,PHD,315.6,317.08,UP,60kg 90UTS,24,384.7,59.0,54.1,60.6,49.2,52.790000000000006,AVERAGE,OBS,4,37.4,22.4,40.0,SAFE_RANGE,True,111.6,SATURATED,160,A,BCM,199,True,45,1,26
TRK-0179,ENGINEERING_TRACK,KRJ,ALJN,84.48,86.4,UP,60kg 90UTS,7,107.7,93.0,88.9,78.9,62.6,72.94,AVERAGE,CLEAR,0,37.4,26.2,40.0,SAFE_RANGE,True,124.3,FOULED,130,A,TAMPING,215,False,0,0,327
TRK-0180,ENGINEERING_TRACK,PHD,CNB,420.55,422.43,UP,60kg 90UTS,23,408.5,76.2,64.4,67.5,48.0,57.23,AVERAGE,CLEAR,0,36.0,23.4,40.0,SAFE_RANGE,True,119.2,SATURATED,130,A,TAMPING,274,True,75,0,201
TRK-0181,ENGINEERING_TRACK,TDL,FZD,224.31,225.5,DN,60kg 90UTS,18,397.5,52.7,63.5,70.6,59.6,59.71,AVERAGE,CLEAR,0,53.9,38.1,40.0,SAFE_RANGE,True,115.8,SATURATED,160,A,MANUAL,359,True,60,1,29
TRK-0182,ENGINEERING_TRACK,ETW,PHD,311.57,312.44,DN,60kg 90UTS,8,270.6,72.0,57.9,83.4,64.0,66.92999999999999,AVERAGE,OBS,1,59.7,43.5,40.0,MODERATE_HEAT_EXPANSION,True,126.9,FOULED,160,A,TAMPING,358,False,0,0,249
TRK-0183,ENGINEERING_TRACK,ETW,PHD,318.44,319.46,DN,60kg 90UTS,10,174.4,81.4,71.4,94.4,65.5,72.16,AVERAGE,CLEAR,0,48.6,35.6,40.0,SAFE_RANGE,True,176.4,SATURATED,160,A,TAMPING,181,True,45,0,280
TRK-0184,ENGINEERING_TRACK,ALJN,TDL,134.24,136.17,UP,60kg 90UTS,12,401.8,63.5,55.2,63.7,62.4,62.029999999999994,AVERAGE,CLEAR,0,51.1,35.1,40.0,SAFE_RANGE,True,38.5,GOOD,160,A,TAMPING,280,False,0,0,253
TRK-0185,ENGINEERING_TRACK,ALJN,TDL,202.84,204.38,UP,60kg 90UTS,4,109.3,62.3,83.8,95.3,61.5,67.27000000000001,AVERAGE,CLEAR,0,45.2,33.3,40.0,SAFE_RANGE,True,120.6,SATURATED,160,A,TAMPING,276,True,45,0,264
TRK-0186,ENGINEERING_TRACK,KRJ,ALJN,85.47,86.59,DN,60kg 90UTS,4,114.5,63.0,61.6,91.1,89.0,81.27000000000001,GOOD,OBS,1,39.3,21.6,40.0,SAFE_RANGE,True,176.0,GOOD,130,A,NONE,85,False,0,0,297
TRK-0187,ENGINEERING_TRACK,FZD,ETW,274.31,276.13,DN,60kg 90UTS,16,448.2,60.8,75.9,60.8,52.6,57.39000000000001,AVERAGE,CLEAR,0,50.0,37.7,40.0,SAFE_RANGE,True,51.4,FOULED,160,A,TAMPING,35,False,0,0,295
TRK-0188,ENGINEERING_TRACK,GZB,DER,32.18,33.03,UP,60kg 90UTS,6,140.1,69.2,66.9,82.1,68.5,69.84,AVERAGE,CLEAR,0,57.3,39.8,40.0,MODERATE_HEAT_EXPANSION,True,6.5,GOOD,130,A,MANUAL,208,False,0,0,328
TRK-0189,ENGINEERING_TRACK,ETW,PHD,311.25,312.87,DN,60kg 90UTS,2,30.4,93.3,87.2,91.9,100.0,96.57000000000001,GOOD,CLEAR,0,43.7,32.8,40.0,SAFE_RANGE,True,176.9,FOULED,160,A,NONE,150,False,0,0,338
TRK-0190,ENGINEERING_TRACK,ETW,PHD,355.4,356.71,DN,60kg 90UTS,5,160.1,91.1,82.1,75.0,74.2,78.45,AVERAGE,CLEAR,0,41.7,30.2,40.0,SAFE_RANGE,True,20.3,GOOD,160,A,NONE,88,False,0,0,349
TRK-0191,ENGINEERING_TRACK,ETW,PHD,336.66,338.24,UP,52kg 72UTS,24,521.8,55.6,45.7,60.9,35.3,42.96,POOR,CLEAR,0,41.1,25.7,40.0,SAFE_RANGE,True,34.8,FOULED,160,A,TAMPING,317,True,75,1,29
TRK-0192,ENGINEERING_TRACK,FZD,ETW,264.13,264.76,UP,60kg 90UTS,6,207.8,82.1,80.9,69.1,68.3,72.4,AVERAGE,OBS,1,47.9,30.4,40.0,SAFE_RANGE,True,1.2,GOOD,160,A,MANUAL,201,False,0,0,277
TRK-0193,ENGINEERING_TRACK,KRJ,ALJN,104.0,104.9,DN,60kg 90UTS,10,266.5,68.0,83.4,68.5,69.6,70.55,AVERAGE,CLEAR,0,45.0,32.9,40.0,SAFE_RANGE,True,64.7,GOOD,130,A,TAMPING,125,False,0,0,343
TRK-0194,ENGINEERING_TRACK,NDLS,GZB,16.03,17.23,UP,60kg 90UTS,13,373.4,67.2,73.9,61.9,46.5,54.92,AVERAGE,CLEAR,0,59.1,42.0,40.0,MODERATE_HEAT_EXPANSION,True,138.6,SATURATED,130,A,BCM,358,True,30,1,29
TRK-0195,ENGINEERING_TRACK,ALJN,TDL,159.3,160.13,UP,60kg 90UTS,16,289.0,54.7,48.2,76.3,90.7,77.81000000000002,AVERAGE,OBS,1,52.2,37.4,40.0,SAFE_RANGE,True,74.9,GOOD,160,A,NONE,286,False,0,0,262
TRK-0196,ENGINEERING_TRACK,ETW,PHD,342.65,344.35,UP,60kg 90UTS,25,498.7,52.6,55.4,68.3,48.2,51.81,AVERAGE,IMR,5,51.4,40.7,40.0,SAFE_RANGE,True,80.4,FOULED,160,A,TAMPING,190,True,30,1,18
TRK-0197,ENGINEERING_TRACK,GZB,DER,25.68,27.0,UP,60kg 90UTS,19,488.9,50.7,49.5,65.8,42.8,47.349999999999994,POOR,OBS,2,40.7,26.5,40.0,SAFE_RANGE,True,20.9,FOULED,130,A,TAMPING,110,False,0,1,27
TRK-0198,ENGINEERING_TRACK,ETW,PHD,306.0,307.27,UP,60kg 90UTS,15,264.6,67.1,79.4,85.7,73.1,73.78999999999999,AVERAGE,CLEAR,0,43.3,28.8,40.0,SAFE_RANGE,True,100.6,SATURATED,160,A,TAMPING,349,True,60,0,251
TRK-0199,ENGINEERING_TRACK,NDLS,GZB,9.5,11.22,UP,60kg 90UTS,19,312.8,58.1,66.3,72.2,69.4,67.11,AVERAGE,IMR,4,37.5,27.0,40.0,SAFE_RANGE,True,178.9,FOULED,130,A,CSM,40,True,75,0,200
TRK-0200,ENGINEERING_TRACK,NDLS,GZB,6.89,7.66,UP,60kg 90UTS,25,695.8,35.6,48.6,45.3,50.0,46.510000000000005,POOR,OBS,4,44.8,27.7,40.0,SAFE_RANGE,True,80.7,FOULED,130,A,CSM,198,False,0,1,15
TRK-0201,ENGINEERING_TRACK,FZD,ETW,231.94,233.89,UP,60kg 90UTS,21,676.3,42.9,64.9,56.2,40.6,45.05,POOR,IMR,1,36.9,22.6,40.0,SAFE_RANGE,True,95.2,GOOD,160,A,CSM,119,True,30,1,2
TRK-0202,ENGINEERING_TRACK,NDLS,GZB,23.48,24.67,DN,60kg 90UTS,18,406.5,51.8,59.2,63.2,59.2,58.120000000000005,AVERAGE,CLEAR,0,37.7,24.0,40.0,SAFE_RANGE,True,27.9,FOULED,130,A,MANUAL,101,False,0,0,284
TRK-0203,ENGINEERING_TRACK,GZB,DER,25.35,26.84,UP,60kg 90UTS,8,153.0,84.3,63.5,60.6,84.6,80.03,GOOD,CLEAR,0,30.9,20.6,40.0,SAFE_RANGE,True,107.6,SATURATED,130,A,NONE,29,True,45,0,307
TRK-0204,ENGINEERING_TRACK,NDLS,GZB,9.65,10.5,UP,60kg 90UTS,25,806.9,39.9,38.3,64.7,40.8,42.760000000000005,POOR,OBS,1,39.5,21.6,40.0,SAFE_RANGE,True,42.1,FOULED,130,A,CSM,299,True,60,1,12
TRK-0205,ENGINEERING_TRACK,TDL,FZD,212.79,214.6,UP,60kg 90UTS,14,294.1,61.5,69.2,79.7,57.4,61.629999999999995,AVERAGE,CLEAR,0,37.2,19.6,40.0,SAFE_RANGE,True,158.3,SATURATED,160,A,TAMPING,94,True,75,0,233
TRK-0206,ENGINEERING_TRACK,PHD,CNB,397.64,399.6,DN,60kg 90UTS,17,363.4,50.8,64.7,53.1,81.2,70.66,AVERAGE,CLEAR,0,40.0,28.8,40.0,SAFE_RANGE,True,67.8,GOOD,130,A,TAMPING,280,False,0,0,316
TRK-0207,ENGINEERING_TRACK,ETW,PHD,314.25,315.09,UP,60kg 90UTS,15,499.4,47.3,47.5,59.5,68.2,61.080000000000005,AVERAGE,OBS,5,42.0,28.7,40.0,SAFE_RANGE,True,95.4,GOOD,160,A,TAMPING,203,False,0,0,213
TRK-0208,ENGINEERING_TRACK,KRJ,ALJN,94.98,95.98,UP,60kg 90UTS,15,479.1,46.4,68.1,57.2,70.7,64.22999999999999,AVERAGE,CLEAR,0,36.2,20.4,40.0,SAFE_RANGE,True,34.3,FOULED,130,A,TAMPING,142,False,0,0,277
TRK-0209,ENGINEERING_TRACK,FZD,ETW,275.85,277.25,UP,52kg 72UTS,7,217.7,92.1,68.2,83.2,73.8,77.83999999999999,AVERAGE,CLEAR,0,48.7,33.3,40.0,SAFE_RANGE,True,39.1,GOOD,160,A,NONE,111,False,0,0,345
TRK-0210,ENGINEERING_TRACK,TDL,FZD,213.85,215.71,UP,60kg 90UTS,7,239.7,69.3,65.3,79.7,62.4,65.8,AVERAGE,CLEAR,0,39.1,21.1,40.0,SAFE_RANGE,True,86.2,GOOD,160,A,TAMPING,129,False,0,0,342
TRK-0211,ENGINEERING_TRACK,KRJ,ALJN,101.64,102.5,DN,60kg 90UTS,25,516.5,52.9,50.7,53.5,62.8,58.67999999999999,AVERAGE,CLEAR,0,45.3,30.1,40.0,SAFE_RANGE,True,55.5,GOOD,130,A,MANUAL,189,False,0,0,268
TRK-0212,ENGINEERING_TRACK,PHD,CNB,429.39,430.59,DN,60kg 90UTS,25,794.9,40.5,45.6,57.3,36.9,40.529999999999994,POOR,IMR,2,40.9,27.6,40.0,SAFE_RANGE,True,101.3,FOULED,130,A,CSM,118,True,45,1,2
TRK-0213,ENGINEERING_TRACK,NDLS,GZB,6.26,8.16,DN,60kg 90UTS,10,180.5,79.0,89.7,69.5,68.3,72.7,AVERAGE,CLEAR,0,39.6,26.6,40.0,SAFE_RANGE,True,150.0,SATURATED,130,A,MANUAL,260,True,60,0,267
TRK-0214,ENGINEERING_TRACK,ALJN,TDL,189.78,191.01,DN,60kg 90UTS,15,275.5,60.8,70.9,85.6,84.7,78.63000000000001,AVERAGE,CLEAR,0,50.1,38.7,40.0,SAFE_RANGE,True,129.7,SATURATED,160,A,NONE,255,True,45,0,267
TRK-0215,ENGINEERING_TRACK,PHD,CNB,438.21,440.15,UP,60kg 90UTS,3,101.7,74.6,73.2,75.7,59.2,65.33,AVERAGE,CLEAR,0,51.5,35.4,40.0,SAFE_RANGE,True,74.2,GOOD,130,A,TAMPING,327,False,0,0,307
TRK-0216,ENGINEERING_TRACK,KRJ,ALJN,86.19,86.92,UP,52kg 72UTS,17,410.0,52.8,58.7,67.8,55.7,56.63000000000001,AVERAGE,CLEAR,0,34.7,19.6,40.0,SAFE_RANGE,True,168.1,FOULED,130,A,MANUAL,252,False,0,0,257
TRK-0217,ENGINEERING_TRACK,ETW,PHD,301.87,303.17,DN,52kg 72UTS,1,15.3,92.4,78.9,98.8,83.5,86.35,GOOD,CLEAR,0,51.1,36.8,40.0,SAFE_RANGE,True,51.6,GOOD,160,A,NONE,262,False,0,0,319
TRK-0218,ENGINEERING_TRACK,FZD,ETW,285.66,287.52,UP,60kg 90UTS,4,102.0,67.8,86.6,86.7,79.2,78.41,AVERAGE,OBS,1,39.3,24.3,40.0,SAFE_RANGE,True,45.4,GOOD,160,A,NONE,186,False,0,0,279
TRK-0219,ENGINEERING_TRACK,ALJN,TDL,192.21,192.83,DN,60kg 90UTS,15,394.5,57.8,62.2,73.5,64.2,63.65,AVERAGE,CLEAR,0,55.5,43.7,40.0,MODERATE_HEAT_EXPANSION,True,123.1,SATURATED,160,A,MANUAL,46,True,30,0,241
TRK-0220,ENGINEERING_TRACK,GZB,DER,29.46,30.53,DN,60kg 90UTS,2,55.5,100.0,95.2,71.6,82.9,86.42,GOOD,CLEAR,0,47.0,36.3,40.0,SAFE_RANGE,True,152.2,SATURATED,130,A,NONE,335,True,60,0,253
TRK-0221,ENGINEERING_TRACK,GZB,DER,34.84,36.72,UP,52kg 72UTS,7,231.2,82.5,80.1,75.4,57.6,66.61,AVERAGE,CLEAR,0,50.5,36.0,40.0,SAFE_RANGE,True,48.8,GOOD,130,A,TAMPING,43,False,0,0,357
TRK-0222,ENGINEERING_TRACK,ALJN,TDL,200.25,201.6,UP,60kg 90UTS,6,201.5,84.4,71.0,80.3,57.9,66.75,AVERAGE,CLEAR,0,43.9,26.2,40.0,SAFE_RANGE,True,105.7,SATURATED,160,A,TAMPING,208,True,30,0,276
TRK-0223,ENGINEERING_TRACK,ALJN,TDL,143.51,144.37,DN,60kg 90UTS,22,724.5,47.8,64.5,43.4,32.9,40.089999999999996,POOR,CLEAR,0,42.6,26.6,40.0,SAFE_RANGE,True,25.2,GOOD,160,A,TAMPING,357,True,30,1,18
TRK-0224,ENGINEERING_TRACK,PHD,CNB,418.13,419.15,UP,52kg 72UTS,14,275.0,58.5,49.6,78.7,70.1,66.59,AVERAGE,CLEAR,0,34.8,20.0,40.0,SAFE_RANGE,True,110.5,FOULED,130,A,TAMPING,309,False,0,0,310
TRK-0225,ENGINEERING_TRACK,FZD,ETW,297.7,298.69,DN,60kg 90UTS,15,372.2,71.9,58.7,69.7,51.6,58.17999999999999,AVERAGE,CLEAR,0,44.8,27.3,40.0,SAFE_RANGE,True,77.7,GOOD,160,A,TAMPING,353,False,0,0,240
TRK-0226,ENGINEERING_TRACK,FZD,ETW,232.34,233.77,UP,60kg 90UTS,23,378.8,75.2,84.1,84.4,71.6,74.85,AVERAGE,OBS,3,37.7,22.0,40.0,SAFE_RANGE,True,114.1,SATURATED,160,A,TAMPING,204,True,60,0,224
TRK-0227,ENGINEERING_TRACK,TDL,FZD,210.7,211.21,DN,60kg 90UTS,15,333.0,54.6,66.9,69.2,58.2,59.45,AVERAGE,CLEAR,0,36.1,25.0,40.0,SAFE_RANGE,True,33.7,GOOD,160,A,MANUAL,234,False,0,0,261
TRK-0228,ENGINEERING_TRACK,PHD,CNB,402.49,403.6,UP,60kg 90UTS,3,66.2,52.9,91.8,82.7,72.5,71.53,AVERAGE,CLEAR,0,35.2,20.4,40.0,SAFE_RANGE,True,58.4,GOOD,130,A,TAMPING,202,False,0,0,329
TRK-0229,ENGINEERING_TRACK,NDLS,GZB,7.0,8.08,UP,60kg 90UTS,24,792.5,60.1,56.3,46.8,62.5,59.83,AVERAGE,OBS,2,44.3,32.9,40.0,SAFE_RANGE,True,68.5,FOULED,130,A,TAMPING,76,False,0,1,26
TRK-0230,ENGINEERING_TRACK,ALJN,TDL,154.19,155.43,UP,60kg 90UTS,6,142.2,71.8,89.9,96.8,91.5,87.92999999999999,GOOD,CLEAR,0,42.8,28.9,40.0,SAFE_RANGE,True,13.8,GOOD,160,A,NONE,133,False,0,0,341
TRK-0231,ENGINEERING_TRACK,KRJ,ALJN,116.88,118.12,UP,60kg 90UTS,15,257.1,69.3,54.0,77.6,66.5,66.92,AVERAGE,CLEAR,0,43.5,25.9,40.0,SAFE_RANGE,True,59.8,GOOD,130,A,TAMPING,322,False,0,0,308
TRK-0232,ENGINEERING_TRACK,FZD,ETW,285.5,286.49,DN,52kg 72UTS,14,438.3,52.1,64.3,62.9,69.2,64.66,AVERAGE,CLEAR,0,58.1,40.3,40.0,MODERATE_HEAT_EXPANSION,True,24.5,GOOD,160,A,TAMPING,169,False,0,0,272
TRK-0233,ENGINEERING_TRACK,KRJ,ALJN,105.51,106.28,DN,60kg 90UTS,11,229.1,41.0,71.9,83.8,77.7,70.39000000000001,AVERAGE,CLEAR,0,50.0,36.1,40.0,SAFE_RANGE,True,103.7,SATURATED,130,A,TAMPING,129,True,60,0,289
TRK-0234,ENGINEERING_TRACK,FZD,ETW,246.74,248.42,DN,60kg 90UTS,4,134.6,79.6,80.7,74.3,67.7,72.04,AVERAGE,CLEAR,0,41.2,23.2,40.0,SAFE_RANGE,True,32.4,GOOD,160,A,MANUAL,286,False,0,0,314
TRK-0235,ENGINEERING_TRACK,NDLS,GZB,22.87,24.06,UP,60kg 90UTS,15,464.3,63.2,50.6,74.9,50.8,55.669999999999995,AVERAGE,CLEAR,0,50.2,39.6,40.0,SAFE_RANGE,True,152.6,FOULED,130,A,TAMPING,214,False,0,0,264
TRK-0236,ENGINEERING_TRACK,ETW,PHD,308.65,309.6,DN,60kg 90UTS,22,397.8,34.2,71.6,72.7,55.3,54.45,AVERAGE,CLEAR,0,42.0,29.0,40.0,SAFE_RANGE,True,80.8,GOOD,160,A,TAMPING,311,False,0,0,247
TRK-0237,ENGINEERING_TRACK,ETW,PHD,333.02,334.32,DN,52kg 72UTS,18,283.2,73.1,71.0,72.6,60.1,65.03999999999999,AVERAGE,CLEAR,0,58.8,43.2,40.0,MODERATE_HEAT_EXPANSION,True,146.2,SATURATED,160,A,MANUAL,309,True,30,0,258
TRK-0238,ENGINEERING_TRACK,GZB,DER,33.46,34.95,DN,60kg 90UTS,6,167.6,62.7,83.1,69.6,98.4,86.85000000000001,GOOD,OBS,1,37.1,19.2,40.0,SAFE_RANGE,True,121.9,SATURATED,130,A,NONE,209,True,60,0,223
TRK-0239,ENGINEERING_TRACK,FZD,ETW,233.84,234.49,UP,60kg 90UTS,17,508.9,43.7,47.7,61.9,61.9,56.839999999999996,AVERAGE,OBS,5,47.7,33.1,40.0,SAFE_RANGE,True,80.2,GOOD,160,A,MANUAL,205,False,0,0,213
TRK-0240,ENGINEERING_TRACK,ETW,PHD,343.48,344.86,UP,60kg 90UTS,12,419.4,58.8,57.8,58.9,57.5,57.92999999999999,AVERAGE,CLEAR,0,43.0,30.6,40.0,SAFE_RANGE,True,165.7,FOULED,160,A,TAMPING,48,False,0,0,293
TRK-0241,ENGINEERING_TRACK,GZB,DER,34.14,35.74,DN,52kg 72UTS,10,218.6,74.8,83.2,58.3,60.6,65.47,AVERAGE,CLEAR,0,52.6,38.4,40.0,SAFE_RANGE,True,62.7,GOOD,130,A,TAMPING,54,False,0,0,355
TRK-0242,ENGINEERING_TRACK,ETW,PHD,340.71,341.89,UP,60kg 90UTS,10,158.9,88.4,78.5,75.6,74.3,77.66999999999999,AVERAGE,CLEAR,0,46.7,36.5,40.0,SAFE_RANGE,True,61.8,GOOD,160,A,NONE,60,False,0,0,354
TRK-0243,ENGINEERING_TRACK,DER,KRJ,78.85,80.46,UP,60kg 90UTS,18,327.6,56.1,62.1,80.2,55.4,58.69,AVERAGE,CLEAR,0,50.3,32.6,40.0,SAFE_RANGE,True,41.7,GOOD,130,A,TAMPING,212,False,0,0,264
TRK-0244,ENGINEERING_TRACK,DER,KRJ,45.39,46.88,DN,52kg 72UTS,1,29.7,80.1,70.5,95.3,83.1,82.46,GOOD,CLEAR,0,54.6,41.0,40.0,SAFE_RANGE,True,77.3,GOOD,130,A,NONE,7,False,0,0,363
TRK-0245,ENGINEERING_TRACK,KRJ,ALJN,92.67,94.3,UP,60kg 90UTS,19,323.7,66.4,60.0,67.7,74.8,70.92999999999999,AVERAGE,IMR,5,35.5,22.9,40.0,SAFE_RANGE,True,82.4,GOOD,130,A,TAMPING,139,True,75,1,29
TRK-0246,ENGINEERING_TRACK,PHD,CNB,436.21,437.18,DN,60kg 90UTS,20,457.0,36.2,61.1,66.2,67.7,60.59000000000001,AVERAGE,OBS,1,43.8,27.0,40.0,SAFE_RANGE,True,111.1,SATURATED,130,A,TAMPING,349,True,60,1,22
TRK-0247,ENGINEERING_TRACK,GZB,DER,32.39,33.36,UP,52kg 72UTS,10,173.4,61.2,78.2,87.7,80.4,77.07000000000001,AVERAGE,CLEAR,0,38.8,27.7,40.0,SAFE_RANGE,True,69.9,GOOD,130,A,NONE,310,False,0,0,310
TRK-0248,ENGINEERING_TRACK,DER,KRJ,62.87,64.0,DN,52kg 72UTS,21,540.7,46.3,58.6,54.1,43.0,46.33,POOR,IMR,2,46.3,32.4,40.0,SAFE_RANGE,True,25.3,FOULED,130,A,CSM,166,True,75,1,1
TRK-0249,ENGINEERING_TRACK,NDLS,GZB,20.77,22.7,DN,60kg 90UTS,5,94.5,71.3,84.1,86.0,81.8,80.35,GOOD,CLEAR,0,42.5,28.0,40.0,SAFE_RANGE,True,117.6,SATURATED,130,A,NONE,214,True,75,0,275
TRK-0250,ENGINEERING_TRACK,FZD,ETW,278.55,279.72,UP,60kg 90UTS,3,78.9,69.1,87.3,83.9,90.3,85.11999999999999,GOOD,CLEAR,0,50.5,38.7,40.0,SAFE_RANGE,True,5.9,GOOD,160,A,NONE,120,False,0,0,344
TRK-0251,ENGINEERING_TRACK,PHD,CNB,380.67,382.34,DN,60kg 90UTS,18,453.9,66.6,85.1,68.2,57.5,63.15,AVERAGE,CLEAR,0,45.0,32.9,40.0,SAFE_RANGE,True,97.8,FOULED,130,A,TAMPING,192,False,0,0,268
TRK-0252,ENGINEERING_TRACK,PHD,CNB,424.45,425.01,DN,52kg 72UTS,18,348.7,63.4,79.1,61.6,73.0,70.55,AVERAGE,CLEAR,0,45.0,29.1,40.0,SAFE_RANGE,True,117.7,SATURATED,130,A,TAMPING,131,True,60,0,289
TRK-0253,ENGINEERING_TRACK,NDLS,GZB,10.79,11.81,UP,60kg 90UTS,15,484.6,65.7,57.1,53.7,47.0,52.42,AVERAGE,OBS,1,50.1,38.2,40.0,SAFE_RANGE,True,145.9,SATURATED,130,A,CSM,306,True,60,1,23
TRK-0254,ENGINEERING_TRACK,FZD,ETW,238.28,238.99,UP,60kg 90UTS,7,217.8,66.6,65.0,90.2,67.5,69.34,AVERAGE,CLEAR,0,47.1,32.8,40.0,SAFE_RANGE,True,107.4,SATURATED,160,A,TAMPING,91,True,60,0,296
TRK-0255,ENGINEERING_TRACK,ALJN,TDL,153.28,154.18,UP,60kg 90UTS,5,171.3,77.6,76.9,72.8,77.3,76.86999999999999,AVERAGE,CLEAR,0,55.8,38.4,40.0,MODERATE_HEAT_EXPANSION,True,178.6,FOULED,160,A,NONE,340,False,0,0,305
TRK-0256,ENGINEERING_TRACK,DER,KRJ,68.56,69.26,UP,60kg 90UTS,23,493.2,48.1,62.0,57.2,59.3,57.11999999999999,AVERAGE,OBS,2,53.2,37.8,40.0,SAFE_RANGE,True,88.1,FOULED,130,A,TAMPING,300,False,0,0,197
TRK-0257,ENGINEERING_TRACK,ALJN,TDL,179.34,180.4,UP,60kg 90UTS,21,648.7,55.3,36.8,60.8,50.7,51.24000000000001,AVERAGE,OBS,1,44.5,28.5,40.0,SAFE_RANGE,True,125.0,FOULED,160,A,TAMPING,193,False,0,1,23
TRK-0258,ENGINEERING_TRACK,ETW,PHD,353.26,354.25,UP,60kg 90UTS,25,798.6,35.3,51.5,41.4,21.2,29.07,POOR,IMR,1,50.7,37.0,40.0,SAFE_RANGE,True,119.5,SATURATED,160,A,BCM,188,True,30,1,1
TRK-0259,ENGINEERING_TRACK,PHD,CNB,389.61,391.56,UP,52kg 72UTS,16,325.9,61.4,57.9,69.2,67.4,65.42999999999999,AVERAGE,CLEAR,0,52.2,39.5,40.0,SAFE_RANGE,True,104.0,FOULED,130,A,MANUAL,294,False,0,0,313
TRK-0260,ENGINEERING_TRACK,ETW,PHD,344.36,346.2,UP,60kg 90UTS,2,34.0,91.6,80.6,93.3,79.8,83.58999999999999,GOOD,CLEAR,0,52.1,38.4,40.0,SAFE_RANGE,True,22.4,GOOD,160,A,NONE,85,False,0,0,350
TRK-0261,ENGINEERING_TRACK,ETW,PHD,326.11,328.1,DN,60kg 90UTS,7,244.4,59.6,73.4,60.7,65.9,64.87,AVERAGE,CLEAR,0,58.7,41.6,40.0,MODERATE_HEAT_EXPANSION,True,54.3,GOOD,160,A,TAMPING,145,False,0,0,276
TRK-0262,ENGINEERING_TRACK,GZB,DER,32.2,33.08,DN,60kg 90UTS,22,727.7,54.5,67.1,54.2,42.3,48.410000000000004,POOR,IMR,2,34.3,19.3,40.0,SAFE_RANGE,True,130.7,GOOD,130,A,BCM,124,True,75,1,1
TRK-0263,ENGINEERING_TRACK,GZB,DER,32.74,33.24,DN,52kg 72UTS,3,53.0,82.2,96.3,79.5,84.7,84.84,GOOD,CLEAR,0,39.3,23.9,40.0,SAFE_RANGE,True,1.7,GOOD,130,A,NONE,180,False,0,0,333
TRK-0264,ENGINEERING_TRACK,GZB,DER,35.87,37.0,UP,52kg 72UTS,16,262.7,77.2,76.4,76.2,77.6,77.25999999999999,AVERAGE,CLEAR,0,43.8,28.0,40.0,SAFE_RANGE,True,18.4,GOOD,130,A,NONE,165,False,0,0,336
TRK-0265,ENGINEERING_TRACK,TDL,FZD,223.1,223.81,UP,60kg 90UTS,21,732.0,38.5,31.7,59.1,57.7,51.4,AVERAGE,IMR,2,34.3,19.8,40.0,SAFE_RANGE,True,109.9,FOULED,160,A,TAMPING,89,True,75,1,11
TRK-0266,ENGINEERING_TRACK,TDL,FZD,220.56,222.0,UP,60kg 90UTS,14,382.5,75.9,71.2,68.3,43.2,55.05,AVERAGE,CLEAR,0,41.2,29.5,40.0,SAFE_RANGE,True,161.4,FOULED,160,A,TAMPING,76,False,0,0,288
TRK-0267,ENGINEERING_TRACK,GZB,DER,31.49,32.57,DN,60kg 90UTS,11,339.0,63.6,72.0,70.6,79.2,74.5,AVERAGE,CLEAR,0,39.6,24.4,40.0,SAFE_RANGE,True,44.7,GOOD,130,A,TAMPING,312,False,0,0,310
TRK-0268,ENGINEERING_TRACK,ALJN,TDL,190.98,192.52,DN,60kg 90UTS,7,177.5,68.8,54.7,77.9,52.9,58.760000000000005,AVERAGE,CLEAR,0,47.2,31.2,40.0,SAFE_RANGE,True,53.2,GOOD,160,A,TAMPING,32,False,0,0,296
TRK-0269,ENGINEERING_TRACK,KRJ,ALJN,106.26,106.93,DN,60kg 90UTS,21,564.5,48.2,37.7,54.6,39.0,42.27,POOR,IMR,5,51.2,41.1,40.0,SAFE_RANGE,True,65.0,FOULED,130,A,BCM,167,True,45,1,1
TRK-0270,ENGINEERING_TRACK,FZD,ETW,289.7,291.05,DN,60kg 90UTS,18,515.9,49.0,62.0,61.6,42.4,47.6,POOR,CLEAR,0,55.4,37.8,40.0,MODERATE_HEAT_EXPANSION,True,138.7,FOULED,160,A,BCM,13,False,0,0,240
TRK-0271,ENGINEERING_TRACK,GZB,DER,25.15,25.97,UP,52kg 72UTS,13,326.7,82.2,66.7,65.3,48.0,58.44000000000001,AVERAGE,CLEAR,0,48.3,34.3,40.0,SAFE_RANGE,True,74.8,GOOD,130,A,TAMPING,210,False,0,0,265
TRK-0272,ENGINEERING_TRACK,GZB,DER,32.05,33.36,UP,52kg 72UTS,9,150.0,82.7,93.8,88.6,70.1,76.83999999999999,AVERAGE,OBS,1,37.5,20.1,40.0,SAFE_RANGE,True,175.4,SATURATED,130,A,NONE,84,True,60,0,245
TRK-0273,ENGINEERING_TRACK,FZD,ETW,269.4,271.04,UP,60kg 90UTS,10,289.7,60.9,71.1,86.0,74.7,72.71000000000001,AVERAGE,CLEAR,0,53.8,37.0,40.0,SAFE_RANGE,True,10.4,GOOD,160,A,TAMPING,49,False,0,0,356
TRK-0274,ENGINEERING_TRACK,FZD,ETW,234.58,236.0,UP,60kg 90UTS,10,283.2,57.2,67.0,85.7,61.3,63.489999999999995,AVERAGE,CLEAR,0,46.5,35.1,40.0,SAFE_RANGE,True,2.3,GOOD,160,A,TAMPING,75,False,0,0,288
TRK-0275,ENGINEERING_TRACK,NDLS,GZB,3.93,5.86,DN,60kg 90UTS,6,134.6,77.7,83.9,73.4,90.7,85.69000000000001,GOOD,CLEAR,0,54.5,37.5,40.0,SAFE_RANGE,True,131.9,GOOD,130,A,NONE,65,False,0,0,353
TRK-0276,ENGINEERING_TRACK,NDLS,GZB,8.04,9.18,UP,60kg 90UTS,9,263.2,69.5,78.9,77.7,73.9,73.9,AVERAGE,CLEAR,0,43.6,33.0,40.0,SAFE_RANGE,True,81.9,GOOD,130,A,MANUAL,189,False,0,0,331
TRK-0277,ENGINEERING_TRACK,NDLS,GZB,11.99,13.34,DN,60kg 90UTS,6,120.6,65.5,81.4,82.7,75.5,74.81,AVERAGE,CLEAR,0,35.3,20.7,40.0,SAFE_RANGE,True,130.1,FOULED,130,A,TAMPING,121,False,0,0,343
TRK-0278,ENGINEERING_TRACK,PHD,CNB,357.21,359.0,UP,60kg 90UTS,8,127.4,78.1,69.7,92.7,68.4,72.9,AVERAGE,CLEAR,0,44.9,27.5,40.0,SAFE_RANGE,True,32.2,GOOD,130,A,MANUAL,23,False,0,0,360
TRK-0279,ENGINEERING_TRACK,PHD,CNB,422.86,424.43,DN,60kg 90UTS,8,171.5,92.0,69.7,72.4,63.0,70.41,AVERAGE,CLEAR,0,44.6,28.8,40.0,SAFE_RANGE,True,48.8,GOOD,130,A,TAMPING,44,False,0,0,357
TRK-0280,ENGINEERING_TRACK,TDL,FZD,210.91,212.42,UP,60kg 90UTS,6,116.8,80.1,83.2,82.1,85.9,84.09,GOOD,CLEAR,0,41.8,31.4,40.0,SAFE_RANGE,True,72.2,GOOD,160,A,NONE,243,False,0,0,322
TRK-0281,ENGINEERING_TRACK,ALJN,TDL,190.56,191.53,UP,60kg 90UTS,18,434.4,69.1,43.9,72.9,66.9,65.64000000000001,AVERAGE,CLEAR,0,39.9,27.6,40.0,SAFE_RANGE,True,141.2,FOULED,160,A,TAMPING,323,False,0,0,308
TRK-0282,ENGINEERING_TRACK,KRJ,ALJN,104.8,106.19,DN,60kg 90UTS,25,762.9,41.9,57.8,65.5,58.0,55.510000000000005,AVERAGE,OBS,5,49.8,37.8,40.0,SAFE_RANGE,True,1.1,GOOD,130,A,TAMPING,214,False,0,1,23
TRK-0283,ENGINEERING_TRACK,NDLS,GZB,5.59,6.61,UP,60kg 90UTS,11,165.3,83.6,93.7,70.5,68.5,74.24,AVERAGE,OBS,1,51.9,35.1,40.0,SAFE_RANGE,True,130.9,FOULED,130,A,TAMPING,58,False,0,0,302
TRK-0284,ENGINEERING_TRACK,KRJ,ALJN,107.9,108.76,DN,60kg 90UTS,2,68.9,75.7,83.5,90.4,81.2,81.25,GOOD,CLEAR,0,33.9,21.7,40.0,SAFE_RANGE,True,7.9,GOOD,130,A,NONE,123,False,0,0,343
TRK-0285,ENGINEERING_TRACK,PHD,CNB,390.87,392.71,DN,60kg 90UTS,24,400.8,57.4,58.9,64.5,73.9,68.16,AVERAGE,CLEAR,0,31.6,20.5,40.0,SAFE_RANGE,True,147.6,SATURATED,130,A,TAMPING,43,True,30,0,304
TRK-0286,ENGINEERING_TRACK,FZD,ETW,275.02,275.72,DN,52kg 72UTS,9,288.2,72.8,66.4,82.6,69.5,71.16,AVERAGE,OBS,1,55.2,42.1,40.0,MODERATE_HEAT_EXPANSION,True,149.7,FOULED,160,A,MANUAL,172,False,0,0,282
TRK-0287,ENGINEERING_TRACK,TDL,FZD,216.24,217.09,UP,60kg 90UTS,5,153.0,59.1,67.0,71.5,76.7,71.69000000000001,AVERAGE,CLEAR,0,44.4,33.2,40.0,SAFE_RANGE,True,29.6,GOOD,160,A,TAMPING,243,False,0,0,322
TRK-0288,ENGINEERING_TRACK,TDL,FZD,215.5,216.8,UP,60kg 90UTS,15,317.5,61.6,80.2,63.0,55.0,59.64,AVERAGE,CLEAR,0,35.9,24.9,40.0,SAFE_RANGE,True,28.4,GOOD,160,A,TAMPING,356,False,0,0,239
TRK-0289,ENGINEERING_TRACK,ALJN,TDL,194.63,196.18,UP,60kg 90UTS,7,222.0,50.4,81.4,68.5,72.9,68.81,AVERAGE,CLEAR,0,37.2,26.5,40.0,SAFE_RANGE,True,44.7,GOOD,160,A,TAMPING,187,False,0,0,332
TRK-0290,ENGINEERING_TRACK,FZD,ETW,264.0,265.52,DN,60kg 90UTS,6,93.7,81.7,91.1,100.0,90.7,89.87,GOOD,CLEAR,0,42.1,28.5,40.0,SAFE_RANGE,True,134.7,FOULED,160,A,NONE,132,False,0,0,341
TRK-0291,ENGINEERING_TRACK,GZB,DER,30.08,31.79,UP,60kg 90UTS,4,61.0,100.0,69.1,88.5,86.4,87.60000000000001,GOOD,CLEAR,0,57.5,39.6,40.0,MODERATE_HEAT_EXPANSION,True,23.5,GOOD,130,A,NONE,210,False,0,0,328
TRK-0292,ENGINEERING_TRACK,TDL,FZD,219.98,221.89,UP,52kg 72UTS,19,507.7,54.2,51.9,62.5,47.0,50.480000000000004,AVERAGE,CLEAR,0,52.5,41.9,40.0,SAFE_RANGE,True,179.5,SATURATED,160,A,TAMPING,106,True,75,0,230
TRK-0293,ENGINEERING_TRACK,DER,KRJ,41.14,42.91,DN,60kg 90UTS,4,63.4,84.5,83.7,95.3,81.0,83.4,GOOD,CLEAR,0,41.3,30.0,40.0,SAFE_RANGE,True,103.3,FOULED,130,A,NONE,207,False,0,0,328
TRK-0294,ENGINEERING_TRACK,ETW,PHD,302.62,304.14,UP,60kg 90UTS,12,231.5,76.0,66.1,78.4,45.6,57.010000000000005,AVERAGE,CLEAR,0,35.1,22.9,40.0,SAFE_RANGE,True,159.0,SATURATED,160,A,MANUAL,22,True,45,0,245
TRK-0295,ENGINEERING_TRACK,ALJN,TDL,169.41,171.23,DN,52kg 72UTS,2,33.5,94.7,82.5,91.4,98.6,95.48999999999998,GOOD,OBS,1,41.4,28.0,40.0,SAFE_RANGE,True,115.7,FOULED,160,A,NONE,274,False,0,0,264
TRK-0296,ENGINEERING_TRACK,KRJ,ALJN,112.65,114.35,UP,60kg 90UTS,13,398.3,56.5,74.1,71.5,28.7,43.08,POOR,OBS,3,46.8,30.5,40.0,SAFE_RANGE,True,61.9,GOOD,130,A,TAMPING,294,True,60,1,22
TRK-0297,ENGINEERING_TRACK,FZD,ETW,246.01,246.55,UP,60kg 90UTS,1,32.9,100.0,83.5,95.7,94.7,94.74000000000001,GOOD,CLEAR,0,48.7,38.2,40.0,SAFE_RANGE,True,178.5,FOULED,160,A,NONE,276,False,0,0,316
TRK-0298,ENGINEERING_TRACK,TDL,FZD,221.27,223.27,UP,60kg 90UTS,4,79.8,73.4,91.6,93.0,85.5,84.44,GOOD,CLEAR,0,38.6,24.3,40.0,SAFE_RANGE,True,142.4,GOOD,160,A,NONE,33,False,0,0,359
TRK-0299,ENGINEERING_TRACK,KRJ,ALJN,110.06,112.03,DN,60kg 90UTS,12,404.4,63.2,69.5,69.8,51.8,57.65,AVERAGE,CLEAR,0,55.2,43.8,40.0,MODERATE_HEAT_EXPANSION,True,42.6,FOULED,130,A,MANUAL,167,False,0,0,272
TRK-0300,ENGINEERING_TRACK,TDL,FZD,223.62,224.16,DN,60kg 90UTS,19,499.2,44.0,58.5,54.3,50.8,50.559999999999995,AVERAGE,OBS,5,59.4,42.7,40.0,MODERATE_HEAT_EXPANSION,True,145.9,FOULED,160,A,CSM,257,False,0,0,204
TRK-0301,ENGINEERING_TRACK,PHD,CNB,382.34,383.58,UP,60kg 90UTS,2,39.3,83.4,84.2,87.9,89.3,87.47,GOOD,CLEAR,0,37.9,23.7,40.0,SAFE_RANGE,True,0.1,GOOD,130,A,NONE,319,False,0,0,309
TRK-0302,ENGINEERING_TRACK,KRJ,ALJN,120.9,121.91,UP,60kg 90UTS,11,178.1,87.7,76.8,78.2,74.4,77.67999999999999,AVERAGE,CLEAR,0,37.4,21.8,40.0,SAFE_RANGE,True,25.5,GOOD,130,A,NONE,61,False,0,0,354
TRK-0303,ENGINEERING_TRACK,PHD,CNB,427.57,429.51,DN,60kg 90UTS,23,778.3,35.0,42.4,62.0,37.7,40.06,POOR,IMR,4,45.9,33.2,40.0,SAFE_RANGE,True,58.1,FOULED,130,A,TAMPING,85,True,75,1,2
TRK-0304,ENGINEERING_TRACK,ETW,PHD,336.7,337.46,DN,60kg 90UTS,8,226.5,54.5,72.3,77.4,70.4,68.11000000000001,AVERAGE,CLEAR,0,52.2,39.2,40.0,SAFE_RANGE,True,132.1,FOULED,160,A,TAMPING,155,False,0,0,337
TRK-0305,ENGINEERING_TRACK,DER,KRJ,45.0,45.5,DN,60kg 90UTS,25,857.6,45.1,60.0,72.5,31.1,40.93,POOR,OBS,1,35.2,22.7,40.0,SAFE_RANGE,True,145.6,GOOD,130,A,TAMPING,318,True,45,1,12
TRK-0306,ENGINEERING_TRACK,GZB,DER,35.3,36.01,UP,60kg 90UTS,8,175.5,81.7,82.5,81.7,87.4,85.20000000000002,GOOD,CLEAR,0,41.4,26.3,40.0,SAFE_RANGE,True,173.4,GOOD,130,A,NONE,348,False,0,0,304
TRK-0307,ENGINEERING_TRACK,TDL,FZD,216.15,217.05,UP,60kg 90UTS,23,376.2,59.7,46.5,62.5,55.6,56.2,AVERAGE,OBS,3,54.3,38.5,40.0,SAFE_RANGE,True,8.7,GOOD,160,A,TAMPING,229,False,0,0,209
TRK-0308,ENGINEERING_TRACK,FZD,ETW,297.71,299.54,DN,60kg 90UTS,13,286.3,59.7,70.0,80.9,55.6,60.39000000000001,AVERAGE,CLEAR,0,44.4,27.8,40.0,SAFE_RANGE,True,142.0,SATURATED,160,A,TAMPING,300,True,45,0,197
TRK-0309,ENGINEERING_TRACK,DER,KRJ,57.31,59.01,UP,60kg 90UTS,10,154.0,66.1,89.5,78.8,67.4,70.49000000000001,AVERAGE,CLEAR,0,35.6,24.8,40.0,SAFE_RANGE,True,61.5,GOOD,130,A,MANUAL,197,False,0,0,330
TRK-0310,ENGINEERING_TRACK,DER,KRJ,69.94,71.26,UP,60kg 90UTS,11,295.7,67.9,71.2,79.6,63.9,67.0,AVERAGE,CLEAR,0,47.9,34.0,40.0,SAFE_RANGE,True,5.6,GOOD,130,A,MANUAL,339,False,0,0,305
TRK-0311,ENGINEERING_TRACK,DER,KRJ,64.33,65.48,UP,60kg 90UTS,4,86.5,78.6,100.0,97.5,66.7,75.49000000000001,AVERAGE,CLEAR,0,56.6,43.3,40.0,MODERATE_HEAT_EXPANSION,True,99.7,GOOD,130,A,NONE,281,False,0,0,315
TRK-0312,ENGINEERING_TRACK,ALJN,TDL,181.87,182.82,UP,60kg 90UTS,2,45.7,87.2,76.9,88.9,83.5,84.12,GOOD,CLEAR,0,46.2,32.3,40.0,SAFE_RANGE,True,9.8,GOOD,160,A,NONE,6,False,0,0,363
TRK-0313,ENGINEERING_TRACK,FZD,ETW,232.48,234.22,DN,52kg 72UTS,7,118.6,66.5,91.1,84.7,74.9,75.82000000000001,AVERAGE,CLEAR,0,38.5,23.4,40.0,SAFE_RANGE,True,175.9,GOOD,160,A,NONE,247,False,0,0,321
TRK-0314,ENGINEERING_TRACK,GZB,DER,28.39,29.49,DN,60kg 90UTS,22,446.6,55.2,65.7,52.4,31.8,41.93000000000001,POOR,CLEAR,0,47.8,34.7,40.0,SAFE_RANGE,True,66.8,GOOD,130,A,BCM,200,True,60,0,207
TRK-0315,ENGINEERING_TRACK,DER,KRJ,57.06,57.95,DN,60kg 90UTS,9,175.7,68.8,91.4,82.4,76.7,77.16,AVERAGE,CLEAR,0,35.5,25.0,40.0,SAFE_RANGE,True,135.4,SATURATED,130,A,NONE,346,True,30,0,251
TRK-0316,ENGINEERING_TRACK,GZB,DER,32.35,34.06,DN,60kg 90UTS,25,669.9,42.3,53.7,62.8,60.0,56.11,AVERAGE,CLEAR,0,49.1,32.4,40.0,SAFE_RANGE,True,147.3,GOOD,130,A,TAMPING,219,False,0,0,193
TRK-0317,ENGINEERING_TRACK,PHD,CNB,413.34,415.24,UP,60kg 90UTS,16,335.6,73.4,53.1,82.8,54.9,61.209999999999994,AVERAGE,CLEAR,0,45.1,28.3,40.0,SAFE_RANGE,True,6.3,GOOD,130,A,MANUAL,297,False,0,0,250
TRK-0318,ENGINEERING_TRACK,PHD,CNB,422.64,424.16,UP,60kg 90UTS,4,135.9,70.5,77.8,82.4,66.5,70.02000000000001,AVERAGE,CLEAR,0,47.3,29.7,40.0,SAFE_RANGE,True,30.1,GOOD,130,A,MANUAL,113,False,0,0,345
TRK-0319,ENGINEERING_TRACK,KRJ,ALJN,88.93,90.07,DN,60kg 90UTS,7,244.6,53.4,61.2,74.0,42.5,49.7,POOR,CLEAR,0,51.0,34.3,40.0,SAFE_RANGE,True,46.4,GOOD,130,A,BCM,39,False,0,0,235
TRK-0320,ENGINEERING_TRACK,GZB,DER,29.27,30.37,DN,60kg 90UTS,9,228.5,69.6,70.9,76.9,75.5,74.0,AVERAGE,CLEAR,0,51.9,41.8,40.0,SAFE_RANGE,True,126.1,FOULED,130,A,MANUAL,305,False,0,0,311
TRK-0321,ENGINEERING_TRACK,PHD,CNB,421.1,421.77,UP,60kg 90UTS,5,131.7,80.6,79.9,87.7,82.7,82.5,GOOD,CLEAR,0,50.8,33.1,40.0,SAFE_RANGE,True,18.0,GOOD,130,A,NONE,59,False,0,0,354
TRK-0322,ENGINEERING_TRACK,GZB,DER,33.64,35.44,DN,60kg 90UTS,14,284.0,67.1,85.5,63.5,51.4,59.15999999999999,AVERAGE,CLEAR,0,49.6,35.0,40.0,SAFE_RANGE,True,85.1,GOOD,130,A,TAMPING,93,False,0,0,285
TRK-0323,ENGINEERING_TRACK,ALJN,TDL,162.03,163.46,DN,60kg 90UTS,2,45.8,88.6,91.9,69.1,73.4,77.86000000000001,AVERAGE,CLEAR,0,56.4,40.9,40.0,MODERATE_HEAT_EXPANSION,True,8.9,GOOD,160,A,NONE,248,False,0,0,321
TRK-0324,ENGINEERING_TRACK,ALJN,TDL,200.07,200.6,DN,60kg 90UTS,10,206.1,63.8,67.0,91.3,70.5,70.89,AVERAGE,CLEAR,0,46.4,30.8,40.0,SAFE_RANGE,True,17.7,GOOD,160,A,TAMPING,121,False,0,0,343
TRK-0325,ENGINEERING_TRACK,DER,KRJ,50.52,52.14,DN,52kg 72UTS,9,266.2,67.5,73.4,64.4,61.2,64.0,AVERAGE,CLEAR,0,44.4,33.7,40.0,SAFE_RANGE,True,79.5,GOOD,130,A,TAMPING,213,False,0,0,264
TRK-0326,ENGINEERING_TRACK,ETW,PHD,342.77,344.57,UP,60kg 90UTS,17,524.1,54.0,68.9,62.0,45.6,51.25,AVERAGE,OBS,1,40.2,26.1,40.0,SAFE_RANGE,True,24.4,GOOD,160,A,TAMPING,273,False,0,0,201
TRK-0327,ENGINEERING_TRACK,NDLS,GZB,4.17,5.98,UP,60kg 90UTS,2,40.0,88.7,83.1,85.6,64.8,73.49,AVERAGE,OBS,1,47.2,29.9,40.0,SAFE_RANGE,True,126.8,SATURATED,130,A,TAMPING,145,True,60,0,234
TRK-0328,ENGINEERING_TRACK,ETW,PHD,328.78,330.23,UP,60kg 90UTS,22,343.4,51.2,64.7,70.3,67.8,64.42,AVERAGE,CLEAR,0,42.5,27.7,40.0,SAFE_RANGE,True,32.0,GOOD,160,A,TAMPING,247,False,0,0,258
TRK-0329,ENGINEERING_TRACK,PHD,CNB,385.68,386.43,DN,60kg 90UTS,24,758.8,43.1,46.4,53.6,57.7,53.24000000000001,AVERAGE,OBS,1,38.5,25.4,40.0,SAFE_RANGE,True,29.3,FOULED,130,A,CSM,297,False,0,1,21
TRK-0330,ENGINEERING_TRACK,KRJ,ALJN,123.28,124.75,UP,60kg 90UTS,9,252.3,53.9,69.4,71.8,74.2,69.42,AVERAGE,OBS,1,48.2,31.3,40.0,SAFE_RANGE,True,174.1,FOULED,130,A,MANUAL,354,False,0,0,250
TRK-0331,ENGINEERING_TRACK,NDLS,GZB,11.38,12.08,UP,52kg 72UTS,20,620.3,29.0,54.6,71.2,30.4,36.62,POOR,CLEAR,0,38.7,23.8,40.0,SAFE_RANGE,True,169.7,SATURATED,130,A,TAMPING,334,True,60,1,11
TRK-0332,ENGINEERING_TRACK,FZD,ETW,292.27,294.05,DN,60kg 90UTS,9,174.3,77.6,77.2,74.7,78.7,77.92999999999999,AVERAGE,CLEAR,0,40.1,25.9,40.0,SAFE_RANGE,True,112.2,SATURATED,160,A,NONE,304,True,30,0,259
TRK-0333,ENGINEERING_TRACK,NDLS,GZB,12.28,13.77,DN,60kg 90UTS,18,503.0,65.4,67.9,62.5,38.8,49.4,POOR,IMR,5,40.8,25.3,40.0,SAFE_RANGE,True,86.7,FOULED,130,A,CSM,177,True,60,1,10
TRK-0334,ENGINEERING_TRACK,TDL,FZD,222.78,223.67,DN,60kg 90UTS,7,126.0,82.8,77.9,87.7,64.5,71.82000000000001,AVERAGE,CLEAR,0,55.1,37.9,40.0,MODERATE_HEAT_EXPANSION,True,145.0,FOULED,160,A,MANUAL,312,False,0,0,310
TRK-0335,ENGINEERING_TRACK,FZD,ETW,274.88,276.4,UP,60kg 90UTS,21,523.9,48.5,46.1,59.3,44.5,46.94,POOR,OBS,3,38.0,24.7,40.0,SAFE_RANGE,True,69.9,GOOD,160,A,CSM,23,False,0,1,29
TRK-0336,ENGINEERING_TRACK,KRJ,ALJN,99.13,100.7,DN,60kg 90UTS,22,487.7,39.0,41.1,63.5,53.4,50.3,AVERAGE,IMR,3,56.7,40.0,40.0,MODERATE_HEAT_EXPANSION,True,157.8,SATURATED,130,A,BCM,97,True,60,1,13
TRK-0337,ENGINEERING_TRACK,GZB,DER,30.18,31.79,UP,60kg 90UTS,22,725.8,49.1,34.2,66.0,31.6,38.8,POOR,CLEAR,0,46.8,35.0,40.0,SAFE_RANGE,True,40.2,GOOD,130,A,TAMPING,162,True,75,1,23
TRK-0338,ENGINEERING_TRACK,TDL,FZD,214.95,216.33,DN,60kg 90UTS,4,97.6,63.2,82.1,86.0,77.3,75.83,AVERAGE,CLEAR,0,55.2,40.5,40.0,MODERATE_HEAT_EXPANSION,True,170.0,SATURATED,160,A,NONE,41,True,75,0,305
TRK-0339,ENGINEERING_TRACK,KRJ,ALJN,106.52,108.32,DN,60kg 90UTS,17,356.4,81.0,49.8,82.1,62.1,66.65,AVERAGE,CLEAR,0,36.2,19.4,40.0,SAFE_RANGE,True,24.7,GOOD,130,A,TAMPING,107,False,0,0,346
TRK-0340,ENGINEERING_TRACK,TDL,FZD,215.55,216.9,DN,52kg 72UTS,5,106.6,92.0,77.2,80.9,43.8,60.489999999999995,AVERAGE,CLEAR,0,52.8,36.6,40.0,SAFE_RANGE,True,87.8,GOOD,160,A,TAMPING,328,False,0,0,244
TRK-0341,ENGINEERING_TRACK,DER,KRJ,51.1,51.69,DN,60kg 90UTS,9,172.7,82.4,72.9,59.1,75.9,75.22,AVERAGE,CLEAR,0,52.7,38.1,40.0,SAFE_RANGE,True,28.5,GOOD,130,A,NONE,50,False,0,0,356
TRK-0342,ENGINEERING_TRACK,DER,KRJ,64.65,66.1,DN,60kg 90UTS,14,480.3,65.3,46.9,67.4,64.3,63.06999999999999,AVERAGE,CLEAR,0,38.3,28.0,40.0,SAFE_RANGE,True,35.9,FOULED,130,A,TAMPING,196,False,0,0,267
TRK-0343,ENGINEERING_TRACK,NDLS,GZB,21.41,23.05,UP,60kg 90UTS,1,28.5,78.1,85.4,91.1,79.1,80.72999999999999,GOOD,CLEAR,0,46.3,34.3,40.0,SAFE_RANGE,True,124.8,FOULED,130,A,NONE,181,False,0,0,333
TRK-0344,ENGINEERING_TRACK,ALJN,TDL,140.93,142.01,DN,60kg 90UTS,6,97.8,71.2,71.6,76.1,71.7,72.03,AVERAGE,CLEAR,0,36.8,19.2,40.0,SAFE_RANGE,True,82.1,GOOD,160,A,MANUAL,271,False,0,0,317
TRK-0345,ENGINEERING_TRACK,PHD,CNB,384.7,386.53,UP,52kg 72UTS,11,384.2,66.2,52.2,72.9,63.7,63.970000000000006,AVERAGE,CLEAR,0,46.7,30.7,40.0,SAFE_RANGE,True,29.7,GOOD,130,A,TAMPING,211,False,0,0,265
TRK-0346,ENGINEERING_TRACK,NDLS,GZB,5.48,7.07,UP,60kg 90UTS,7,207.8,79.8,80.6,74.2,60.1,67.5,AVERAGE,OBS,1,44.7,33.3,40.0,SAFE_RANGE,True,66.0,GOOD,130,A,MANUAL,338,False,0,0,253
TRK-0347,ENGINEERING_TRACK,NDLS,GZB,9.0,10.46,UP,52kg 72UTS,20,697.9,39.0,64.2,68.9,53.8,53.39,AVERAGE,CLEAR,0,50.4,35.2,40.0,SAFE_RANGE,True,3.6,FOULED,130,A,TAMPING,358,False,0,1,27
TRK-0348,ENGINEERING_TRACK,GZB,DER,29.58,30.65,DN,60kg 90UTS,16,464.6,58.2,72.6,68.1,38.4,48.75,POOR,CLEAR,0,38.8,23.3,40.0,SAFE_RANGE,True,1.7,FOULED,130,A,TAMPING,220,False,0,0,204
TRK-0349,ENGINEERING_TRACK,GZB,DER,32.29,33.19,UP,60kg 90UTS,14,442.6,75.5,91.1,69.0,53.2,63.03000000000001,AVERAGE,CLEAR,0,36.5,20.7,40.0,SAFE_RANGE,True,21.2,FOULED,130,A,MANUAL,63,False,0,0,290
TRK-0350,ENGINEERING_TRACK,GZB,DER,30.48,31.89,DN,60kg 90UTS,17,585.9,48.2,55.9,61.1,49.2,50.86,AVERAGE,CLEAR,0,40.6,27.3,40.0,SAFE_RANGE,True,28.9,FOULED,130,A,CSM,285,False,0,1,28
TRK-0351,ENGINEERING_TRACK,ETW,PHD,351.07,352.6,DN,60kg 90UTS,11,216.6,75.0,82.1,81.0,87.6,83.86999999999999,GOOD,OBS,1,29.0,18.3,40.0,SAFE_RANGE,True,19.9,GOOD,160,A,NONE,298,False,0,0,260
TRK-0352,ENGINEERING_TRACK,ETW,PHD,309.2,309.84,UP,60kg 90UTS,24,707.3,34.1,46.1,60.6,52.5,48.989999999999995,POOR,OBS,3,48.5,34.8,40.0,SAFE_RANGE,True,175.9,GOOD,160,A,TAMPING,140,False,0,1,16
TRK-0353,ENGINEERING_TRACK,ETW,PHD,303.75,305.47,UP,60kg 90UTS,10,222.0,55.0,70.4,84.2,76.2,72.18,AVERAGE,CLEAR,0,49.0,35.6,40.0,SAFE_RANGE,True,20.9,GOOD,160,A,MANUAL,28,False,0,0,360
TRK-0354,ENGINEERING_TRACK,NDLS,GZB,20.45,21.95,UP,60kg 90UTS,11,243.7,86.9,73.0,73.9,71.6,75.03,AVERAGE,CLEAR,0,44.4,29.4,40.0,SAFE_RANGE,True,158.1,SATURATED,130,A,NONE,52,True,60,0,303
TRK-0355,ENGINEERING_TRACK,TDL,FZD,211.93,213.03,DN,60kg 90UTS,9,285.4,61.2,61.3,78.9,62.1,63.52,AVERAGE,CLEAR,0,49.7,35.9,40.0,SAFE_RANGE,True,75.9,GOOD,160,A,MANUAL,90,False,0,0,286
TRK-0356,ENGINEERING_TRACK,GZB,DER,26.46,28.05,UP,60kg 90UTS,4,93.3,89.9,100.0,85.1,73.1,80.35,GOOD,CLEAR,0,49.8,33.4,40.0,SAFE_RANGE,True,122.1,FOULED,130,A,NONE,97,False,0,0,348
TRK-0357,ENGINEERING_TRACK,FZD,ETW,283.66,285.08,UP,60kg 90UTS,16,534.5,34.1,65.3,53.8,63.9,57.07000000000001,AVERAGE,CLEAR,0,34.2,20.9,40.0,SAFE_RANGE,True,8.3,FOULED,160,A,TAMPING,138,False,0,0,207
TRK-0358,ENGINEERING_TRACK,TDL,FZD,209.2,211.0,UP,60kg 90UTS,22,714.2,33.8,62.4,53.8,38.5,41.480000000000004,POOR,IMR,5,47.2,31.6,40.0,SAFE_RANGE,True,17.1,FOULED,160,A,TAMPING,343,True,45,1,1
TRK-0359,ENGINEERING_TRACK,ETW,PHD,320.02,321.53,DN,60kg 90UTS,5,158.9,70.8,64.7,77.4,77.5,74.87,AVERAGE,CLEAR,0,50.4,32.5,40.0,SAFE_RANGE,True,9.8,GOOD,160,A,TAMPING,334,False,0,0,306
TRK-0360,ENGINEERING_TRACK,DER,KRJ,59.75,60.95,DN,60kg 90UTS,6,99.0,65.1,82.5,96.3,72.9,74.64000000000001,AVERAGE,CLEAR,0,42.7,30.8,40.0,SAFE_RANGE,True,174.6,FOULED,130,A,TAMPING,30,False,0,0,359
TRK-0361,ENGINEERING_TRACK,PHD,CNB,375.26,376.72,DN,60kg 90UTS,8,132.6,67.9,73.0,68.3,75.4,72.95,AVERAGE,CLEAR,0,44.1,29.5,40.0,SAFE_RANGE,True,15.8,GOOD,130,A,TAMPING,260,False,0,0,319
TRK-0362,ENGINEERING_TRACK,ETW,PHD,318.38,320.35,UP,52kg 72UTS,4,92.3,71.6,83.9,80.2,76.8,76.80999999999999,AVERAGE,CLEAR,0,33.3,18.9,40.0,SAFE_RANGE,True,148.7,SATURATED,160,A,NONE,314,True,60,0,257
TRK-0363,ENGINEERING_TRACK,PHD,CNB,403.11,404.59,DN,60kg 90UTS,11,244.9,80.6,82.6,63.1,78.1,77.55,AVERAGE,CLEAR,0,31.2,19.4,40.0,SAFE_RANGE,True,81.8,GOOD,130,A,NONE,291,False,0,0,314
TRK-0364,ENGINEERING_TRACK,ETW,PHD,340.42,341.46,DN,60kg 90UTS,4,67.8,78.3,86.5,99.4,88.5,87.35,GOOD,CLEAR,0,45.1,35.1,40.0,SAFE_RANGE,True,63.9,GOOD,160,A,NONE,329,False,0,0,307
TRK-0365,ENGINEERING_TRACK,ALJN,TDL,173.17,174.23,UP,60kg 90UTS,2,65.9,81.0,81.3,83.5,65.2,71.8,AVERAGE,OBS,1,47.4,30.8,40.0,SAFE_RANGE,True,133.7,FOULED,160,A,MANUAL,214,False,0,0,275
TRK-0366,ENGINEERING_TRACK,GZB,DER,27.8,28.59,UP,60kg 90UTS,13,251.1,59.6,70.7,77.9,70.3,68.96,AVERAGE,CLEAR,0,50.9,39.4,40.0,SAFE_RANGE,True,60.8,GOOD,130,A,TAMPING,217,False,0,0,327
TRK-0367,ENGINEERING_TRACK,NDLS,GZB,22.24,24.0,UP,60kg 90UTS,25,820.9,62.5,63.8,44.7,50.9,53.89,AVERAGE,OBS,4,52.7,35.1,40.0,SAFE_RANGE,True,24.2,GOOD,130,A,CSM,260,False,0,1,22
TRK-0368,ENGINEERING_TRACK,NDLS,GZB,12.73,13.3,DN,52kg 72UTS,19,468.5,45.9,51.4,55.3,44.9,46.79,POOR,CLEAR,0,48.6,31.2,40.0,SAFE_RANGE,True,31.9,FOULED,130,A,TAMPING,301,False,0,1,29
TRK-0369,ENGINEERING_TRACK,DER,KRJ,69.87,70.56,DN,60kg 90UTS,22,594.2,39.6,52.8,59.3,49.1,48.59,POOR,IMR,3,44.2,31.1,40.0,SAFE_RANGE,True,176.3,SATURATED,130,A,CSM,359,True,45,1,1
TRK-0370,ENGINEERING_TRACK,ALJN,TDL,161.64,162.65,DN,60kg 90UTS,15,466.4,62.6,67.3,56.7,53.7,57.14000000000001,AVERAGE,OBS,2,44.3,28.7,40.0,SAFE_RANGE,True,134.7,SATURATED,160,A,TAMPING,158,True,60,1,27
TRK-0371,ENGINEERING_TRACK,PHD,CNB,408.87,409.67,DN,60kg 90UTS,22,481.9,45.0,43.7,64.3,59.5,55.5,AVERAGE,IMR,2,58.7,43.5,40.0,MODERATE_HEAT_EXPANSION,True,172.5,FOULED,130,A,TAMPING,262,True,60,1,16
TRK-0372,ENGINEERING_TRACK,GZB,DER,33.37,34.71,DN,60kg 90UTS,22,659.1,38.9,67.2,70.9,36.3,43.37,POOR,IMR,5,42.2,25.4,40.0,SAFE_RANGE,True,145.5,GOOD,130,A,TAMPING,272,True,30,1,1
TRK-0373,ENGINEERING_TRACK,NDLS,GZB,9.14,9.72,UP,60kg 90UTS,7,142.4,71.6,78.5,81.9,56.8,64.44,AVERAGE,CLEAR,0,56.3,38.4,40.0,MODERATE_HEAT_EXPANSION,True,123.0,FOULED,130,A,MANUAL,79,False,0,0,288
TRK-0374,ENGINEERING_TRACK,NDLS,GZB,16.57,17.51,UP,60kg 90UTS,12,375.4,55.0,78.7,58.0,67.9,65.41,AVERAGE,CLEAR,0,37.6,20.7,40.0,SAFE_RANGE,True,133.1,FOULED,130,A,TAMPING,119,False,0,0,344
TRK-0375,ENGINEERING_TRACK,PHD,CNB,388.89,390.16,DN,60kg 90UTS,23,650.7,52.9,53.4,59.6,53.7,54.1,AVERAGE,CLEAR,0,55.2,42.1,40.0,MODERATE_HEAT_EXPANSION,True,172.2,FOULED,130,A,CSM,355,False,0,1,27
TRK-0376,ENGINEERING_TRACK,TDL,FZD,224.45,225.03,DN,60kg 90UTS,7,191.9,100.0,88.3,68.0,59.3,71.21,AVERAGE,CLEAR,0,55.3,38.3,40.0,MODERATE_HEAT_EXPANSION,True,149.4,SATURATED,160,A,TAMPING,329,True,60,0,254
TRK-0377,ENGINEERING_TRACK,PHD,CNB,417.55,418.34,UP,52kg 72UTS,10,239.8,67.8,76.1,76.7,47.0,57.04,AVERAGE,OBS,1,54.2,43.6,40.0,SAFE_RANGE,True,173.2,SATURATED,130,A,TAMPING,268,True,30,1,24
TRK-0378,ENGINEERING_TRACK,FZD,ETW,229.01,229.93,DN,60kg 90UTS,5,91.1,80.7,100.0,87.6,76.5,80.8,GOOD,CLEAR,0,50.0,40.0,40.0,SAFE_RANGE,True,83.9,GOOD,160,A,NONE,84,False,0,0,350
TRK-0379,ENGINEERING_TRACK,NDLS,GZB,3.69,4.67,UP,60kg 90UTS,25,841.2,49.2,56.1,71.5,32.7,42.220000000000006,POOR,CLEAR,0,49.3,34.0,40.0,SAFE_RANGE,True,88.3,FOULED,130,A,CSM,298,True,60,1,20
TRK-0380,ENGINEERING_TRACK,GZB,DER,33.62,34.6,UP,60kg 90UTS,6,152.5,70.7,75.4,88.9,84.5,81.27000000000001,GOOD,CLEAR,0,49.7,38.4,40.0,SAFE_RANGE,True,97.8,GOOD,130,A,NONE,211,False,0,0,328
TRK-0381,ENGINEERING_TRACK,GZB,DER,28.84,30.67,DN,60kg 90UTS,11,244.4,61.6,59.9,74.0,65.8,65.19,AVERAGE,CLEAR,0,39.7,23.7,40.0,SAFE_RANGE,True,95.5,GOOD,130,A,TAMPING,292,False,0,0,313
TRK-0382,ENGINEERING_TRACK,NDLS,GZB,2.75,3.77,UP,60kg 90UTS,21,572.8,45.4,45.8,50.7,38.9,42.07,POOR,IMR,5,34.6,24.3,40.0,SAFE_RANGE,True,159.4,SATURATED,130,A,BCM,200,True,30,1,1
TRK-0383,ENGINEERING_TRACK,FZD,ETW,244.99,246.58,UP,60kg 90UTS,17,534.5,62.8,30.8,67.5,59.1,57.85,AVERAGE,CLEAR,0,44.1,27.7,40.0,SAFE_RANGE,True,80.2,FOULED,160,A,TAMPING,27,False,0,0,227
TRK-0384,ENGINEERING_TRACK,ALJN,TDL,200.17,200.96,UP,52kg 72UTS,4,73.4,85.6,100.0,87.7,71.7,78.91,AVERAGE,CLEAR,0,57.2,42.9,40.0,MODERATE_HEAT_EXPANSION,True,1.3,GOOD,160,A,NONE,38,False,0,0,358
TRK-0385,ENGINEERING_TRACK,KRJ,ALJN,114.51,116.17,DN,60kg 90UTS,4,76.4,84.2,75.1,81.8,67.8,73.21,AVERAGE,OBS,1,56.5,39.5,40.0,MODERATE_HEAT_EXPANSION,True,133.4,FOULED,130,A,TAMPING,227,False,0,0,272
TRK-0386,ENGINEERING_TRACK,GZB,DER,33.22,33.95,DN,60kg 90UTS,23,497.6,51.4,48.8,77.2,60.8,59.35999999999999,AVERAGE,OBS,1,31.3,19.9,40.0,SAFE_RANGE,True,45.3,GOOD,130,A,TAMPING,41,False,0,0,242
TRK-0387,ENGINEERING_TRACK,KRJ,ALJN,125.82,126.93,DN,60kg 90UTS,21,484.9,65.1,58.6,64.6,55.4,58.58,AVERAGE,OBS,3,33.8,18.4,40.0,SAFE_RANGE,True,96.3,GOOD,130,A,MANUAL,333,False,0,0,191
TRK-0388,ENGINEERING_TRACK,GZB,DER,33.32,34.7,UP,60kg 90UTS,12,402.7,61.5,59.5,65.8,68.0,65.63,AVERAGE,CLEAR,0,37.1,20.8,40.0,SAFE_RANGE,True,54.2,GOOD,130,A,MANUAL,49,False,0,0,356
TRK-0389,ENGINEERING_TRACK,ALJN,TDL,189.93,191.09,DN,52kg 72UTS,22,343.6,59.3,75.6,73.9,62.4,64.25,AVERAGE,CLEAR,0,33.9,22.1,40.0,SAFE_RANGE,True,134.4,SATURATED,160,A,TAMPING,284,True,60,0,199
TRK-0390,ENGINEERING_TRACK,DER,KRJ,50.41,52.24,DN,60kg 90UTS,1,26.1,80.3,99.8,79.9,77.3,80.41,GOOD,CLEAR,0,43.4,32.4,40.0,SAFE_RANGE,True,0.9,GOOD,130,A,NONE,310,False,0,0,310
TRK-0391,ENGINEERING_TRACK,FZD,ETW,265.75,267.67,DN,60kg 90UTS,7,209.8,69.1,68.5,91.9,68.5,70.96000000000001,AVERAGE,CLEAR,0,54.3,41.5,40.0,SAFE_RANGE,True,74.3,GOOD,160,A,MANUAL,335,False,0,0,306
TRK-0392,ENGINEERING_TRACK,PHD,CNB,368.68,369.46,DN,60kg 90UTS,7,121.0,83.4,69.0,81.3,77.5,78.21000000000001,AVERAGE,CLEAR,0,49.9,35.4,40.0,SAFE_RANGE,True,9.8,GOOD,130,A,NONE,286,False,0,0,314
TRK-0393,ENGINEERING_TRACK,ETW,PHD,336.46,337.07,UP,60kg 90UTS,9,152.7,67.5,79.1,84.8,89.9,83.83000000000001,GOOD,CLEAR,0,50.8,36.9,40.0,SAFE_RANGE,True,59.6,GOOD,160,A,NONE,70,False,0,0,352
TRK-0394,ENGINEERING_TRACK,KRJ,ALJN,87.7,89.13,UP,60kg 90UTS,11,271.9,67.7,84.9,77.4,58.4,64.81,AVERAGE,CLEAR,0,41.8,26.5,40.0,SAFE_RANGE,True,124.8,SATURATED,130,A,TAMPING,83,True,60,0,234
TRK-0395,ENGINEERING_TRACK,TDL,FZD,224.34,225.09,DN,60kg 90UTS,8,245.7,71.6,77.1,77.2,71.9,72.89000000000001,AVERAGE,CLEAR,0,51.6,36.5,40.0,SAFE_RANGE,True,49.8,GOOD,160,A,TAMPING,189,False,0,0,331
TRK-0396,ENGINEERING_TRACK,DER,KRJ,67.58,68.58,DN,52kg 72UTS,15,358.6,79.7,76.4,68.3,48.7,59.63000000000001,AVERAGE,CLEAR,0,52.0,38.1,40.0,SAFE_RANGE,True,19.6,GOOD,130,A,TAMPING,335,False,0,0,243
TRK-0397,ENGINEERING_TRACK,GZB,DER,34.26,36.05,UP,60kg 90UTS,18,340.7,51.4,58.6,67.2,48.1,51.720000000000006,AVERAGE,OBS,1,52.1,37.1,40.0,SAFE_RANGE,True,130.9,SATURATED,130,A,CSM,14,True,30,0,194
TRK-0398,ENGINEERING_TRACK,FZD,ETW,282.92,283.74,UP,60kg 90UTS,18,363.8,51.7,80.2,72.9,70.8,68.13,AVERAGE,CLEAR,0,55.5,41.2,40.0,MODERATE_HEAT_EXPANSION,True,117.7,FOULED,160,A,TAMPING,81,False,0,0,350
TRK-0399,ENGINEERING_TRACK,TDL,FZD,215.28,217.12,DN,60kg 90UTS,5,121.5,78.6,85.8,73.5,68.5,72.75,AVERAGE,CLEAR,0,44.5,31.3,40.0,SAFE_RANGE,True,90.4,GOOD,160,A,TAMPING,344,False,0,0,304
TRK-0400,ENGINEERING_TRACK,KRJ,ALJN,122.86,124.57,UP,60kg 90UTS,25,632.1,29.7,56.2,63.4,49.4,47.54,POOR,IMR,4,36.6,22.1,40.0,SAFE_RANGE,True,101.8,SATURATED,130,A,CSM,79,True,75,1,1
TRK-0401,ENGINEERING_TRACK,TDL,FZD,209.65,211.29,UP,60kg 90UTS,3,60.9,71.4,98.5,82.8,81.1,81.07000000000001,GOOD,CLEAR,0,39.4,24.1,40.0,SAFE_RANGE,True,93.2,GOOD,160,A,NONE,189,False,0,0,331
TRK-0402,ENGINEERING_TRACK,FZD,ETW,260.76,261.94,UP,60kg 90UTS,2,69.2,77.1,88.5,81.7,81.8,81.52,GOOD,CLEAR,0,42.0,26.4,40.0,SAFE_RANGE,True,93.8,GOOD,160,A,NONE,145,False,0,0,339
TRK-0403,ENGINEERING_TRACK,ALJN,TDL,175.55,176.91,DN,60kg 90UTS,21,474.0,60.1,55.1,58.6,59.3,58.96999999999999,AVERAGE,OBS,5,51.7,35.0,40.0,SAFE_RANGE,True,93.0,GOOD,160,A,TAMPING,197,False,0,0,215
TRK-0404,ENGINEERING_TRACK,KRJ,ALJN,107.27,108.3,DN,52kg 72UTS,16,493.7,63.7,48.6,64.1,54.6,56.77,AVERAGE,IMR,5,35.3,18.2,40.0,SAFE_RANGE,True,79.2,GOOD,130,A,CSM,122,True,30,1,20
TRK-0405,ENGINEERING_TRACK,PHD,CNB,409.77,410.59,UP,60kg 90UTS,6,133.5,88.2,73.6,67.7,83.1,81.63,GOOD,CLEAR,0,47.5,36.6,40.0,SAFE_RANGE,True,41.5,GOOD,130,A,NONE,174,False,0,0,334
TRK-0406,ENGINEERING_TRACK,GZB,DER,30.3,31.52,UP,60kg 90UTS,19,346.3,75.3,72.4,78.4,82.0,79.34,AVERAGE,OBS,4,28.9,18.6,40.0,SAFE_RANGE,True,103.2,SATURATED,130,A,NONE,87,True,45,0,244
TRK-0407,ENGINEERING_TRACK,PHD,CNB,360.21,361.57,UP,60kg 90UTS,6,121.0,78.4,80.6,80.1,93.2,87.67,GOOD,CLEAR,0,40.4,22.7,40.0,SAFE_RANGE,True,107.9,FOULED,130,A,NONE,293,False,0,0,313
TRK-0408,ENGINEERING_TRACK,NDLS,GZB,21.08,22.67,DN,60kg 90UTS,3,58.0,88.2,85.9,85.0,87.5,87.22999999999999,GOOD,CLEAR,0,47.6,33.8,40.0,SAFE_RANGE,True,86.7,GOOD,130,A,NONE,117,False,0,0,344
TRK-0409,ENGINEERING_TRACK,FZD,ETW,270.46,272.15,UP,60kg 90UTS,20,563.9,58.6,57.8,62.6,62.5,61.260000000000005,AVERAGE,CLEAR,0,40.7,24.9,40.0,SAFE_RANGE,True,61.7,FOULED,160,A,TAMPING,237,False,0,0,190
TRK-0410,ENGINEERING_TRACK,GZB,DER,27.53,28.61,UP,60kg 90UTS,1,19.0,89.3,85.2,88.9,71.9,78.41000000000001,AVERAGE,CLEAR,0,54.3,40.3,40.0,SAFE_RANGE,True,75.6,GOOD,130,A,NONE,81,False,0,0,350
TRK-0411,ENGINEERING_TRACK,GZB,DER,26.95,28.8,UP,60kg 90UTS,18,451.2,41.8,68.1,66.9,44.2,48.38000000000001,POOR,OBS,1,35.7,20.4,40.0,SAFE_RANGE,True,162.4,FOULED,130,A,TAMPING,281,False,0,1,22
TRK-0412,ENGINEERING_TRACK,NDLS,GZB,21.53,23.19,DN,60kg 90UTS,17,398.0,68.0,67.5,71.0,71.4,70.29,AVERAGE,CLEAR,0,56.3,40.7,40.0,MODERATE_HEAT_EXPANSION,True,77.2,GOOD,130,A,MANUAL,251,False,0,0,321
TRK-0413,ENGINEERING_TRACK,FZD,ETW,251.94,253.65,UP,60kg 90UTS,14,247.5,68.9,77.9,55.3,65.7,66.52000000000001,AVERAGE,CLEAR,0,42.3,30.4,40.0,SAFE_RANGE,True,154.6,SATURATED,160,A,TAMPING,150,True,75,0,286
TRK-0414,ENGINEERING_TRACK,ALJN,TDL,145.55,147.11,UP,52kg 72UTS,19,483.6,70.3,73.1,58.1,50.6,57.540000000000006,AVERAGE,CLEAR,0,44.5,31.5,40.0,SAFE_RANGE,True,37.0,FOULED,160,A,TAMPING,166,False,0,0,272
TRK-0415,ENGINEERING_TRACK,FZD,ETW,252.81,253.54,DN,60kg 90UTS,9,288.9,54.4,75.9,78.2,57.7,60.910000000000004,AVERAGE,CLEAR,0,41.9,29.0,40.0,SAFE_RANGE,True,49.6,GOOD,160,A,MANUAL,353,False,0,0,240
TRK-0416,ENGINEERING_TRACK,FZD,ETW,281.87,282.99,DN,52kg 72UTS,6,134.4,78.9,80.2,91.7,75.4,78.21000000000001,AVERAGE,CLEAR,0,44.4,32.4,40.0,SAFE_RANGE,True,55.2,GOOD,160,A,NONE,181,False,0,0,333
TRK-0417,ENGINEERING_TRACK,FZD,ETW,280.45,282.23,UP,60kg 90UTS,24,470.3,57.1,61.3,57.2,51.3,54.05,AVERAGE,CLEAR,0,56.0,38.4,40.0,MODERATE_HEAT_EXPANSION,True,18.1,GOOD,160,A,BCM,265,False,0,0,255
TRK-0418,ENGINEERING_TRACK,FZD,ETW,284.17,285.87,UP,60kg 90UTS,6,136.7,58.9,74.7,77.1,86.9,79.10000000000001,AVERAGE,CLEAR,0,50.9,34.5,40.0,SAFE_RANGE,True,148.2,FOULED,160,A,NONE,246,False,0,0,321
TRK-0419,ENGINEERING_TRACK,FZD,ETW,232.52,233.41,DN,60kg 90UTS,3,81.5,71.9,69.9,81.6,82.1,78.78999999999999,AVERAGE,CLEAR,0,54.2,36.8,40.0,SAFE_RANGE,True,72.1,GOOD,160,A,NONE,340,False,0,0,305
TRK-0420,ENGINEERING_TRACK,PHD,CNB,380.49,382.44,UP,60kg 90UTS,25,785.1,40.9,40.7,54.7,35.5,39.019999999999996,POOR,OBS,4,41.0,29.4,40.0,SAFE_RANGE,True,118.2,SATURATED,130,A,TAMPING,270,True,60,1,5
TRK-0421,ENGINEERING_TRACK,KRJ,ALJN,84.58,85.98,UP,60kg 90UTS,20,367.8,62.3,91.6,71.3,50.2,58.870000000000005,AVERAGE,CLEAR,0,30.8,18.9,40.0,SAFE_RANGE,True,0.1,GOOD,130,A,TAMPING,85,False,0,0,287
TRK-0422,ENGINEERING_TRACK,GZB,DER,35.96,37.63,DN,60kg 90UTS,22,503.9,32.5,52.1,51.1,27.5,33.32,POOR,OBS,5,33.3,23.2,40.0,SAFE_RANGE,True,126.7,SATURATED,130,A,TAMPING,51,True,60,1,21
TRK-0423,ENGINEERING_TRACK,PHD,CNB,432.03,433.05,DN,60kg 90UTS,8,217.0,66.4,82.3,87.1,72.2,73.54,AVERAGE,OBS,1,40.5,23.1,40.0,SAFE_RANGE,True,103.5,SATURATED,130,A,TAMPING,138,True,45,0,235
TRK-0424,ENGINEERING_TRACK,FZD,ETW,263.46,264.8,DN,60kg 90UTS,11,373.3,77.1,63.6,41.6,45.2,53.06,AVERAGE,CLEAR,0,56.6,38.9,40.0,MODERATE_HEAT_EXPANSION,True,157.7,FOULED,160,A,TAMPING,299,False,0,0,249
TRK-0425,ENGINEERING_TRACK,ALJN,TDL,184.45,186.4,DN,60kg 90UTS,25,496.6,46.6,36.9,57.1,54.7,51.540000000000006,AVERAGE,CLEAR,0,43.0,26.8,40.0,SAFE_RANGE,True,122.7,SATURATED,160,A,CSM,305,True,30,0,196
TRK-0426,ENGINEERING_TRACK,ETW,PHD,307.39,307.99,UP,60kg 90UTS,22,638.5,41.5,76.8,45.1,50.6,50.85,AVERAGE,OBS,3,41.5,28.7,40.0,SAFE_RANGE,True,96.4,GOOD,160,A,TAMPING,139,False,0,1,25
TRK-0427,ENGINEERING_TRACK,KRJ,ALJN,96.5,97.6,DN,60kg 90UTS,3,78.3,66.9,85.9,78.2,73.4,73.83000000000001,AVERAGE,CLEAR,0,35.1,22.6,40.0,SAFE_RANGE,True,39.3,GOOD,130,A,MANUAL,298,False,0,0,312
TRK-0428,ENGINEERING_TRACK,ALJN,TDL,145.07,146.69,UP,60kg 90UTS,16,475.9,42.2,60.1,72.0,47.6,50.21,AVERAGE,OBS,2,54.1,37.1,40.0,SAFE_RANGE,True,37.2,GOOD,160,A,BCM,108,False,0,0,230
TRK-0429,ENGINEERING_TRACK,KRJ,ALJN,122.31,123.34,UP,60kg 90UTS,4,133.6,70.8,84.4,73.4,83.5,80.03999999999999,GOOD,CLEAR,0,50.9,35.6,40.0,SAFE_RANGE,True,110.5,SATURATED,130,A,NONE,282,True,30,0,263
TRK-0430,ENGINEERING_TRACK,ETW,PHD,321.42,322.39,DN,60kg 90UTS,16,298.5,68.1,72.8,83.4,72.0,72.44,AVERAGE,CLEAR,0,52.0,37.9,40.0,SAFE_RANGE,True,71.6,GOOD,160,A,TAMPING,300,False,0,0,312
TRK-0431,ENGINEERING_TRACK,DER,KRJ,39.44,41.14,DN,60kg 90UTS,18,281.7,65.9,61.1,66.1,59.6,61.660000000000004,AVERAGE,CLEAR,0,43.9,27.0,40.0,SAFE_RANGE,True,139.7,SATURATED,130,A,TAMPING,239,True,30,0,207
TRK-0432,ENGINEERING_TRACK,PHD,CNB,394.73,396.26,UP,60kg 90UTS,22,422.7,50.8,65.8,43.4,51.4,51.919999999999995,AVERAGE,OBS,5,33.5,20.6,40.0,SAFE_RANGE,True,155.1,SATURATED,130,A,TAMPING,100,True,60,1,28
TRK-0433,ENGINEERING_TRACK,KRJ,ALJN,95.66,97.6,DN,60kg 90UTS,12,224.1,66.2,77.6,78.1,49.0,58.21,AVERAGE,CLEAR,0,42.4,29.0,40.0,SAFE_RANGE,True,135.4,SATURATED,130,A,TAMPING,191,True,75,0,216
TRK-0434,ENGINEERING_TRACK,ALJN,TDL,165.71,167.07,UP,60kg 90UTS,4,117.7,56.3,97.8,80.8,80.6,77.47999999999999,AVERAGE,CLEAR,0,53.3,38.9,40.0,SAFE_RANGE,True,154.1,FOULED,160,A,NONE,105,False,0,0,346
TRK-0435,ENGINEERING_TRACK,DER,KRJ,73.0,74.61,DN,60kg 90UTS,1,18.5,86.3,77.9,82.4,79.2,80.81,GOOD,CLEAR,0,49.0,31.0,40.0,SAFE_RANGE,True,152.9,SATURATED,130,A,NONE,269,True,60,0,265
TRK-0436,ENGINEERING_TRACK,ETW,PHD,317.5,318.84,UP,60kg 90UTS,13,220.7,64.9,77.6,71.3,78.1,74.72999999999999,AVERAGE,CLEAR,0,33.9,22.2,40.0,SAFE_RANGE,True,45.8,GOOD,160,A,TAMPING,327,False,0,0,307
TRK-0437,ENGINEERING_TRACK,GZB,DER,29.95,30.95,DN,52kg 72UTS,12,314.5,57.6,66.4,83.9,65.4,65.79,AVERAGE,CLEAR,0,54.3,42.2,40.0,SAFE_RANGE,True,3.6,GOOD,130,A,TAMPING,67,False,0,0,353
TRK-0438,ENGINEERING_TRACK,TDL,FZD,222.88,224.82,UP,60kg 90UTS,19,503.8,52.3,58.6,59.7,52.9,54.029999999999994,AVERAGE,OBS,5,38.7,22.5,40.0,SAFE_RANGE,True,63.9,FOULED,160,A,CSM,349,False,0,1,29
TRK-0439,ENGINEERING_TRACK,PHD,CNB,396.97,398.57,UP,60kg 90UTS,13,354.6,52.5,75.1,76.3,75.9,71.17999999999999,AVERAGE,OBS,1,47.8,30.1,40.0,SAFE_RANGE,True,156.3,FOULED,130,A,TAMPING,332,False,0,0,254
TRK-0440,ENGINEERING_TRACK,TDL,FZD,215.75,217.17,DN,60kg 90UTS,3,49.7,65.3,80.9,95.1,77.9,77.4,AVERAGE,OBS,1,39.4,26.9,40.0,SAFE_RANGE,True,117.5,FOULED,160,A,NONE,141,False,0,0,287
TRK-0441,ENGINEERING_TRACK,FZD,ETW,246.07,247.24,DN,60kg 90UTS,24,641.7,34.0,53.0,54.6,48.8,46.839999999999996,POOR,OBS,4,40.3,28.8,40.0,SAFE_RANGE,True,4.2,GOOD,160,A,BCM,125,False,0,1,16
TRK-0442,ENGINEERING_TRACK,ALJN,TDL,203.41,204.96,UP,60kg 90UTS,7,128.4,84.7,88.0,89.4,78.7,81.9,GOOD,CLEAR,0,31.2,20.7,40.0,SAFE_RANGE,True,158.2,SATURATED,160,A,NONE,285,True,30,0,262
TRK-0443,ENGINEERING_TRACK,NDLS,GZB,18.5,19.79,UP,60kg 90UTS,4,81.0,70.1,100.0,92.7,78.0,80.09,GOOD,OBS,1,37.2,22.0,40.0,SAFE_RANGE,True,159.4,SATURATED,130,A,NONE,163,True,45,0,231
TRK-0444,ENGINEERING_TRACK,KRJ,ALJN,117.67,118.83,UP,60kg 90UTS,5,127.7,65.4,89.2,78.5,72.1,73.10999999999999,AVERAGE,CLEAR,0,32.7,22.4,40.0,SAFE_RANGE,True,64.2,GOOD,130,A,TAMPING,171,False,0,0,335
TRK-0445,ENGINEERING_TRACK,ETW,PHD,326.7,328.51,DN,60kg 90UTS,18,430.1,59.9,55.1,50.3,58.6,57.67999999999999,AVERAGE,CLEAR,0,58.8,43.2,40.0,MODERATE_HEAT_EXPANSION,True,31.9,GOOD,160,A,TAMPING,310,False,0,0,247
TRK-0446,ENGINEERING_TRACK,ETW,PHD,335.71,337.16,DN,60kg 90UTS,17,472.5,62.6,59.1,72.5,44.5,52.379999999999995,AVERAGE,OBS,5,38.9,26.1,40.0,SAFE_RANGE,True,97.1,FOULED,160,A,TAMPING,50,False,0,0,240
TRK-0447,ENGINEERING_TRACK,ETW,PHD,317.93,319.05,UP,60kg 90UTS,10,152.1,82.2,81.3,67.9,65.8,70.84,AVERAGE,CLEAR,0,47.7,31.6,40.0,SAFE_RANGE,True,24.5,GOOD,160,A,MANUAL,151,False,0,0,338
TRK-0448,ENGINEERING_TRACK,ETW,PHD,330.43,331.96,DN,60kg 90UTS,25,613.5,46.8,40.9,46.8,43.0,43.93,POOR,IMR,1,54.3,37.9,40.0,SAFE_RANGE,True,107.5,FOULED,160,A,CSM,8,True,60,1,4
TRK-0449,ENGINEERING_TRACK,KRJ,ALJN,102.35,103.69,DN,60kg 90UTS,8,146.1,79.5,99.6,67.5,81.6,81.57000000000001,GOOD,OBS,1,50.3,37.2,40.0,SAFE_RANGE,True,68.1,GOOD,130,A,NONE,139,False,0,0,288
TRK-0450,ENGINEERING_TRACK,GZB,DER,29.64,30.5,DN,60kg 90UTS,10,279.7,65.7,74.8,70.2,65.0,66.64,AVERAGE,CLEAR,0,44.0,31.8,40.0,SAFE_RANGE,True,33.8,GOOD,130,A,TAMPING,40,False,0,0,358
TRK-0451,ENGINEERING_TRACK,DER,KRJ,43.15,43.82,DN,60kg 90UTS,20,481.1,58.5,44.2,65.8,36.8,44.779999999999994,POOR,OBS,5,43.4,30.8,40.0,SAFE_RANGE,True,27.4,FOULED,130,A,TAMPING,278,True,30,1,23
TRK-0452,ENGINEERING_TRACK,DER,KRJ,80.75,81.67,UP,60kg 90UTS,23,546.7,35.7,39.4,53.4,58.1,51.28000000000001,AVERAGE,CLEAR,0,28.9,18.2,40.0,SAFE_RANGE,True,2.7,GOOD,130,A,BCM,116,False,0,0,211
TRK-0453,ENGINEERING_TRACK,TDL,FZD,215.72,217.4,DN,60kg 90UTS,12,291.3,61.1,75.1,82.6,61.0,64.59,AVERAGE,CLEAR,0,51.2,38.6,40.0,SAFE_RANGE,True,151.8,FOULED,160,A,TAMPING,79,False,0,0,288
TRK-0454,ENGINEERING_TRACK,NDLS,GZB,6.4,7.49,DN,60kg 90UTS,6,113.1,79.4,85.3,79.3,78.4,79.38000000000001,AVERAGE,CLEAR,0,56.4,39.9,40.0,MODERATE_HEAT_EXPANSION,True,149.1,FOULED,130,A,NONE,67,False,0,0,353
TRK-0455,ENGINEERING_TRACK,KRJ,ALJN,101.09,103.05,UP,60kg 90UTS,24,837.4,46.6,50.5,68.8,49.0,50.65,AVERAGE,CLEAR,0,39.1,23.2,40.0,SAFE_RANGE,True,16.9,FOULED,130,A,CSM,345,False,0,1,27
TRK-0456,ENGINEERING_TRACK,KRJ,ALJN,105.22,106.74,DN,60kg 90UTS,11,199.9,73.5,80.2,76.6,65.7,69.8,AVERAGE,CLEAR,0,52.9,36.9,40.0,SAFE_RANGE,True,98.9,GOOD,130,A,TAMPING,67,False,0,0,353
TRK-0457,ENGINEERING_TRACK,ALJN,TDL,168.05,169.0,DN,60kg 90UTS,2,64.5,85.0,95.9,75.3,74.4,78.76,AVERAGE,CLEAR,0,34.6,23.7,40.0,SAFE_RANGE,True,113.9,FOULED,160,A,NONE,171,False,0,0,335
TRK-0458,ENGINEERING_TRACK,NDLS,GZB,4.02,4.93,UP,60kg 90UTS,13,400.2,69.9,75.5,65.3,51.2,58.78000000000001,AVERAGE,CLEAR,0,28.5,18.2,40.0,SAFE_RANGE,True,141.0,FOULED,130,A,MANUAL,248,False,0,0,258
TRK-0459,ENGINEERING_TRACK,DER,KRJ,53.71,54.34,UP,60kg 90UTS,16,269.2,55.1,68.0,75.5,77.3,71.75,AVERAGE,CLEAR,0,51.5,34.1,40.0,SAFE_RANGE,True,179.5,SATURATED,130,A,MANUAL,325,True,30,0,255
TRK-0460,ENGINEERING_TRACK,NDLS,GZB,8.53,9.26,UP,52kg 72UTS,5,123.8,80.3,77.6,93.7,91.6,88.14999999999999,GOOD,CLEAR,0,40.7,26.2,40.0,SAFE_RANGE,True,116.0,SATURATED,130,A,NONE,182,True,75,0,280
TRK-0461,ENGINEERING_TRACK,KRJ,ALJN,84.0,85.07,UP,60kg 90UTS,9,296.8,57.9,87.4,78.9,70.8,70.69,AVERAGE,CLEAR,0,44.1,30.6,40.0,SAFE_RANGE,True,53.0,GOOD,130,A,MANUAL,255,False,0,0,320
TRK-0462,ENGINEERING_TRACK,KRJ,ALJN,109.63,110.95,DN,60kg 90UTS,24,584.8,43.7,62.6,61.7,42.9,46.91,POOR,CLEAR,0,55.4,40.6,40.0,MODERATE_HEAT_EXPANSION,True,154.9,SATURATED,130,A,BCM,87,True,30,1,17
TRK-0463,ENGINEERING_TRACK,PHD,CNB,369.71,370.65,DN,60kg 90UTS,18,402.2,64.9,44.9,64.7,57.0,58.14000000000001,AVERAGE,CLEAR,0,33.1,18.0,40.0,SAFE_RANGE,True,68.2,GOOD,130,A,MANUAL,99,False,0,0,284
TRK-0464,ENGINEERING_TRACK,NDLS,GZB,14.87,15.92,UP,52kg 72UTS,11,323.6,78.5,60.6,81.6,51.6,60.879999999999995,AVERAGE,CLEAR,0,49.4,35.1,40.0,SAFE_RANGE,True,69.7,GOOD,130,A,MANUAL,273,False,0,0,254
TRK-0465,ENGINEERING_TRACK,ETW,PHD,343.12,343.85,DN,60kg 90UTS,11,255.2,60.9,80.4,88.3,78.8,76.33,AVERAGE,CLEAR,0,37.2,26.4,40.0,SAFE_RANGE,True,118.6,GOOD,160,A,NONE,27,False,0,0,360
TRK-0466,ENGINEERING_TRACK,DER,KRJ,45.04,45.59,UP,52kg 72UTS,16,301.3,69.3,57.4,66.7,54.6,59.029999999999994,AVERAGE,CLEAR,0,33.9,18.8,40.0,SAFE_RANGE,True,69.9,GOOD,130,A,TAMPING,255,False,0,0,257
TRK-0467,ENGINEERING_TRACK,PHD,CNB,408.17,409.56,UP,60kg 90UTS,12,233.0,66.5,61.1,79.5,72.2,70.68,AVERAGE,CLEAR,0,46.8,36.7,40.0,SAFE_RANGE,True,165.8,FOULED,130,A,TAMPING,340,False,0,0,305
TRK-0468,ENGINEERING_TRACK,ETW,PHD,352.06,353.81,DN,60kg 90UTS,21,340.5,72.8,83.0,66.3,56.0,63.089999999999996,AVERAGE,CLEAR,0,50.0,32.5,40.0,SAFE_RANGE,True,74.9,GOOD,160,A,MANUAL,193,False,0,0,268
TRK-0469,ENGINEERING_TRACK,NDLS,GZB,19.77,20.67,UP,52kg 72UTS,24,393.8,55.0,58.0,62.3,57.4,57.470000000000006,AVERAGE,CLEAR,0,43.5,25.9,40.0,SAFE_RANGE,True,172.9,SATURATED,130,A,TAMPING,54,True,30,0,240
TRK-0470,ENGINEERING_TRACK,KRJ,ALJN,107.99,108.77,UP,60kg 90UTS,19,522.6,48.3,55.2,54.1,59.5,56.29,AVERAGE,CLEAR,0,38.7,22.7,40.0,SAFE_RANGE,True,74.7,FOULED,130,A,TAMPING,59,False,0,0,291
TRK-0471,ENGINEERING_TRACK,TDL,FZD,219.79,221.34,DN,52kg 72UTS,4,73.3,62.8,86.8,77.6,90.2,83.12,GOOD,OBS,1,35.9,22.7,40.0,SAFE_RANGE,True,60.8,GOOD,160,A,NONE,85,False,0,0,297
TRK-0472,ENGINEERING_TRACK,PHD,CNB,438.87,440.03,DN,60kg 90UTS,11,286.0,59.6,70.6,83.0,63.3,65.25999999999999,AVERAGE,CLEAR,0,60.7,43.9,40.0,HIGH_BUCKLING_RISK,False,74.2,GOOD,130,A,TAMPING,329,False,0,0,307
TRK-0473,ENGINEERING_TRACK,FZD,ETW,287.14,288.13,UP,60kg 90UTS,19,492.3,51.1,47.9,68.0,47.8,50.489999999999995,AVERAGE,CLEAR,0,42.2,27.8,40.0,SAFE_RANGE,True,134.0,FOULED,160,A,TAMPING,189,False,0,0,268
TRK-0474,ENGINEERING_TRACK,ETW,PHD,325.61,326.71,UP,60kg 90UTS,10,269.2,38.0,67.2,66.0,50.8,51.4,AVERAGE,CLEAR,0,49.4,31.5,40.0,SAFE_RANGE,True,54.3,GOOD,160,A,CSM,158,False,0,0,274
TRK-0475,ENGINEERING_TRACK,KRJ,ALJN,93.1,94.07,DN,60kg 90UTS,18,454.1,60.8,66.4,62.1,52.5,56.510000000000005,AVERAGE,CLEAR,0,47.4,32.8,40.0,SAFE_RANGE,True,17.0,GOOD,130,A,TAMPING,240,False,0,0,260
TRK-0476,ENGINEERING_TRACK,TDL,FZD,211.5,212.4,UP,60kg 90UTS,8,161.0,89.9,69.2,84.8,63.4,71.42,AVERAGE,CLEAR,0,40.4,25.8,40.0,SAFE_RANGE,True,102.4,SATURATED,160,A,MANUAL,116,True,30,0,292
TRK-0477,ENGINEERING_TRACK,TDL,FZD,221.69,222.45,UP,60kg 90UTS,20,556.9,43.2,38.4,63.6,35.6,40.2,POOR,IMR,1,51.6,37.0,40.0,SAFE_RANGE,True,14.1,FOULED,160,A,TAMPING,33,True,60,1,4
TRK-0478,ENGINEERING_TRACK,TDL,FZD,223.08,224.23,UP,60kg 90UTS,25,488.4,57.3,50.1,72.7,40.4,47.98,POOR,CLEAR,0,49.8,35.0,40.0,SAFE_RANGE,True,2.1,GOOD,160,A,TAMPING,328,False,0,1,29
TRK-0479,ENGINEERING_TRACK,FZD,ETW,230.01,231.3,DN,60kg 90UTS,18,473.4,59.5,69.2,70.8,55.1,58.96,AVERAGE,CLEAR,0,42.1,26.5,40.0,SAFE_RANGE,True,27.6,FOULED,160,A,TAMPING,349,False,0,0,240
TRK-0480,ENGINEERING_TRACK,FZD,ETW,297.86,299.49,UP,60kg 90UTS,8,189.1,54.0,68.2,88.1,74.9,71.37,AVERAGE,CLEAR,0,49.6,38.4,40.0,SAFE_RANGE,True,60.5,GOOD,160,A,MANUAL,248,False,0,0,321
TRK-0481,ENGINEERING_TRACK,NDLS,GZB,13.16,14.05,DN,60kg 90UTS,17,402.7,60.4,75.3,58.9,51.0,56.1,AVERAGE,CLEAR,0,52.2,36.1,40.0,SAFE_RANGE,True,86.6,GOOD,130,A,MANUAL,106,False,0,0,283
TRK-0482,ENGINEERING_TRACK,ETW,PHD,322.74,324.1,UP,60kg 90UTS,8,131.5,85.2,84.2,91.8,65.0,73.64000000000001,AVERAGE,CLEAR,0,50.8,38.2,40.0,SAFE_RANGE,True,166.3,SATURATED,160,A,TAMPING,50,True,30,0,303
TRK-0483,ENGINEERING_TRACK,FZD,ETW,257.34,258.36,DN,60kg 90UTS,12,322.5,46.9,62.3,65.3,70.6,64.5,AVERAGE,CLEAR,0,31.0,18.6,40.0,SAFE_RANGE,True,177.8,FOULED,160,A,TAMPING,320,False,0,0,246
TRK-0484,ENGINEERING_TRACK,ETW,PHD,335.28,336.44,UP,60kg 90UTS,7,201.0,74.4,65.4,71.5,84.4,79.21000000000001,AVERAGE,CLEAR,0,37.9,22.1,40.0,SAFE_RANGE,True,15.4,GOOD,160,A,NONE,32,False,0,0,359
TRK-0485,ENGINEERING_TRACK,KRJ,ALJN,127.6,129.49,DN,52kg 72UTS,1,21.9,79.4,66.4,80.2,100.0,90.54,GOOD,CLEAR,0,51.3,38.9,40.0,SAFE_RANGE,True,84.8,GOOD,130,A,NONE,174,False,0,0,334
TRK-0486,ENGINEERING_TRACK,KRJ,ALJN,117.78,118.6,DN,60kg 90UTS,18,443.9,65.5,47.3,65.6,64.3,62.96999999999999,AVERAGE,CLEAR,0,48.1,37.0,40.0,SAFE_RANGE,True,125.8,SATURATED,130,A,TAMPING,14,True,75,0,247
TRK-0487,ENGINEERING_TRACK,PHD,CNB,360.57,361.33,DN,60kg 90UTS,7,215.5,53.9,84.9,76.0,78.6,74.03,AVERAGE,CLEAR,0,44.5,34.1,40.0,SAFE_RANGE,True,117.9,SATURATED,130,A,TAMPING,9,True,30,0,310
TRK-0488,ENGINEERING_TRACK,FZD,ETW,274.87,276.36,DN,60kg 90UTS,4,61.5,86.9,87.1,91.5,92.3,90.61999999999999,GOOD,CLEAR,0,55.8,40.6,40.0,MODERATE_HEAT_EXPANSION,True,41.6,GOOD,160,A,NONE,199,False,0,0,330
TRK-0489,ENGINEERING_TRACK,PHD,CNB,437.08,437.73,DN,52kg 72UTS,16,517.4,41.7,48.1,69.3,64.1,58.54,AVERAGE,OBS,5,31.9,20.3,40.0,SAFE_RANGE,True,174.0,GOOD,130,A,MANUAL,292,False,0,0,198
TRK-0490,ENGINEERING_TRACK,NDLS,GZB,0.95,2.83,DN,60kg 90UTS,11,272.8,73.5,90.1,67.1,63.1,68.28,AVERAGE,CLEAR,0,47.5,37.4,40.0,SAFE_RANGE,True,123.2,SATURATED,130,A,MANUAL,186,True,60,0,279
TRK-0491,ENGINEERING_TRACK,KRJ,ALJN,129.81,131.78,DN,60kg 90UTS,2,55.0,79.2,75.8,93.8,89.4,86.44000000000001,GOOD,CLEAR,0,57.9,40.8,40.0,MODERATE_HEAT_EXPANSION,True,146.7,GOOD,130,A,NONE,20,False,0,0,361
TRK-0492,ENGINEERING_TRACK,PHD,CNB,434.83,435.67,DN,60kg 90UTS,13,365.8,47.6,57.3,68.9,57.4,56.58,AVERAGE,CLEAR,0,33.4,20.3,40.0,SAFE_RANGE,True,172.9,SATURATED,130,A,TAMPING,318,True,45,0,193
TRK-0493,ENGINEERING_TRACK,FZD,ETW,243.79,244.52,DN,60kg 90UTS,20,431.7,57.2,52.2,76.2,39.9,48.22,POOR,OBS,5,36.6,21.4,40.0,SAFE_RANGE,True,104.6,FOULED,160,A,CSM,355,False,0,1,21
TRK-0494,ENGINEERING_TRACK,KRJ,ALJN,123.54,124.5,UP,60kg 90UTS,14,488.8,52.1,59.8,70.0,52.7,55.02,AVERAGE,IMR,2,49.6,35.1,40.0,SAFE_RANGE,True,28.4,FOULED,130,A,TAMPING,39,True,30,1,22
TRK-0495,ENGINEERING_TRACK,DER,KRJ,51.29,53.11,UP,60kg 90UTS,25,534.3,41.2,37.8,68.5,60.0,54.870000000000005,AVERAGE,OBS,4,55.4,43.0,40.0,MODERATE_HEAT_EXPANSION,True,134.2,GOOD,130,A,TAMPING,331,False,0,1,20
TRK-0496,ENGINEERING_TRACK,ALJN,TDL,142.7,143.48,UP,60kg 90UTS,6,93.1,96.1,89.1,92.9,87.7,90.03999999999999,GOOD,CLEAR,0,58.5,43.6,40.0,MODERATE_HEAT_EXPANSION,True,109.0,FOULED,160,A,NONE,318,False,0,0,309
TRK-0497,ENGINEERING_TRACK,KRJ,ALJN,111.03,111.88,UP,60kg 90UTS,12,199.1,59.9,79.9,95.1,61.9,66.61999999999999,AVERAGE,CLEAR,0,49.4,38.3,40.0,SAFE_RANGE,True,152.3,FOULED,130,A,TAMPING,245,False,0,0,322
TRK-0498,ENGINEERING_TRACK,TDL,FZD,211.94,213.02,DN,52kg 72UTS,5,91.4,78.4,72.4,93.6,100.0,92.28,GOOD,CLEAR,0,37.2,23.9,40.0,SAFE_RANGE,True,174.4,GOOD,160,A,NONE,143,False,0,0,339
TRK-0499,ENGINEERING_TRACK,FZD,ETW,242.47,243.98,UP,60kg 90UTS,25,477.3,65.0,80.6,67.4,39.9,51.739999999999995,AVERAGE,IMR,2,60.0,42.1,40.0,MODERATE_HEAT_EXPANSION,True,156.1,GOOD,160,A,BCM,255,True,60,1,17
TRK-0500,ENGINEERING_TRACK,ETW,PHD,349.82,350.96,UP,60kg 90UTS,20,594.1,37.0,39.6,62.0,46.8,45.64,POOR,IMR,4,49.9,36.7,40.0,SAFE_RANGE,True,169.0,SATURATED,160,A,TAMPING,297,True,30,1,1
TRK-0501,ENGINEERING_TRACK,PHD,CNB,365.96,367.15,UP,60kg 90UTS,8,203.0,66.3,96.8,82.9,62.6,68.78999999999999,AVERAGE,CLEAR,0,44.2,28.3,40.0,SAFE_RANGE,True,100.4,FOULED,130,A,MANUAL,269,False,0,0,317
TRK-0502,ENGINEERING_TRACK,NDLS,GZB,4.56,5.72,DN,60kg 90UTS,25,788.8,41.3,48.4,61.1,54.1,51.67,AVERAGE,OBS,4,34.7,22.3,40.0,SAFE_RANGE,True,165.4,SATURATED,130,A,BCM,358,True,45,1,12
TRK-0503,ENGINEERING_TRACK,ETW,PHD,346.64,347.82,UP,60kg 90UTS,6,183.4,50.2,64.6,81.0,63.4,62.64,AVERAGE,OBS,1,58.0,42.4,40.0,MODERATE_HEAT_EXPANSION,True,24.4,GOOD,160,A,TAMPING,216,False,0,0,211
TRK-0504,ENGINEERING_TRACK,TDL,FZD,216.21,216.98,UP,60kg 90UTS,15,252.1,69.0,50.7,79.0,58.6,61.92999999999999,AVERAGE,OBS,1,41.6,26.4,40.0,SAFE_RANGE,True,128.1,FOULED,160,A,TAMPING,88,False,0,0,234
TRK-0505,ENGINEERING_TRACK,GZB,DER,26.0,27.56,DN,60kg 90UTS,3,76.4,62.0,69.6,79.9,100.0,87.35,GOOD,CLEAR,0,44.3,28.0,40.0,SAFE_RANGE,True,92.1,GOOD,130,A,NONE,86,False,0,0,349
TRK-0506,ENGINEERING_TRACK,FZD,ETW,266.73,267.3,UP,60kg 90UTS,11,289.4,69.7,71.0,72.5,53.8,60.56999999999999,AVERAGE,CLEAR,0,46.3,35.1,40.0,SAFE_RANGE,True,156.4,SATURATED,160,A,TAMPING,96,True,30,0,232
TRK-0507,ENGINEERING_TRACK,FZD,ETW,248.8,250.4,DN,60kg 90UTS,10,275.3,63.8,60.9,78.0,59.4,62.29,AVERAGE,CLEAR,0,32.2,21.1,40.0,SAFE_RANGE,True,36.5,GOOD,160,A,TAMPING,323,False,0,0,245
TRK-0508,ENGINEERING_TRACK,ALJN,TDL,131.94,133.19,DN,60kg 90UTS,18,560.7,57.6,55.0,42.5,55.9,54.80999999999999,AVERAGE,IMR,5,52.9,41.0,40.0,SAFE_RANGE,True,106.0,SATURATED,160,A,CSM,248,True,75,1,1
TRK-0509,ENGINEERING_TRACK,FZD,ETW,258.7,260.1,UP,60kg 90UTS,8,261.1,65.6,79.5,68.6,63.3,65.91,AVERAGE,CLEAR,0,40.2,25.2,40.0,SAFE_RANGE,True,147.6,FOULED,160,A,TAMPING,111,False,0,0,345
TRK-0510,ENGINEERING_TRACK,NDLS,GZB,4.44,5.02,DN,60kg 90UTS,2,35.8,94.6,88.9,87.5,75.2,81.68,GOOD,CLEAR,0,33.4,18.8,40.0,SAFE_RANGE,True,108.6,SATURATED,130,A,NONE,174,True,30,0,282
TRK-0511,ENGINEERING_TRACK,NDLS,GZB,2.61,4.6,UP,60kg 90UTS,22,455.1,56.6,58.2,66.9,28.8,41.11,POOR,OBS,5,47.4,32.9,40.0,SAFE_RANGE,True,173.9,SATURATED,130,A,TAMPING,301,True,60,1,14
TRK-0512,ENGINEERING_TRACK,NDLS,GZB,2.24,3.19,DN,60kg 90UTS,13,408.3,51.0,58.1,82.1,49.1,53.67999999999999,AVERAGE,CLEAR,0,54.4,37.7,40.0,SAFE_RANGE,True,11.7,GOOD,130,A,BCM,246,False,0,0,258
TRK-0513,ENGINEERING_TRACK,DER,KRJ,42.49,44.28,DN,52kg 72UTS,17,395.7,45.7,57.6,62.1,57.5,55.61,AVERAGE,CLEAR,0,35.2,23.5,40.0,SAFE_RANGE,True,10.5,GOOD,130,A,MANUAL,297,False,0,0,250
TRK-0514,ENGINEERING_TRACK,PHD,CNB,437.95,439.18,DN,60kg 90UTS,14,380.5,71.0,58.3,78.0,61.5,64.72999999999999,AVERAGE,CLEAR,0,40.4,26.2,40.0,SAFE_RANGE,True,179.1,SATURATED,130,A,TAMPING,186,True,45,0,216
TRK-0515,ENGINEERING_TRACK,ETW,PHD,329.58,331.03,DN,60kg 90UTS,6,196.0,72.5,81.4,67.8,77.3,75.8,AVERAGE,CLEAR,0,36.4,24.1,40.0,SAFE_RANGE,True,34.8,GOOD,160,A,NONE,65,False,0,0,353
TRK-0516,ENGINEERING_TRACK,NDLS,GZB,11.16,12.86,UP,60kg 90UTS,20,699.6,59.0,55.5,42.6,45.3,48.79,POOR,OBS,4,32.0,19.2,40.0,SAFE_RANGE,True,145.1,GOOD,130,A,BCM,113,False,0,1,17
TRK-0517,ENGINEERING_TRACK,NDLS,GZB,15.37,16.91,DN,60kg 90UTS,3,63.5,75.6,78.5,82.0,80.2,79.29,AVERAGE,CLEAR,0,43.8,31.2,40.0,SAFE_RANGE,True,1.1,GOOD,130,A,NONE,356,False,0,0,302
TRK-0518,ENGINEERING_TRACK,TDL,FZD,214.46,216.05,UP,60kg 90UTS,6,113.3,53.7,77.4,81.8,80.0,74.66,AVERAGE,CLEAR,0,57.1,39.7,40.0,MODERATE_HEAT_EXPANSION,True,86.2,GOOD,160,A,TAMPING,247,False,0,0,321
TRK-0519,ENGINEERING_TRACK,NDLS,GZB,15.5,16.72,DN,60kg 90UTS,18,592.5,62.5,69.4,56.7,54.8,57.989999999999995,AVERAGE,IMR,4,51.7,38.4,40.0,SAFE_RANGE,True,133.7,GOOD,130,A,CSM,271,True,60,1,6
TRK-0520,ENGINEERING_TRACK,TDL,FZD,217.88,218.41,DN,60kg 90UTS,12,195.9,73.7,62.2,75.3,73.6,72.65,AVERAGE,OBS,1,38.6,21.9,40.0,SAFE_RANGE,True,61.0,GOOD,160,A,MANUAL,197,False,0,0,278
TRK-0521,ENGINEERING_TRACK,PHD,CNB,426.08,427.44,DN,60kg 90UTS,6,161.4,57.9,79.0,83.1,76.0,73.39,AVERAGE,CLEAR,0,56.5,40.5,40.0,MODERATE_HEAT_EXPANSION,True,126.9,FOULED,130,A,TAMPING,166,False,0,0,335
TRK-0522,ENGINEERING_TRACK,NDLS,GZB,6.52,7.15,UP,60kg 90UTS,12,288.5,54.6,87.4,52.0,62.6,62.42,AVERAGE,CLEAR,0,54.4,42.7,40.0,SAFE_RANGE,True,54.4,GOOD,130,A,TAMPING,62,False,0,0,291
TRK-0523,ENGINEERING_TRACK,TDL,FZD,221.56,223.23,UP,60kg 90UTS,15,376.8,75.2,70.8,60.6,43.6,54.34000000000001,AVERAGE,CLEAR,0,56.0,38.8,40.0,MODERATE_HEAT_EXPANSION,True,27.7,GOOD,160,A,CSM,179,False,0,0,270
TRK-0524,ENGINEERING_TRACK,ETW,PHD,341.28,342.57,DN,60kg 90UTS,5,151.9,81.1,88.8,69.9,100.0,92.09,GOOD,OBS,1,38.5,20.6,40.0,SAFE_RANGE,True,92.9,GOOD,160,A,NONE,72,False,0,0,299
TRK-0525,ENGINEERING_TRACK,KRJ,ALJN,117.05,118.24,UP,60kg 90UTS,1,21.2,74.6,73.5,92.8,81.0,80.15,GOOD,CLEAR,0,35.9,19.1,40.0,SAFE_RANGE,True,156.9,FOULED,130,A,NONE,175,False,0,0,334
TRK-0526,ENGINEERING_TRACK,ETW,PHD,349.91,350.56,DN,60kg 90UTS,1,26.6,86.5,85.7,92.5,78.8,82.4,GOOD,CLEAR,0,43.2,26.1,40.0,SAFE_RANGE,True,57.8,GOOD,160,A,NONE,103,False,0,0,346
TRK-0527,ENGINEERING_TRACK,ALJN,TDL,152.3,153.28,DN,60kg 90UTS,22,381.8,76.7,46.3,71.2,64.0,65.49,AVERAGE,IMR,2,33.0,22.1,40.0,SAFE_RANGE,True,172.5,GOOD,160,A,TAMPING,291,True,30,1,25
TRK-0528,ENGINEERING_TRACK,KRJ,ALJN,108.5,109.82,DN,60kg 90UTS,5,169.3,86.5,55.1,84.1,49.2,60.74000000000001,AVERAGE,OBS,1,53.5,38.9,40.0,SAFE_RANGE,True,30.8,GOOD,130,A,TAMPING,164,False,0,0,220
TRK-0529,ENGINEERING_TRACK,TDL,FZD,217.65,218.23,UP,60kg 90UTS,16,529.1,39.7,51.7,70.1,37.3,42.5,POOR,OBS,1,31.2,20.8,40.0,SAFE_RANGE,True,76.8,FOULED,160,A,BCM,96,True,75,1,17
TRK-0530,ENGINEERING_TRACK,TDL,FZD,214.0,215.73,UP,60kg 90UTS,25,757.2,33.2,52.6,75.6,30.4,37.7,POOR,OBS,5,37.9,21.4,40.0,SAFE_RANGE,True,165.5,FOULED,160,A,TAMPING,244,True,30,1,13
TRK-0531,ENGINEERING_TRACK,ETW,PHD,318.07,319.54,DN,60kg 90UTS,16,314.1,76.1,61.9,58.7,68.4,68.32000000000001,AVERAGE,CLEAR,0,40.7,23.8,40.0,SAFE_RANGE,True,111.0,SATURATED,160,A,MANUAL,191,True,75,0,279
TRK-0532,ENGINEERING_TRACK,DER,KRJ,68.48,69.98,DN,60kg 90UTS,15,371.3,57.6,88.9,65.2,53.9,59.27,AVERAGE,CLEAR,0,30.6,19.7,40.0,SAFE_RANGE,True,86.2,GOOD,130,A,TAMPING,92,False,0,0,285
TRK-0533,ENGINEERING_TRACK,ALJN,TDL,190.13,191.54,UP,60kg 90UTS,17,290.0,47.3,69.3,78.2,66.9,64.35,AVERAGE,CLEAR,0,55.7,39.3,40.0,MODERATE_HEAT_EXPANSION,True,58.7,GOOD,160,A,TAMPING,337,False,0,0,243
TRK-0534,ENGINEERING_TRACK,GZB,DER,33.72,35.02,DN,60kg 90UTS,19,442.1,64.1,81.2,68.8,29.9,45.76,POOR,IMR,5,35.6,24.3,40.0,SAFE_RANGE,True,86.8,GOOD,130,A,CSM,38,True,60,1,14
TRK-0535,ENGINEERING_TRACK,KRJ,ALJN,121.25,122.64,DN,52kg 72UTS,19,584.2,55.4,52.8,65.9,49.0,52.35,AVERAGE,OBS,5,47.4,36.0,40.0,SAFE_RANGE,True,120.5,SATURATED,130,A,TAMPING,298,True,75,1,13
TRK-0536,ENGINEERING_TRACK,GZB,DER,31.51,32.7,UP,60kg 90UTS,15,277.9,60.8,62.5,68.8,59.1,60.75,AVERAGE,CLEAR,0,53.5,42.9,40.0,SAFE_RANGE,True,19.6,GOOD,130,A,TAMPING,310,False,0,0,247
TRK-0537,ENGINEERING_TRACK,FZD,ETW,250.23,251.7,UP,60kg 90UTS,3,58.1,100.0,72.1,87.2,69.0,77.33,AVERAGE,CLEAR,0,36.2,21.6,40.0,SAFE_RANGE,True,135.9,FOULED,160,A,NONE,5,False,0,0,364
TRK-0538,ENGINEERING_TRACK,DER,KRJ,66.74,67.92,DN,60kg 90UTS,13,355.0,74.7,77.3,68.4,71.1,72.17,AVERAGE,CLEAR,0,41.2,29.6,40.0,SAFE_RANGE,True,157.9,SATURATED,130,A,TAMPING,158,True,60,0,284
TRK-0539,ENGINEERING_TRACK,FZD,ETW,279.12,280.99,UP,52kg 72UTS,19,288.1,72.3,66.1,71.0,70.3,70.35,AVERAGE,CLEAR,0,56.8,43.6,40.0,MODERATE_HEAT_EXPANSION,True,23.0,GOOD,160,A,TAMPING,155,False,0,0,337
TRK-0540,ENGINEERING_TRACK,NDLS,GZB,8.86,10.18,UP,52kg 72UTS,1,29.1,100.0,86.2,94.6,76.1,83.73999999999998,GOOD,CLEAR,0,52.2,39.3,40.0,SAFE_RANGE,True,155.0,FOULED,130,A,NONE,20,False,0,0,361
TRK-0541,ENGINEERING_TRACK,KRJ,ALJN,103.29,104.68,DN,60kg 90UTS,23,521.1,55.9,56.9,67.6,42.5,49.129999999999995,POOR,IMR,4,41.0,29.3,40.0,SAFE_RANGE,True,31.2,FOULED,130,A,TAMPING,76,True,45,1,13
TRK-0542,ENGINEERING_TRACK,PHD,CNB,388.54,390.43,DN,60kg 90UTS,5,103.8,81.9,73.2,88.2,95.0,89.52000000000001,GOOD,CLEAR,0,51.7,40.7,40.0,SAFE_RANGE,True,2.1,GOOD,130,A,NONE,336,False,0,0,306
TRK-0543,ENGINEERING_TRACK,NDLS,GZB,3.46,5.29,DN,60kg 90UTS,5,83.5,72.6,64.9,95.5,87.8,83.24,GOOD,CLEAR,0,48.0,34.7,40.0,SAFE_RANGE,True,82.1,GOOD,130,A,NONE,314,False,0,0,310
TRK-0544,ENGINEERING_TRACK,FZD,ETW,272.12,273.3,DN,60kg 90UTS,18,565.2,39.0,45.8,57.9,47.2,46.49,POOR,OBS,4,38.7,27.2,40.0,SAFE_RANGE,True,108.8,SATURATED,160,A,TAMPING,300,True,75,1,5
TRK-0545,ENGINEERING_TRACK,KRJ,ALJN,116.47,117.37,DN,60kg 90UTS,2,69.1,65.3,72.1,85.8,73.9,73.19000000000001,AVERAGE,CLEAR,0,48.4,32.8,40.0,SAFE_RANGE,True,20.4,GOOD,130,A,TAMPING,251,False,0,0,321
TRK-0546,ENGINEERING_TRACK,GZB,DER,26.56,28.16,DN,60kg 90UTS,15,380.1,62.2,66.1,74.1,55.1,59.52,AVERAGE,CLEAR,0,46.5,31.6,40.0,SAFE_RANGE,True,44.1,GOOD,130,A,MANUAL,327,False,0,0,244
TRK-0547,ENGINEERING_TRACK,GZB,DER,32.52,33.83,DN,60kg 90UTS,20,321.1,66.9,69.1,62.2,75.8,71.99,AVERAGE,OBS,3,42.0,31.9,40.0,SAFE_RANGE,True,81.7,GOOD,130,A,TAMPING,245,False,0,0,269
TRK-0548,ENGINEERING_TRACK,TDL,FZD,215.74,217.68,DN,60kg 90UTS,10,183.5,69.2,69.1,82.3,76.3,74.75999999999999,AVERAGE,CLEAR,0,50.9,36.1,40.0,SAFE_RANGE,True,54.7,GOOD,160,A,MANUAL,293,False,0,0,313
TRK-0549,ENGINEERING_TRACK,ALJN,TDL,135.73,136.94,UP,60kg 90UTS,19,304.6,76.7,76.5,78.8,60.4,67.10999999999999,AVERAGE,CLEAR,0,60.2,43.7,40.0,HIGH_BUCKLING_RISK,False,112.4,SATURATED,160,A,MANUAL,151,True,75,0,286
TRK-0550,ENGINEERING_TRACK,GZB,DER,26.4,27.02,DN,60kg 90UTS,9,158.9,79.9,74.3,79.1,92.9,87.06000000000002,GOOD,CLEAR,0,42.2,25.3,40.0,SAFE_RANGE,True,2.6,GOOD,130,A,NONE,62,False,0,0,354
TRK-0551,ENGINEERING_TRACK,DER,KRJ,77.96,79.57,DN,60kg 90UTS,12,373.9,63.5,61.0,57.4,61.9,61.67999999999999,AVERAGE,CLEAR,0,40.4,24.8,40.0,SAFE_RANGE,True,87.3,GOOD,130,A,TAMPING,275,False,0,0,253
TRK-0552,ENGINEERING_TRACK,NDLS,GZB,8.23,8.86,UP,60kg 90UTS,20,673.6,57.8,48.5,59.3,52.4,53.779999999999994,AVERAGE,CLEAR,0,36.0,22.0,40.0,SAFE_RANGE,True,178.8,SATURATED,130,A,TAMPING,201,True,45,1,23
TRK-0553,ENGINEERING_TRACK,ETW,PHD,340.93,341.68,DN,60kg 90UTS,2,55.7,90.0,81.3,82.2,85.4,85.59,GOOD,CLEAR,0,48.5,37.6,40.0,SAFE_RANGE,True,30.2,GOOD,160,A,NONE,209,False,0,0,328
TRK-0554,ENGINEERING_TRACK,ETW,PHD,317.58,319.2,UP,52kg 72UTS,13,372.7,70.8,78.9,60.9,51.5,59.04,AVERAGE,OBS,1,40.2,28.1,40.0,SAFE_RANGE,True,95.5,GOOD,160,A,TAMPING,227,False,0,0,209
TRK-0555,ENGINEERING_TRACK,NDLS,GZB,6.93,8.63,DN,60kg 90UTS,22,468.9,43.5,55.3,62.8,50.5,50.81,AVERAGE,IMR,5,46.1,35.8,40.0,SAFE_RANGE,True,165.2,FOULED,130,A,BCM,331,True,60,1,15
TRK-0556,ENGINEERING_TRACK,FZD,ETW,271.18,272.66,DN,60kg 90UTS,11,224.5,42.8,83.2,77.0,80.8,73.05999999999999,AVERAGE,CLEAR,0,50.9,38.9,40.0,SAFE_RANGE,True,105.2,GOOD,160,A,MANUAL,241,False,0,0,322
TRK-0557,ENGINEERING_TRACK,KRJ,ALJN,117.51,118.89,UP,60kg 90UTS,17,369.7,62.5,59.0,56.0,77.6,70.55999999999999,AVERAGE,CLEAR,0,47.3,35.9,40.0,SAFE_RANGE,True,98.6,GOOD,130,A,MANUAL,349,False,0,0,303
TRK-0558,ENGINEERING_TRACK,NDLS,GZB,19.96,20.48,UP,60kg 90UTS,17,290.3,70.6,80.3,63.5,42.5,54.0,AVERAGE,CLEAR,0,41.4,29.6,40.0,SAFE_RANGE,True,51.0,GOOD,130,A,TAMPING,103,False,0,0,283
TRK-0559,ENGINEERING_TRACK,NDLS,GZB,0.57,1.21,UP,60kg 90UTS,20,555.2,57.0,36.1,57.6,47.3,49.14999999999999,POOR,IMR,1,35.0,20.2,40.0,SAFE_RANGE,True,67.7,GOOD,130,A,CSM,336,True,45,1,1
TRK-0560,ENGINEERING_TRACK,GZB,DER,32.65,33.53,DN,60kg 90UTS,22,741.9,30.9,45.9,58.8,50.8,47.129999999999995,POOR,CLEAR,0,52.0,34.6,40.0,SAFE_RANGE,True,49.7,GOOD,130,A,CSM,223,False,0,1,21
TRK-0561,ENGINEERING_TRACK,TDL,FZD,213.12,214.79,DN,60kg 90UTS,25,406.2,56.7,69.7,66.6,47.1,53.230000000000004,AVERAGE,OBS,4,37.1,26.6,40.0,SAFE_RANGE,True,172.0,FOULED,160,A,TAMPING,140,False,0,0,225
TRK-0562,ENGINEERING_TRACK,DER,KRJ,56.83,58.07,UP,60kg 90UTS,20,457.1,53.5,54.5,58.7,64.9,60.96,AVERAGE,OBS,4,35.1,20.8,40.0,SAFE_RANGE,True,77.6,FOULED,130,A,TAMPING,319,False,0,0,193
TRK-0563,ENGINEERING_TRACK,GZB,DER,35.04,36.61,UP,52kg 72UTS,2,32.9,80.7,100.0,88.0,86.7,86.96000000000001,GOOD,OBS,1,44.9,32.9,40.0,SAFE_RANGE,True,80.3,GOOD,130,A,NONE,259,False,0,0,267
TRK-0564,ENGINEERING_TRACK,DER,KRJ,66.38,66.88,UP,60kg 90UTS,22,501.8,54.0,40.0,63.0,45.2,48.220000000000006,POOR,OBS,2,53.4,36.2,40.0,SAFE_RANGE,True,103.4,GOOD,130,A,BCM,268,False,0,1,23
TRK-0565,ENGINEERING_TRACK,ETW,PHD,327.3,328.41,UP,60kg 90UTS,18,351.3,56.3,76.0,61.0,53.5,57.06,AVERAGE,CLEAR,0,43.5,28.0,40.0,SAFE_RANGE,True,140.4,GOOD,160,A,TAMPING,67,False,0,0,290
TRK-0566,ENGINEERING_TRACK,PHD,CNB,433.67,434.71,DN,60kg 90UTS,13,209.4,64.4,58.1,85.1,68.3,68.17999999999999,AVERAGE,OBS,1,59.1,43.9,40.0,MODERATE_HEAT_EXPANSION,True,65.8,GOOD,130,A,TAMPING,179,False,0,0,281
TRK-0567,ENGINEERING_TRACK,GZB,DER,34.25,35.89,DN,60kg 90UTS,21,400.3,56.8,59.4,58.3,46.3,50.91,AVERAGE,CLEAR,0,50.1,32.4,40.0,SAFE_RANGE,True,118.9,SATURATED,130,A,CSM,158,True,75,0,221
TRK-0568,ENGINEERING_TRACK,GZB,DER,31.94,32.98,UP,60kg 90UTS,21,499.0,53.5,69.4,65.6,46.9,52.339999999999996,AVERAGE,CLEAR,0,33.2,22.9,40.0,SAFE_RANGE,True,4.6,FOULED,130,A,CSM,308,False,0,0,248
TRK-0569,ENGINEERING_TRACK,KRJ,ALJN,105.99,106.58,DN,60kg 90UTS,16,410.9,56.0,64.1,58.1,47.1,51.67999999999999,AVERAGE,CLEAR,0,53.3,39.7,40.0,SAFE_RANGE,True,179.3,FOULED,130,A,BCM,23,False,0,0,297
TRK-0570,ENGINEERING_TRACK,TDL,FZD,209.9,211.58,UP,60kg 90UTS,13,225.7,61.0,78.8,77.1,50.5,58.089999999999996,AVERAGE,CLEAR,0,54.3,39.0,40.0,SAFE_RANGE,True,82.5,GOOD,160,A,MANUAL,352,False,0,0,240
TRK-0571,ENGINEERING_TRACK,PHD,CNB,369.21,370.58,UP,60kg 90UTS,2,59.4,82.7,72.3,84.8,74.4,76.89000000000001,AVERAGE,CLEAR,0,40.9,30.7,40.0,SAFE_RANGE,True,163.3,GOOD,130,A,NONE,321,False,0,0,308
TRK-0572,ENGINEERING_TRACK,NDLS,GZB,5.82,7.29,UP,60kg 90UTS,6,165.9,70.1,76.3,77.1,62.5,66.86,AVERAGE,OBS,1,58.1,41.5,40.0,MODERATE_HEAT_EXPANSION,True,17.5,GOOD,130,A,TAMPING,317,False,0,0,257
TRK-0573,ENGINEERING_TRACK,DER,KRJ,74.59,75.19,UP,60kg 90UTS,4,99.8,91.5,76.0,93.8,64.3,73.85999999999999,AVERAGE,CLEAR,0,50.6,38.8,40.0,SAFE_RANGE,True,144.8,GOOD,130,A,MANUAL,223,False,0,0,325
TRK-0574,ENGINEERING_TRACK,TDL,FZD,221.98,223.95,DN,52kg 72UTS,11,191.6,75.0,84.5,68.8,61.5,67.22999999999999,AVERAGE,CLEAR,0,50.2,35.8,40.0,SAFE_RANGE,True,57.9,GOOD,160,A,TAMPING,114,False,0,0,345
TRK-0575,ENGINEERING_TRACK,NDLS,GZB,14.23,15.23,UP,60kg 90UTS,9,160.4,86.7,81.6,72.9,71.7,75.81,AVERAGE,CLEAR,0,44.4,28.8,40.0,SAFE_RANGE,True,99.6,GOOD,130,A,NONE,229,False,0,0,324
TRK-0576,ENGINEERING_TRACK,KRJ,ALJN,126.51,127.07,UP,60kg 90UTS,21,572.2,56.6,38.0,69.5,54.2,54.59000000000001,AVERAGE,OBS,2,32.3,18.4,40.0,SAFE_RANGE,True,1.1,FOULED,130,A,CSM,96,False,0,1,26
TRK-0577,ENGINEERING_TRACK,GZB,DER,32.77,34.16,DN,60kg 90UTS,14,404.2,52.8,67.3,76.8,46.6,52.92999999999999,AVERAGE,CLEAR,0,52.4,38.6,40.0,SAFE_RANGE,True,22.8,FOULED,130,A,CSM,78,False,0,0,288
TRK-0578,ENGINEERING_TRACK,ALJN,TDL,171.28,172.4,UP,60kg 90UTS,20,576.7,32.6,57.4,50.6,43.7,43.540000000000006,POOR,CLEAR,0,49.2,33.5,40.0,SAFE_RANGE,True,110.2,FOULED,160,A,CSM,50,True,60,1,26
TRK-0579,ENGINEERING_TRACK,TDL,FZD,215.7,217.04,UP,52kg 72UTS,4,138.9,75.7,77.0,78.9,69.0,72.13,AVERAGE,OBS,1,58.4,43.4,40.0,MODERATE_HEAT_EXPANSION,True,155.3,FOULED,160,A,MANUAL,281,False,0,0,263
TRK-0580,ENGINEERING_TRACK,PHD,CNB,374.98,376.64,UP,60kg 90UTS,9,144.6,78.6,95.4,82.7,85.8,85.00999999999999,GOOD,CLEAR,0,32.1,20.9,40.0,SAFE_RANGE,True,151.9,FOULED,130,A,NONE,247,False,0,0,321
TRK-0581,ENGINEERING_TRACK,ETW,PHD,310.7,312.21,UP,60kg 90UTS,2,55.8,78.8,90.4,97.4,75.6,79.9,AVERAGE,CLEAR,0,38.9,25.4,40.0,SAFE_RANGE,True,60.2,GOOD,160,A,NONE,237,False,0,0,323
TRK-0582,ENGINEERING_TRACK,NDLS,GZB,2.51,3.09,UP,52kg 72UTS,6,184.3,78.9,91.4,77.3,56.4,66.49,AVERAGE,CLEAR,0,41.5,30.6,40.0,SAFE_RANGE,True,161.1,SATURATED,130,A,MANUAL,232,True,60,0,271
TRK-0583,ENGINEERING_TRACK,FZD,ETW,240.71,242.23,DN,60kg 90UTS,8,244.6,71.7,71.5,71.1,39.9,52.54,AVERAGE,CLEAR,0,37.3,26.5,40.0,SAFE_RANGE,True,132.8,SATURATED,160,A,BCM,107,True,75,0,230
TRK-0584,ENGINEERING_TRACK,KRJ,ALJN,86.46,87.84,UP,60kg 90UTS,14,250.6,62.9,82.8,84.6,66.3,69.1,AVERAGE,CLEAR,0,55.7,42.1,40.0,MODERATE_HEAT_EXPANSION,True,69.7,GOOD,130,A,MANUAL,74,False,0,0,352
TRK-0585,ENGINEERING_TRACK,ETW,PHD,340.59,342.04,DN,52kg 72UTS,7,152.0,88.8,85.5,84.6,79.2,82.29,GOOD,CLEAR,0,33.3,18.8,40.0,SAFE_RANGE,True,50.5,GOOD,160,A,NONE,61,False,0,0,354
TRK-0586,ENGINEERING_TRACK,ETW,PHD,326.22,326.98,DN,60kg 90UTS,8,261.8,84.2,62.0,87.6,64.5,70.5,AVERAGE,CLEAR,0,50.0,33.7,40.0,SAFE_RANGE,True,114.8,SATURATED,160,A,TAMPING,318,True,45,0,256
TRK-0587,ENGINEERING_TRACK,PHD,CNB,427.11,427.74,DN,60kg 90UTS,7,187.8,58.3,78.3,87.1,64.4,66.84,AVERAGE,CLEAR,0,52.0,39.8,40.0,SAFE_RANGE,True,131.4,FOULED,130,A,MANUAL,131,False,0,0,342
TRK-0588,ENGINEERING_TRACK,KRJ,ALJN,98.38,99.75,UP,60kg 90UTS,19,626.3,44.1,55.5,62.6,43.4,46.669999999999995,POOR,OBS,4,53.8,43.5,40.0,SAFE_RANGE,True,84.7,FOULED,130,A,CSM,263,False,0,1,13
TRK-0589,ENGINEERING_TRACK,NDLS,GZB,10.22,11.31,UP,60kg 90UTS,15,373.6,57.5,61.0,75.9,64.5,63.89,AVERAGE,CLEAR,0,36.2,20.2,40.0,SAFE_RANGE,True,124.8,FOULED,130,A,MANUAL,213,False,0,0,264
TRK-0590,ENGINEERING_TRACK,KRJ,ALJN,89.24,90.18,UP,60kg 90UTS,1,24.6,92.2,94.1,89.0,88.2,89.67,GOOD,CLEAR,0,41.5,25.9,40.0,SAFE_RANGE,True,154.4,SATURATED,130,A,NONE,303,True,30,0,259
TRK-0591,ENGINEERING_TRACK,ETW,PHD,326.51,327.22,DN,60kg 90UTS,6,184.8,82.8,70.8,66.1,88.1,83.10999999999999,GOOD,CLEAR,0,41.3,27.6,40.0,SAFE_RANGE,True,114.0,SATURATED,160,A,NONE,326,True,30,0,255
TRK-0592,ENGINEERING_TRACK,FZD,ETW,292.11,293.11,UP,60kg 90UTS,10,235.2,74.7,77.4,74.0,56.7,64.1,AVERAGE,CLEAR,0,42.6,25.0,40.0,SAFE_RANGE,True,97.6,GOOD,160,A,MANUAL,111,False,0,0,282
TRK-0593,ENGINEERING_TRACK,GZB,DER,31.83,32.83,UP,60kg 90UTS,17,576.4,34.9,56.7,61.4,26.9,34.92999999999999,POOR,IMR,3,52.0,41.1,40.0,SAFE_RANGE,True,65.8,FOULED,130,A,BCM,321,True,30,1,1
TRK-0594,ENGINEERING_TRACK,TDL,FZD,214.86,216.33,UP,52kg 72UTS,18,525.4,53.3,56.4,45.8,51.2,51.6,AVERAGE,CLEAR,0,41.2,23.3,40.0,SAFE_RANGE,True,43.0,FOULED,160,A,CSM,63,False,0,0,220
TRK-0595,ENGINEERING_TRACK,ETW,PHD,341.56,343.19,UP,60kg 90UTS,25,747.5,69.8,62.5,45.8,47.5,53.29,AVERAGE,OBS,2,43.5,26.3,40.0,SAFE_RANGE,True,90.6,FOULED,160,A,TAMPING,221,False,0,1,22
TRK-0596,ENGINEERING_TRACK,ALJN,TDL,135.19,136.25,DN,60kg 90UTS,16,400.5,59.1,63.9,56.4,61.8,60.92999999999999,AVERAGE,CLEAR,0,53.4,39.6,40.0,SAFE_RANGE,True,95.7,FOULED,160,A,TAMPING,277,False,0,0,253
TRK-0597,ENGINEERING_TRACK,ALJN,TDL,165.8,166.85,UP,60kg 90UTS,7,229.9,49.1,77.0,65.3,70.8,66.53,AVERAGE,CLEAR,0,40.5,29.9,40.0,SAFE_RANGE,True,161.6,FOULED,160,A,TAMPING,152,False,0,0,338
TRK-0598,ENGINEERING_TRACK,GZB,DER,26.2,27.11,UP,60kg 90UTS,16,288.2,58.2,89.1,76.7,48.8,57.5,AVERAGE,CLEAR,0,40.9,23.3,40.0,SAFE_RANGE,True,4.1,GOOD,130,A,MANUAL,218,False,0,0,263
TRK-0599,ENGINEERING_TRACK,PHD,CNB,433.4,434.61,DN,52kg 72UTS,15,446.3,34.6,60.0,47.3,51.6,48.61,POOR,OBS,1,30.1,18.6,40.0,SAFE_RANGE,True,4.0,GOOD,130,A,BCM,123,False,0,1,26
TRK-0600,ENGINEERING_TRACK,PHD,CNB,409.86,410.98,DN,60kg 90UTS,21,586.3,37.3,50.6,55.9,49.7,47.93000000000001,POOR,OBS,3,45.9,30.6,40.0,SAFE_RANGE,True,95.4,GOOD,130,A,BCM,285,False,0,1,12
TRK-0601,ENGINEERING_TRACK,ETW,PHD,326.19,327.54,DN,60kg 90UTS,6,184.7,67.8,82.6,79.4,59.0,65.16,AVERAGE,CLEAR,0,36.9,23.9,40.0,SAFE_RANGE,True,51.9,GOOD,160,A,TAMPING,29,False,0,0,359
TRK-0602,ENGINEERING_TRACK,DER,KRJ,52.89,54.07,UP,60kg 90UTS,20,669.7,56.8,47.9,50.8,28.2,38.15,POOR,CLEAR,0,48.8,36.5,40.0,SAFE_RANGE,True,175.2,FOULED,130,A,BCM,359,True,45,1,18
TRK-0603,ENGINEERING_TRACK,DER,KRJ,47.71,48.27,DN,60kg 90UTS,19,333.1,50.4,55.7,68.4,54.5,55.19,AVERAGE,CLEAR,0,36.3,24.8,40.0,SAFE_RANGE,True,101.2,SATURATED,130,A,MANUAL,22,True,60,0,245
TRK-0604,ENGINEERING_TRACK,TDL,FZD,211.37,212.54,UP,52kg 72UTS,18,378.6,62.6,74.2,59.4,69.5,67.58,AVERAGE,CLEAR,0,55.1,41.9,40.0,MODERATE_HEAT_EXPANSION,True,89.9,GOOD,160,A,TAMPING,79,False,0,0,351
TRK-0605,ENGINEERING_TRACK,ETW,PHD,352.03,352.76,DN,60kg 90UTS,21,611.3,36.9,59.6,59.1,41.8,44.33,POOR,CLEAR,0,42.6,30.3,40.0,SAFE_RANGE,True,169.9,FOULED,160,A,TAMPING,298,True,45,1,20
TRK-0606,ENGINEERING_TRACK,ETW,PHD,319.63,320.3,DN,60kg 90UTS,2,35.6,66.5,88.7,95.4,79.4,79.35,AVERAGE,CLEAR,0,44.8,32.3,40.0,SAFE_RANGE,True,72.3,GOOD,160,A,NONE,117,False,0,0,344
TRK-0607,ENGINEERING_TRACK,ETW,PHD,320.66,321.65,UP,60kg 90UTS,19,485.0,51.6,61.2,55.8,53.9,54.35999999999999,AVERAGE,OBS,3,33.8,23.1,40.0,SAFE_RANGE,True,152.9,SATURATED,160,A,BCM,351,True,30,1,22
TRK-0608,ENGINEERING_TRACK,PHD,CNB,389.34,390.58,UP,60kg 90UTS,22,488.9,67.0,61.5,69.2,49.4,56.10999999999999,AVERAGE,OBS,2,50.0,36.6,40.0,SAFE_RANGE,True,69.5,FOULED,130,A,TAMPING,11,False,0,0,247
TRK-0609,ENGINEERING_TRACK,ALJN,TDL,157.56,158.52,DN,60kg 90UTS,18,301.5,55.0,62.6,73.9,67.9,65.39000000000001,AVERAGE,CLEAR,0,50.5,36.9,40.0,SAFE_RANGE,True,178.7,FOULED,160,A,TAMPING,231,False,0,0,324
TRK-0610,ENGINEERING_TRACK,ALJN,TDL,143.61,145.2,DN,60kg 90UTS,24,790.3,29.6,48.6,51.4,45.1,42.980000000000004,POOR,OBS,2,54.5,39.7,40.0,SAFE_RANGE,True,25.9,FOULED,160,A,CSM,160,True,75,1,16
TRK-0611,ENGINEERING_TRACK,PHD,CNB,437.9,438.5,DN,52kg 72UTS,3,45.4,78.1,82.1,92.4,75.8,78.55,AVERAGE,CLEAR,0,46.8,34.6,40.0,SAFE_RANGE,True,31.5,GOOD,130,A,NONE,241,False,0,0,322
TRK-0612,ENGINEERING_TRACK,DER,KRJ,45.97,47.72,DN,60kg 90UTS,18,446.6,68.3,57.5,70.8,55.5,59.79,AVERAGE,CLEAR,0,51.8,39.4,40.0,SAFE_RANGE,True,105.3,SATURATED,130,A,TAMPING,257,True,75,0,204
TRK-0613,ENGINEERING_TRACK,KRJ,ALJN,84.26,84.76,DN,52kg 72UTS,10,341.2,51.3,80.6,69.2,64.3,63.81999999999999,AVERAGE,CLEAR,0,53.5,39.7,40.0,SAFE_RANGE,True,117.7,SATURATED,130,A,MANUAL,152,True,75,0,222
TRK-0614,ENGINEERING_TRACK,DER,KRJ,59.13,60.66,UP,52kg 72UTS,1,17.4,89.8,81.0,87.9,85.5,86.15,GOOD,CLEAR,0,43.2,25.2,40.0,SAFE_RANGE,True,12.0,GOOD,130,A,NONE,190,False,0,0,331
TRK-0615,ENGINEERING_TRACK,ETW,PHD,332.11,333.91,DN,60kg 90UTS,23,721.4,58.5,58.9,54.5,46.4,50.879999999999995,AVERAGE,IMR,3,45.9,31.3,40.0,SAFE_RANGE,True,152.2,FOULED,160,A,TAMPING,88,True,30,1,11
TRK-0616,ENGINEERING_TRACK,DER,KRJ,51.39,53.21,UP,60kg 90UTS,12,219.2,81.8,66.3,89.7,55.4,65.2,AVERAGE,CLEAR,0,38.5,25.1,40.0,SAFE_RANGE,True,164.2,SATURATED,130,A,TAMPING,187,True,30,0,279
TRK-0617,ENGINEERING_TRACK,ALJN,TDL,153.46,154.92,UP,60kg 90UTS,17,320.9,61.2,48.8,67.6,53.1,55.739999999999995,AVERAGE,CLEAR,0,50.4,34.3,40.0,SAFE_RANGE,True,107.8,GOOD,160,A,TAMPING,90,False,0,0,286
TRK-0618,ENGINEERING_TRACK,PHD,CNB,383.45,384.42,DN,52kg 72UTS,9,258.4,70.9,60.7,67.9,85.9,78.58000000000001,AVERAGE,CLEAR,0,46.7,35.9,40.0,SAFE_RANGE,True,104.4,FOULED,130,A,NONE,78,False,0,0,351
TRK-0619,ENGINEERING_TRACK,NDLS,GZB,3.29,4.21,DN,60kg 90UTS,14,305.3,61.8,69.6,73.4,64.2,65.18,AVERAGE,CLEAR,0,52.5,41.7,40.0,SAFE_RANGE,True,27.8,GOOD,130,A,TAMPING,118,False,0,0,344
TRK-0620,ENGINEERING_TRACK,KRJ,ALJN,120.37,121.71,UP,52kg 72UTS,14,338.9,68.6,82.9,73.3,65.4,68.58,AVERAGE,CLEAR,0,36.6,20.0,40.0,SAFE_RANGE,True,166.2,FOULED,130,A,TAMPING,250,False,0,0,321
TRK-0621,ENGINEERING_TRACK,TDL,FZD,213.99,215.03,DN,52kg 72UTS,20,509.2,45.9,58.2,59.8,61.6,57.94000000000001,AVERAGE,CLEAR,0,54.6,43.2,40.0,SAFE_RANGE,True,54.8,FOULED,160,A,TAMPING,65,False,0,0,290
TRK-0622,ENGINEERING_TRACK,KRJ,ALJN,89.05,90.59,UP,52kg 72UTS,10,175.1,78.6,72.1,74.6,74.6,75.15,AVERAGE,OBS,1,32.0,21.4,40.0,SAFE_RANGE,True,124.3,SATURATED,130,A,NONE,62,True,30,0,249
TRK-0623,ENGINEERING_TRACK,NDLS,GZB,18.59,20.23,UP,60kg 90UTS,7,120.1,88.5,79.4,75.4,71.6,76.13999999999999,AVERAGE,CLEAR,0,52.7,38.6,40.0,SAFE_RANGE,True,10.7,GOOD,130,A,NONE,65,False,0,0,353
TRK-0624,ENGINEERING_TRACK,ALJN,TDL,134.33,135.28,UP,60kg 90UTS,25,423.3,55.3,76.3,60.5,51.5,55.64,AVERAGE,OBS,1,53.5,41.9,40.0,SAFE_RANGE,True,162.2,SATURATED,160,A,TAMPING,99,True,60,1,28
TRK-0625,ENGINEERING_TRACK,NDLS,GZB,2.18,3.95,DN,52kg 72UTS,19,417.2,43.9,61.0,64.9,66.6,61.33,AVERAGE,OBS,2,56.4,40.2,40.0,MODERATE_HEAT_EXPANSION,True,110.3,SATURATED,130,A,TAMPING,263,True,30,1,24
TRK-0626,ENGINEERING_TRACK,GZB,DER,34.02,35.66,UP,60kg 90UTS,23,433.1,46.4,70.4,64.0,44.6,49.480000000000004,POOR,OBS,3,38.5,22.5,40.0,SAFE_RANGE,True,0.8,FOULED,130,A,CSM,55,False,0,1,28
TRK-0627,ENGINEERING_TRACK,KRJ,ALJN,126.26,128.04,DN,60kg 90UTS,12,347.6,60.2,75.4,56.1,88.0,77.99,AVERAGE,CLEAR,0,38.2,22.8,40.0,SAFE_RANGE,True,19.3,GOOD,130,A,NONE,186,False,0,0,332
TRK-0628,ENGINEERING_TRACK,FZD,ETW,257.38,258.65,DN,52kg 72UTS,4,120.9,73.9,87.7,88.4,79.4,80.03,GOOD,OBS,1,39.9,26.2,40.0,SAFE_RANGE,True,93.6,GOOD,160,A,NONE,258,False,0,0,267
TRK-0629,ENGINEERING_TRACK,TDL,FZD,220.28,221.62,UP,60kg 90UTS,3,64.7,63.3,80.2,73.1,87.5,80.49,GOOD,CLEAR,0,33.3,21.0,40.0,SAFE_RANGE,True,108.1,FOULED,160,A,NONE,164,False,0,0,336
TRK-0630,ENGINEERING_TRACK,ETW,PHD,313.42,314.53,DN,52kg 72UTS,7,224.9,71.1,67.5,80.8,41.7,54.07000000000001,AVERAGE,CLEAR,0,57.7,41.3,40.0,MODERATE_HEAT_EXPANSION,True,169.0,FOULED,160,A,CSM,193,False,0,0,268
TRK-0631,ENGINEERING_TRACK,DER,KRJ,37.58,39.09,UP,60kg 90UTS,13,308.9,72.4,49.8,72.3,70.0,68.69000000000001,AVERAGE,CLEAR,0,45.8,35.1,40.0,SAFE_RANGE,True,25.8,GOOD,130,A,TAMPING,210,False,0,0,328
TRK-0632,ENGINEERING_TRACK,GZB,DER,33.16,35.0,UP,60kg 90UTS,3,66.8,91.5,92.8,100.0,100.0,97.58,GOOD,CLEAR,0,34.8,23.2,40.0,SAFE_RANGE,True,151.9,FOULED,130,A,NONE,211,False,0,0,328
TRK-0633,ENGINEERING_TRACK,GZB,DER,27.56,28.7,DN,52kg 72UTS,9,272.7,66.8,82.5,63.1,72.1,71.17999999999999,AVERAGE,CLEAR,0,52.6,37.9,40.0,SAFE_RANGE,True,136.1,SATURATED,130,A,TAMPING,334,True,75,0,254
TRK-0634,ENGINEERING_TRACK,TDL,FZD,216.61,218.01,DN,52kg 72UTS,16,403.7,42.4,76.0,61.6,62.8,59.919999999999995,AVERAGE,CLEAR,0,35.4,21.8,40.0,SAFE_RANGE,True,22.0,GOOD,160,A,TAMPING,255,False,0,0,257
TRK-0635,ENGINEERING_TRACK,ETW,PHD,313.7,315.61,UP,60kg 90UTS,4,119.0,91.6,79.7,68.3,86.6,85.08,GOOD,CLEAR,0,53.6,39.6,40.0,SAFE_RANGE,True,4.8,GOOD,160,A,NONE,96,False,0,0,348
TRK-0636,ENGINEERING_TRACK,FZD,ETW,270.74,271.73,DN,60kg 90UTS,20,549.3,48.6,37.8,59.3,69.5,61.129999999999995,AVERAGE,OBS,1,49.4,35.2,40.0,SAFE_RANGE,True,88.6,FOULED,160,A,TAMPING,243,False,0,1,22
TRK-0637,ENGINEERING_TRACK,KRJ,ALJN,96.8,98.05,DN,52kg 72UTS,18,393.7,60.8,52.1,68.9,68.8,65.53999999999999,AVERAGE,CLEAR,0,54.8,40.4,40.0,SAFE_RANGE,True,171.5,FOULED,130,A,TAMPING,21,False,0,0,361
TRK-0638,ENGINEERING_TRACK,FZD,ETW,291.13,291.81,DN,60kg 90UTS,11,352.6,71.5,62.8,75.5,58.4,63.17,AVERAGE,OBS,1,39.8,29.5,40.0,SAFE_RANGE,True,31.8,GOOD,160,A,TAMPING,342,False,0,1,29
TRK-0639,ENGINEERING_TRACK,ALJN,TDL,199.12,199.87,DN,60kg 90UTS,5,106.2,97.4,84.0,91.3,69.6,78.77000000000001,AVERAGE,CLEAR,0,44.2,28.1,40.0,SAFE_RANGE,True,102.4,GOOD,160,A,NONE,256,False,0,0,320
TRK-0640,ENGINEERING_TRACK,PHD,CNB,413.2,414.56,DN,60kg 90UTS,18,577.6,32.9,40.6,40.1,44.6,41.410000000000004,POOR,CLEAR,0,44.3,31.2,40.0,SAFE_RANGE,True,89.0,GOOD,130,A,TAMPING,198,True,60,1,22
TRK-0641,ENGINEERING_TRACK,ALJN,TDL,155.68,156.22,UP,60kg 90UTS,5,158.7,95.4,62.8,90.0,84.6,85.12,GOOD,CLEAR,0,43.0,27.1,40.0,SAFE_RANGE,True,4.8,GOOD,160,A,NONE,325,False,0,0,308
TRK-0642,ENGINEERING_TRACK,TDL,FZD,215.09,216.23,DN,60kg 90UTS,14,308.4,59.9,70.3,84.1,70.5,69.72,AVERAGE,CLEAR,0,47.2,35.2,40.0,SAFE_RANGE,True,116.7,SATURATED,160,A,TAMPING,308,True,30,0,258
TRK-0643,ENGINEERING_TRACK,GZB,DER,34.56,35.23,UP,60kg 90UTS,1,25.8,68.4,84.3,98.1,68.9,73.26000000000002,AVERAGE,CLEAR,0,34.3,19.0,40.0,SAFE_RANGE,True,76.0,GOOD,130,A,TAMPING,268,False,0,0,318
TRK-0644,ENGINEERING_TRACK,FZD,ETW,245.73,247.27,UP,60kg 90UTS,11,248.1,61.0,65.5,88.7,61.4,64.46,AVERAGE,CLEAR,0,42.7,28.1,40.0,SAFE_RANGE,True,145.5,FOULED,160,A,TAMPING,56,False,0,0,292
TRK-0645,ENGINEERING_TRACK,KRJ,ALJN,98.79,100.04,DN,52kg 72UTS,6,163.8,62.7,68.7,92.7,74.9,73.62,AVERAGE,CLEAR,0,40.9,27.4,40.0,SAFE_RANGE,True,89.5,GOOD,130,A,MANUAL,43,False,0,0,357
TRK-0646,ENGINEERING_TRACK,PHD,CNB,374.55,375.45,DN,60kg 90UTS,19,437.8,44.5,71.6,65.7,52.0,53.83,AVERAGE,CLEAR,0,39.8,23.9,40.0,SAFE_RANGE,True,16.6,FOULED,130,A,CSM,301,False,0,0,249
TRK-0647,ENGINEERING_TRACK,GZB,DER,31.51,32.42,DN,60kg 90UTS,14,268.7,59.5,81.3,69.6,76.2,72.71000000000001,AVERAGE,CLEAR,0,53.9,38.7,40.0,SAFE_RANGE,True,54.3,GOOD,130,A,MANUAL,158,False,0,0,337
TRK-0648,ENGINEERING_TRACK,FZD,ETW,275.1,276.07,DN,60kg 90UTS,13,260.3,78.5,87.6,78.2,83.3,82.25999999999999,GOOD,CLEAR,0,46.8,31.4,40.0,SAFE_RANGE,True,98.6,GOOD,160,A,NONE,14,False,0,0,362
TRK-0649,ENGINEERING_TRACK,PHD,CNB,427.74,429.11,UP,60kg 90UTS,22,753.3,53.6,32.0,56.4,53.6,51.720000000000006,AVERAGE,OBS,4,40.1,25.0,40.0,SAFE_RANGE,True,145.6,SATURATED,130,A,CSM,227,True,30,1,15
TRK-0650,ENGINEERING_TRACK,PHD,CNB,373.45,374.64,UP,60kg 90UTS,5,149.6,55.4,77.7,81.4,62.1,64.25,AVERAGE,CLEAR,0,54.7,37.9,40.0,SAFE_RANGE,True,73.8,GOOD,130,A,TAMPING,37,False,0,0,295
TRK-0651,ENGINEERING_TRACK,KRJ,ALJN,122.76,123.66,DN,60kg 90UTS,21,382.4,63.5,70.9,69.5,56.0,60.339999999999996,AVERAGE,IMR,5,36.0,24.1,40.0,SAFE_RANGE,True,27.0,GOOD,130,A,TAMPING,19,True,45,1,23
TRK-0652,ENGINEERING_TRACK,ALJN,TDL,166.74,168.08,DN,60kg 90UTS,14,391.1,69.3,67.7,82.1,68.4,69.88,AVERAGE,CLEAR,0,30.3,19.0,40.0,SAFE_RANGE,True,24.6,GOOD,160,A,TAMPING,137,False,0,0,341
TRK-0653,ENGINEERING_TRACK,ALJN,TDL,181.72,182.48,UP,60kg 90UTS,24,593.2,38.7,52.7,41.5,39.0,40.56,POOR,OBS,1,36.6,19.4,40.0,SAFE_RANGE,True,56.5,GOOD,160,A,TAMPING,157,True,30,1,16
TRK-0654,ENGINEERING_TRACK,FZD,ETW,292.36,293.87,UP,60kg 90UTS,13,440.2,31.9,80.5,66.7,47.4,49.54,POOR,CLEAR,0,47.9,36.8,40.0,SAFE_RANGE,True,20.1,FOULED,160,A,TAMPING,261,False,0,0,196
TRK-0655,ENGINEERING_TRACK,GZB,DER,30.74,32.48,DN,60kg 90UTS,16,523.1,44.1,50.8,54.0,35.1,40.36,POOR,IMR,2,49.8,33.6,40.0,SAFE_RANGE,True,56.4,FOULED,130,A,TAMPING,304,True,75,1,7
TRK-0656,ENGINEERING_TRACK,KRJ,ALJN,126.97,127.8,UP,60kg 90UTS,6,115.7,80.5,75.3,90.0,64.3,71.21,AVERAGE,CLEAR,0,38.4,25.1,40.0,SAFE_RANGE,True,155.3,SATURATED,130,A,TAMPING,33,True,75,0,306
TRK-0657,ENGINEERING_TRACK,PHD,CNB,387.73,389.65,DN,60kg 90UTS,18,422.6,67.6,70.7,69.2,67.1,67.77,AVERAGE,CLEAR,0,53.5,35.8,40.0,SAFE_RANGE,True,158.3,GOOD,130,A,TAMPING,79,False,0,0,351
TRK-0658,ENGINEERING_TRACK,TDL,FZD,216.6,217.65,DN,52kg 72UTS,1,27.9,81.9,94.7,87.5,80.2,82.72,GOOD,CLEAR,0,51.8,41.5,40.0,SAFE_RANGE,True,133.1,SATURATED,160,A,NONE,32,True,45,0,306
TRK-0659,ENGINEERING_TRACK,ALJN,TDL,173.56,174.52,DN,60kg 90UTS,22,383.7,58.4,57.4,73.8,58.6,59.96,AVERAGE,OBS,2,53.4,40.3,40.0,SAFE_RANGE,True,163.8,FOULED,160,A,TAMPING,206,False,0,0,213
TRK-0660,ENGINEERING_TRACK,ALJN,TDL,154.17,156.07,UP,60kg 90UTS,10,192.1,71.5,78.1,61.3,69.2,69.76,AVERAGE,CLEAR,0,58.4,41.1,40.0,MODERATE_HEAT_EXPANSION,True,113.6,SATURATED,160,A,MANUAL,334,True,75,0,254
TRK-0661,ENGINEERING_TRACK,NDLS,GZB,6.58,7.2,DN,60kg 90UTS,16,475.8,45.7,54.1,59.7,53.8,52.8,AVERAGE,OBS,3,53.7,36.7,40.0,SAFE_RANGE,True,147.6,SATURATED,130,A,TAMPING,87,True,60,1,28
TRK-0662,ENGINEERING_TRACK,PHD,CNB,362.44,363.57,DN,60kg 90UTS,15,433.6,48.1,59.8,72.7,60.9,59.40999999999999,AVERAGE,CLEAR,0,52.9,37.8,40.0,SAFE_RANGE,True,33.1,FOULED,130,A,MANUAL,232,False,0,0,261
TRK-0663,ENGINEERING_TRACK,DER,KRJ,37.14,37.94,DN,52kg 72UTS,11,291.7,68.7,53.7,71.3,77.4,72.68,AVERAGE,CLEAR,0,32.9,20.9,40.0,SAFE_RANGE,True,128.4,SATURATED,130,A,TAMPING,337,True,45,0,253
TRK-0664,ENGINEERING_TRACK,FZD,ETW,284.66,285.64,DN,60kg 90UTS,24,424.1,44.0,64.5,61.3,51.5,52.279999999999994,AVERAGE,CLEAR,0,37.2,22.5,40.0,SAFE_RANGE,True,59.0,FOULED,160,A,TAMPING,149,False,0,0,275
TRK-0665,ENGINEERING_TRACK,KRJ,ALJN,86.97,88.02,DN,60kg 90UTS,13,440.6,56.6,54.2,60.0,65.1,61.8,AVERAGE,CLEAR,0,52.8,41.0,40.0,SAFE_RANGE,True,170.7,SATURATED,130,A,TAMPING,290,True,45,0,198
TRK-0666,ENGINEERING_TRACK,GZB,DER,35.72,36.52,UP,60kg 90UTS,2,46.0,89.4,99.1,99.8,88.0,90.57000000000001,GOOD,CLEAR,0,41.3,29.2,40.0,SAFE_RANGE,True,16.0,GOOD,130,A,NONE,193,False,0,0,331
TRK-0667,ENGINEERING_TRACK,DER,KRJ,79.63,80.31,DN,60kg 90UTS,25,835.0,36.3,46.6,58.1,36.0,39.33,POOR,IMR,4,53.5,39.5,40.0,SAFE_RANGE,True,40.4,FOULED,130,A,TAMPING,109,True,45,1,2
TRK-0668,ENGINEERING_TRACK,ALJN,TDL,153.17,154.41,UP,60kg 90UTS,14,449.8,73.7,71.9,69.4,64.3,67.45,AVERAGE,CLEAR,0,51.6,33.6,40.0,SAFE_RANGE,True,50.9,GOOD,160,A,MANUAL,351,False,0,0,303
TRK-0669,ENGINEERING_TRACK,KRJ,ALJN,102.66,103.77,UP,52kg 72UTS,1,20.8,92.6,73.0,90.4,83.7,85.08000000000001,GOOD,CLEAR,0,39.7,24.8,40.0,SAFE_RANGE,True,163.3,SATURATED,130,A,NONE,194,True,75,0,278
TRK-0670,ENGINEERING_TRACK,GZB,DER,25.11,25.81,DN,60kg 90UTS,23,527.9,41.4,60.1,58.9,33.1,40.040000000000006,POOR,IMR,2,52.2,36.5,40.0,SAFE_RANGE,True,132.5,FOULED,130,A,CSM,136,True,30,1,1
TRK-0671,ENGINEERING_TRACK,GZB,DER,31.13,31.71,UP,60kg 90UTS,16,530.6,58.4,54.4,62.2,39.3,46.919999999999995,POOR,CLEAR,0,61.4,43.9,40.0,HIGH_BUCKLING_RISK,False,174.1,FOULED,130,A,TAMPING,311,False,0,1,19
TRK-0672,ENGINEERING_TRACK,NDLS,GZB,0.13,1.39,DN,60kg 90UTS,10,345.5,53.9,76.9,52.5,49.9,53.65999999999999,AVERAGE,OBS,1,46.6,35.5,40.0,SAFE_RANGE,True,160.6,FOULED,130,A,CSM,26,False,0,0,244
TRK-0673,ENGINEERING_TRACK,DER,KRJ,48.71,49.97,DN,60kg 90UTS,15,264.6,51.5,75.4,72.9,71.3,67.91,AVERAGE,OBS,1,40.5,26.3,40.0,SAFE_RANGE,True,25.5,GOOD,130,A,TAMPING,64,False,0,0,301
TRK-0674,ENGINEERING_TRACK,TDL,FZD,209.71,210.4,DN,60kg 90UTS,24,533.1,49.0,59.1,60.1,52.5,53.220000000000006,AVERAGE,OBS,4,42.4,25.4,40.0,SAFE_RANGE,True,110.3,FOULED,160,A,CSM,140,False,0,1,25
TRK-0675,ENGINEERING_TRACK,PHD,CNB,382.67,384.51,DN,60kg 90UTS,24,837.4,58.6,46.5,45.9,49.4,50.6,AVERAGE,CLEAR,0,49.1,37.9,40.0,SAFE_RANGE,True,153.5,FOULED,130,A,TAMPING,341,False,0,1,27
TRK-0676,ENGINEERING_TRACK,ETW,PHD,303.93,304.65,UP,60kg 90UTS,6,94.3,92.2,69.4,100.0,83.6,85.53999999999999,GOOD,CLEAR,0,40.4,24.8,40.0,SAFE_RANGE,True,78.6,GOOD,160,A,NONE,258,False,0,0,319
TRK-0677,ENGINEERING_TRACK,NDLS,GZB,10.6,12.58,DN,60kg 90UTS,15,372.9,69.9,63.3,78.0,62.4,65.55,AVERAGE,OBS,1,56.9,40.0,40.0,MODERATE_HEAT_EXPANSION,True,22.3,GOOD,130,A,TAMPING,52,False,0,0,303
TRK-0678,ENGINEERING_TRACK,KRJ,ALJN,123.8,124.57,UP,60kg 90UTS,24,604.2,52.4,43.6,56.7,41.0,45.11,POOR,IMR,3,47.9,32.6,40.0,SAFE_RANGE,True,38.2,GOOD,130,A,TAMPING,7,True,45,1,4
TRK-0679,ENGINEERING_TRACK,FZD,ETW,294.11,294.98,DN,60kg 90UTS,22,371.5,42.0,58.5,71.3,65.8,60.85999999999999,AVERAGE,CLEAR,0,38.8,26.5,40.0,SAFE_RANGE,True,176.6,GOOD,160,A,TAMPING,67,False,0,0,290
TRK-0680,ENGINEERING_TRACK,FZD,ETW,253.64,255.53,UP,52kg 72UTS,11,198.8,85.7,83.8,85.4,62.4,71.5,AVERAGE,CLEAR,0,36.7,20.1,40.0,SAFE_RANGE,True,118.7,FOULED,160,A,TAMPING,237,False,0,0,323
TRK-0681,ENGINEERING_TRACK,ALJN,TDL,176.75,177.26,UP,60kg 90UTS,21,576.4,41.2,58.0,47.8,62.8,56.5,AVERAGE,OBS,4,42.3,26.4,40.0,SAFE_RANGE,True,132.2,GOOD,160,A,TAMPING,296,False,0,1,21
TRK-0682,ENGINEERING_TRACK,DER,KRJ,46.51,47.08,DN,52kg 72UTS,11,340.6,70.2,60.7,77.0,49.9,57.75,AVERAGE,OBS,1,51.7,37.3,40.0,SAFE_RANGE,True,108.4,SATURATED,130,A,TAMPING,52,True,75,1,29
TRK-0683,ENGINEERING_TRACK,ALJN,TDL,144.71,146.66,DN,60kg 90UTS,3,46.2,76.0,82.1,93.8,76.9,78.92999999999999,AVERAGE,CLEAR,0,36.5,23.4,40.0,SAFE_RANGE,True,72.4,GOOD,160,A,NONE,336,False,0,0,306
TRK-0684,ENGINEERING_TRACK,DER,KRJ,42.43,43.67,DN,60kg 90UTS,24,747.0,33.2,68.2,50.5,52.3,49.89,POOR,CLEAR,0,41.6,26.1,40.0,SAFE_RANGE,True,23.6,GOOD,130,A,CSM,345,False,0,1,18
TRK-0685,ENGINEERING_TRACK,GZB,DER,34.15,35.42,DN,60kg 90UTS,15,490.6,52.2,64.8,59.9,63.6,61.07000000000001,AVERAGE,OBS,4,39.8,25.0,40.0,SAFE_RANGE,True,16.2,FOULED,130,A,TAMPING,221,False,0,0,210
TRK-0686,ENGINEERING_TRACK,TDL,FZD,218.82,219.97,DN,60kg 90UTS,3,47.4,75.7,87.0,91.6,61.0,69.6,AVERAGE,OBS,1,40.6,26.9,40.0,SAFE_RANGE,True,40.4,GOOD,160,A,TAMPING,356,False,0,0,250
TRK-0687,ENGINEERING_TRACK,DER,KRJ,78.88,80.17,UP,60kg 90UTS,10,243.6,82.5,69.4,83.2,71.2,74.48,AVERAGE,CLEAR,0,36.5,20.1,40.0,SAFE_RANGE,True,54.1,GOOD,130,A,TAMPING,70,False,0,0,352
TRK-0688,ENGINEERING_TRACK,ALJN,TDL,195.8,197.08,DN,60kg 90UTS,19,303.1,53.9,66.3,69.6,69.7,66.19000000000001,AVERAGE,CLEAR,0,30.4,20.0,40.0,SAFE_RANGE,True,19.4,GOOD,160,A,MANUAL,222,False,0,0,326
TRK-0689,ENGINEERING_TRACK,FZD,ETW,232.99,234.48,DN,60kg 90UTS,12,241.2,56.4,72.9,73.8,79.5,73.65,AVERAGE,CLEAR,0,34.1,20.1,40.0,SAFE_RANGE,True,20.5,GOOD,160,A,TAMPING,343,False,0,0,304
TRK-0690,ENGINEERING_TRACK,ETW,PHD,310.88,311.65,DN,60kg 90UTS,2,33.3,83.3,82.8,97.2,55.3,67.83999999999999,AVERAGE,CLEAR,0,53.2,40.8,40.0,SAFE_RANGE,True,105.7,FOULED,160,A,MANUAL,237,False,0,0,323
TRK-0691,ENGINEERING_TRACK,ETW,PHD,335.31,336.21,UP,60kg 90UTS,7,130.9,67.4,87.4,85.2,89.5,84.44000000000001,GOOD,CLEAR,0,52.2,37.4,40.0,SAFE_RANGE,True,156.9,FOULED,160,A,NONE,59,False,0,0,354
TRK-0692,ENGINEERING_TRACK,FZD,ETW,265.54,266.05,UP,60kg 90UTS,1,18.4,80.7,98.8,93.7,80.8,83.86999999999999,GOOD,CLEAR,0,45.9,30.4,40.0,SAFE_RANGE,True,156.4,FOULED,160,A,NONE,313,False,0,0,310
TRK-0693,ENGINEERING_TRACK,ETW,PHD,317.65,319.37,DN,60kg 90UTS,23,654.9,50.2,37.8,38.9,20.0,29.71,POOR,OBS,4,49.6,38.9,40.0,SAFE_RANGE,True,24.3,FOULED,160,A,TAMPING,102,True,30,1,17
TRK-0694,ENGINEERING_TRACK,NDLS,GZB,16.7,17.48,UP,60kg 90UTS,7,172.4,79.9,93.2,68.8,73.6,76.34,AVERAGE,CLEAR,0,33.7,21.8,40.0,SAFE_RANGE,True,151.6,FOULED,130,A,NONE,280,False,0,0,316
TRK-0695,ENGINEERING_TRACK,KRJ,ALJN,87.05,88.7,UP,52kg 72UTS,16,375.0,63.7,62.9,85.8,65.3,66.78999999999999,AVERAGE,CLEAR,0,38.2,21.0,40.0,SAFE_RANGE,True,133.0,GOOD,130,A,TAMPING,232,False,0,0,324
TRK-0696,ENGINEERING_TRACK,ETW,PHD,326.93,328.72,UP,60kg 90UTS,7,146.3,66.1,99.8,75.9,82.6,80.35,GOOD,CLEAR,0,52.7,39.6,40.0,SAFE_RANGE,True,60.1,GOOD,160,A,NONE,57,False,0,0,355
TRK-0697,ENGINEERING_TRACK,FZD,ETW,298.48,300.25,DN,60kg 90UTS,2,49.5,83.7,88.9,91.6,56.3,68.57,AVERAGE,CLEAR,0,45.3,30.6,40.0,SAFE_RANGE,True,110.1,SATURATED,160,A,TAMPING,352,True,75,0,250
TRK-0698,ENGINEERING_TRACK,KRJ,ALJN,116.57,117.86,DN,60kg 90UTS,19,405.0,48.8,64.4,56.3,65.0,60.83,AVERAGE,OBS,1,40.2,25.0,40.0,SAFE_RANGE,True,160.0,SATURATED,130,A,TAMPING,64,True,75,1,29
TRK-0699,ENGINEERING_TRACK,TDL,FZD,216.17,217.32,UP,60kg 90UTS,10,295.2,53.6,61.4,80.0,76.6,70.82,AVERAGE,CLEAR,0,43.7,30.2,40.0,SAFE_RANGE,True,91.4,GOOD,160,A,TAMPING,305,False,0,0,311
TRK-0700,ENGINEERING_TRACK,TDL,FZD,223.75,225.53,DN,60kg 90UTS,5,163.3,59.7,72.8,79.8,77.0,73.4,AVERAGE,CLEAR,0,49.9,36.8,40.0,SAFE_RANGE,True,75.0,GOOD,160,A,TAMPING,349,False,0,0,303
TRK-0701,ENGINEERING_TRACK,TDL,FZD,221.74,223.44,UP,60kg 90UTS,20,382.9,56.5,66.5,71.1,54.1,57.52,AVERAGE,OBS,1,46.3,35.3,40.0,SAFE_RANGE,True,35.9,GOOD,160,A,TAMPING,315,False,0,0,194
TRK-0702,ENGINEERING_TRACK,ETW,PHD,306.55,307.67,DN,60kg 90UTS,10,196.9,61.9,61.1,83.8,78.0,73.67,AVERAGE,CLEAR,0,50.5,32.5,40.0,SAFE_RANGE,True,64.6,GOOD,160,A,MANUAL,138,False,0,0,340
TRK-0703,ENGINEERING_TRACK,TDL,FZD,219.83,220.59,UP,60kg 90UTS,3,65.3,79.7,99.4,90.1,86.9,87.03,GOOD,CLEAR,0,32.8,21.0,40.0,SAFE_RANGE,True,101.2,SATURATED,160,A,NONE,254,True,60,0,268
TRK-0704,ENGINEERING_TRACK,TDL,FZD,221.56,223.21,DN,52kg 72UTS,5,160.3,75.1,77.5,99.8,86.6,84.71,GOOD,CLEAR,0,55.5,40.7,40.0,MODERATE_HEAT_EXPANSION,True,18.7,GOOD,160,A,NONE,30,False,0,0,359
TRK-0705,ENGINEERING_TRACK,ETW,PHD,344.94,346.88,UP,60kg 90UTS,4,122.5,84.1,81.4,90.9,82.6,83.60999999999999,GOOD,CLEAR,0,50.8,33.9,40.0,SAFE_RANGE,True,18.3,GOOD,160,A,NONE,292,False,0,0,313
TRK-0706,ENGINEERING_TRACK,NDLS,GZB,12.18,12.93,UP,60kg 90UTS,7,232.5,68.7,41.6,78.1,64.8,64.59,AVERAGE,CLEAR,0,34.4,22.1,40.0,SAFE_RANGE,True,79.5,GOOD,130,A,MANUAL,264,False,0,0,255
TRK-0707,ENGINEERING_TRACK,ETW,PHD,341.29,341.94,DN,60kg 90UTS,11,345.2,66.1,56.5,70.9,60.7,62.38000000000001,AVERAGE,CLEAR,0,32.8,21.2,40.0,SAFE_RANGE,True,174.5,FOULED,160,A,MANUAL,8,False,0,0,300
TRK-0708,ENGINEERING_TRACK,KRJ,ALJN,122.24,123.45,DN,60kg 90UTS,17,313.2,66.1,61.7,77.9,57.8,61.85999999999999,AVERAGE,CLEAR,0,40.6,24.9,40.0,SAFE_RANGE,True,74.7,GOOD,130,A,MANUAL,327,False,0,0,244
TRK-0709,ENGINEERING_TRACK,KRJ,ALJN,90.13,91.76,DN,60kg 90UTS,8,142.1,91.6,76.1,82.8,65.2,73.33,AVERAGE,CLEAR,0,46.4,29.1,40.0,SAFE_RANGE,True,161.7,GOOD,130,A,TAMPING,269,False,0,0,317
TRK-0710,ENGINEERING_TRACK,TDL,FZD,224.1,225.26,UP,52kg 72UTS,23,715.9,42.6,45.9,50.7,46.9,46.32,POOR,OBS,1,32.7,20.2,40.0,SAFE_RANGE,True,176.8,FOULED,160,A,TAMPING,89,False,0,1,17
TRK-0711,ENGINEERING_TRACK,FZD,ETW,230.55,232.19,UP,60kg 90UTS,19,307.0,51.8,75.2,77.5,68.4,66.67,AVERAGE,CLEAR,0,50.1,34.4,40.0,SAFE_RANGE,True,118.9,SATURATED,160,A,TAMPING,271,True,60,0,265
TRK-0712,ENGINEERING_TRACK,FZD,ETW,255.75,257.27,DN,60kg 90UTS,24,716.5,33.2,47.5,63.2,52.0,48.910000000000004,POOR,CLEAR,0,51.7,41.6,40.0,SAFE_RANGE,True,50.4,FOULED,160,A,TAMPING,275,False,0,1,20
TRK-0713,ENGINEERING_TRACK,DER,KRJ,68.51,69.68,UP,52kg 72UTS,18,494.8,58.5,56.9,42.6,59.2,57.17,AVERAGE,IMR,5,50.6,35.0,40.0,SAFE_RANGE,True,159.8,FOULED,130,A,BCM,337,True,75,1,15
TRK-0714,ENGINEERING_TRACK,KRJ,ALJN,124.41,125.04,DN,60kg 90UTS,13,383.5,62.2,66.6,54.1,49.4,54.15,AVERAGE,CLEAR,0,48.2,37.2,40.0,SAFE_RANGE,True,178.5,SATURATED,130,A,CSM,150,True,45,0,223
TRK-0715,ENGINEERING_TRACK,GZB,DER,30.63,31.6,DN,60kg 90UTS,25,692.8,24.1,48.3,52.9,40.0,38.94,POOR,IMR,1,35.1,18.7,40.0,SAFE_RANGE,True,106.7,FOULED,130,A,CSM,128,True,60,1,1
TRK-0716,ENGINEERING_TRACK,FZD,ETW,299.03,299.7,UP,60kg 90UTS,12,242.3,73.7,53.2,59.5,76.4,71.85,AVERAGE,CLEAR,0,42.2,31.2,40.0,SAFE_RANGE,True,136.2,SATURATED,160,A,TAMPING,68,True,75,0,300
TRK-0717,ENGINEERING_TRACK,ALJN,TDL,175.08,175.59,DN,60kg 90UTS,8,248.9,65.8,56.3,69.6,75.1,70.80999999999999,AVERAGE,CLEAR,0,58.2,43.7,40.0,MODERATE_HEAT_EXPANSION,True,161.0,GOOD,160,A,TAMPING,326,False,0,0,307
TRK-0718,ENGINEERING_TRACK,PHD,CNB,426.25,427.1,DN,60kg 90UTS,10,283.4,73.7,50.9,78.7,58.1,62.56,AVERAGE,CLEAR,0,53.8,39.2,40.0,SAFE_RANGE,True,25.2,GOOD,130,A,MANUAL,198,False,0,0,267
TRK-0719,ENGINEERING_TRACK,PHD,CNB,417.48,418.14,UP,60kg 90UTS,25,555.6,44.5,61.5,50.1,58.7,55.28000000000001,AVERAGE,IMR,1,35.2,21.8,40.0,SAFE_RANGE,True,74.2,GOOD,130,A,CSM,52,True,30,1,12
TRK-0720,ENGINEERING_TRACK,FZD,ETW,291.75,292.96,DN,60kg 90UTS,3,67.2,87.3,81.8,72.4,84.6,83.63999999999999,GOOD,CLEAR,0,46.4,31.7,40.0,SAFE_RANGE,True,93.4,GOOD,160,A,NONE,207,False,0,0,328
TRK-0721,ENGINEERING_TRACK,ALJN,TDL,175.99,177.44,DN,60kg 90UTS,23,773.3,41.2,51.5,55.4,58.9,54.27,AVERAGE,OBS,4,50.3,37.0,40.0,SAFE_RANGE,True,29.3,GOOD,160,A,CSM,263,False,0,1,21
TRK-0722,ENGINEERING_TRACK,DER,KRJ,58.81,60.0,UP,60kg 90UTS,23,442.8,58.0,76.0,62.6,46.2,53.18000000000001,AVERAGE,IMR,4,30.1,18.8,40.0,SAFE_RANGE,True,100.6,SATURATED,130,A,TAMPING,65,True,75,1,14
TRK-0723,ENGINEERING_TRACK,GZB,DER,26.33,27.69,UP,60kg 90UTS,17,307.1,56.4,65.7,74.5,68.4,66.34,AVERAGE,CLEAR,0,45.6,27.7,40.0,SAFE_RANGE,True,54.6,GOOD,130,A,TAMPING,253,False,0,0,320
TRK-0724,ENGINEERING_TRACK,NDLS,GZB,18.99,19.7,DN,60kg 90UTS,2,67.5,85.8,85.2,95.5,100.0,95.22999999999999,GOOD,CLEAR,0,38.2,25.9,40.0,SAFE_RANGE,True,33.0,GOOD,130,A,NONE,255,False,0,0,320
TRK-0725,ENGINEERING_TRACK,NDLS,GZB,2.94,3.96,UP,60kg 90UTS,14,344.7,70.7,75.7,70.9,60.5,65.1,AVERAGE,CLEAR,0,39.7,26.1,40.0,SAFE_RANGE,True,60.8,GOOD,130,A,TAMPING,198,False,0,0,330
TRK-0726,ENGINEERING_TRACK,ETW,PHD,346.9,348.65,UP,60kg 90UTS,25,444.3,41.7,52.8,43.5,51.8,49.05,POOR,IMR,4,53.1,37.8,40.0,SAFE_RANGE,True,26.8,GOOD,160,A,CSM,171,True,30,1,10
TRK-0727,ENGINEERING_TRACK,FZD,ETW,254.66,256.51,DN,60kg 90UTS,18,286.5,60.6,71.4,73.6,78.5,73.72,AVERAGE,CLEAR,0,48.9,35.4,40.0,SAFE_RANGE,True,49.9,GOOD,160,A,TAMPING,50,False,0,0,356
TRK-0728,ENGINEERING_TRACK,DER,KRJ,68.82,70.18,DN,60kg 90UTS,18,502.3,45.4,46.0,50.0,55.2,51.8,AVERAGE,CLEAR,0,45.4,34.7,40.0,SAFE_RANGE,True,171.9,SATURATED,130,A,CSM,282,True,30,0,200
TRK-0729,ENGINEERING_TRACK,PHD,CNB,372.53,373.74,UP,60kg 90UTS,4,112.7,70.7,90.5,91.4,91.9,87.47,GOOD,CLEAR,0,49.5,31.8,40.0,SAFE_RANGE,True,49.5,GOOD,130,A,NONE,110,False,0,0,345
TRK-0730,ENGINEERING_TRACK,KRJ,ALJN,122.0,123.76,DN,52kg 72UTS,3,93.4,70.2,86.8,89.6,74.7,76.5,AVERAGE,CLEAR,0,47.0,33.8,40.0,SAFE_RANGE,True,8.1,GOOD,130,A,NONE,16,False,0,0,362
TRK-0731,ENGINEERING_TRACK,TDL,FZD,215.99,217.11,DN,60kg 90UTS,13,261.9,59.8,87.5,76.5,74.0,72.76,AVERAGE,CLEAR,0,31.8,21.0,40.0,SAFE_RANGE,True,30.3,GOOD,160,A,MANUAL,78,False,0,0,351
TRK-0732,ENGINEERING_TRACK,DER,KRJ,48.5,49.13,DN,60kg 90UTS,14,400.0,48.2,45.8,66.6,51.4,51.71999999999999,AVERAGE,CLEAR,0,37.2,19.5,40.0,SAFE_RANGE,True,32.7,GOOD,130,A,BCM,34,False,0,0,296
TRK-0733,ENGINEERING_TRACK,ALJN,TDL,161.03,162.01,DN,60kg 90UTS,11,221.7,76.9,80.0,73.9,60.3,66.95,AVERAGE,CLEAR,0,59.7,42.5,40.0,MODERATE_HEAT_EXPANSION,True,9.3,GOOD,160,A,TAMPING,127,False,0,0,342
TRK-0734,ENGINEERING_TRACK,KRJ,ALJN,106.17,107.8,DN,60kg 90UTS,4,81.5,70.6,88.9,78.8,77.5,77.39,AVERAGE,CLEAR,0,40.7,26.3,40.0,SAFE_RANGE,True,11.8,GOOD,130,A,NONE,19,False,0,0,361
TRK-0735,ENGINEERING_TRACK,FZD,ETW,272.88,274.75,UP,60kg 90UTS,9,234.7,82.7,54.5,77.2,78.1,76.57000000000001,AVERAGE,CLEAR,0,44.0,33.2,40.0,SAFE_RANGE,True,137.3,FOULED,160,A,NONE,338,False,0,0,305
TRK-0736,ENGINEERING_TRACK,DER,KRJ,50.71,51.82,UP,60kg 90UTS,21,525.2,63.5,67.7,72.7,52.3,58.11999999999999,AVERAGE,IMR,2,45.6,27.7,40.0,SAFE_RANGE,True,140.8,SATURATED,130,A,CSM,280,True,75,1,1
TRK-0737,ENGINEERING_TRACK,PHD,CNB,394.04,394.54,DN,60kg 90UTS,20,415.7,52.8,64.1,55.4,55.5,55.81,AVERAGE,OBS,2,35.5,18.0,40.0,SAFE_RANGE,True,86.8,GOOD,130,A,TAMPING,311,False,0,0,195
TRK-0738,ENGINEERING_TRACK,ALJN,TDL,195.64,196.71,DN,60kg 90UTS,21,404.4,73.4,73.6,62.7,63.1,66.17,AVERAGE,CLEAR,0,52.2,39.9,40.0,SAFE_RANGE,True,29.1,FOULED,160,A,TAMPING,278,False,0,0,316
TRK-0739,ENGINEERING_TRACK,GZB,DER,28.31,29.4,UP,52kg 72UTS,5,147.5,75.2,91.0,89.3,61.7,70.09,AVERAGE,CLEAR,0,61.0,44.0,40.0,HIGH_BUCKLING_RISK,False,38.0,GOOD,130,A,MANUAL,263,False,0,0,318
TRK-0740,ENGINEERING_TRACK,TDL,FZD,223.14,225.06,DN,60kg 90UTS,25,728.9,67.1,62.0,44.9,51.9,55.25,AVERAGE,OBS,3,42.3,24.4,40.0,SAFE_RANGE,True,61.5,FOULED,160,A,TAMPING,240,False,0,1,22
TRK-0741,ENGINEERING_TRACK,TDL,FZD,209.25,210.79,UP,60kg 90UTS,20,490.6,67.6,60.6,54.0,58.4,60.019999999999996,AVERAGE,OBS,1,48.8,35.5,40.0,SAFE_RANGE,True,161.1,SATURATED,160,A,TAMPING,255,True,75,1,24
TRK-0742,ENGINEERING_TRACK,PHD,CNB,363.65,365.47,UP,52kg 72UTS,18,281.1,54.9,68.7,77.8,65.0,64.63,AVERAGE,CLEAR,0,55.0,39.6,40.0,SAFE_RANGE,True,121.0,SATURATED,130,A,MANUAL,185,True,75,0,217
TRK-0743,ENGINEERING_TRACK,TDL,FZD,215.19,216.95,UP,60kg 90UTS,4,97.0,80.8,77.7,92.6,72.3,76.57,AVERAGE,CLEAR,0,55.9,42.3,40.0,MODERATE_HEAT_EXPANSION,True,39.9,GOOD,160,A,NONE,15,False,0,0,362
TRK-0744,ENGINEERING_TRACK,ALJN,TDL,183.4,184.96,UP,60kg 90UTS,3,94.0,73.2,95.1,67.9,69.9,72.88,AVERAGE,CLEAR,0,50.8,34.3,40.0,SAFE_RANGE,True,39.8,GOOD,160,A,TAMPING,257,False,0,0,320
TRK-0745,ENGINEERING_TRACK,TDL,FZD,209.59,210.83,UP,60kg 90UTS,1,18.9,87.6,64.6,79.3,93.5,88.00999999999999,GOOD,CLEAR,0,52.5,39.3,40.0,SAFE_RANGE,True,156.6,SATURATED,160,A,NONE,296,True,75,0,260
TRK-0746,ENGINEERING_TRACK,DER,KRJ,61.83,63.32,UP,60kg 90UTS,3,80.3,98.2,92.6,86.0,77.0,83.7,GOOD,CLEAR,0,48.4,37.4,40.0,SAFE_RANGE,True,168.0,SATURATED,130,A,NONE,121,True,60,0,291
TRK-0747,ENGINEERING_TRACK,KRJ,ALJN,122.84,123.37,DN,60kg 90UTS,22,576.5,45.4,57.2,51.1,45.2,47.03000000000001,POOR,CLEAR,0,47.3,29.8,40.0,SAFE_RANGE,True,115.4,SATURATED,130,A,BCM,337,True,30,1,11
TRK-0748,ENGINEERING_TRACK,TDL,FZD,215.92,217.91,DN,60kg 90UTS,4,114.4,85.5,72.3,79.9,73.5,76.42,AVERAGE,CLEAR,0,43.0,30.1,40.0,SAFE_RANGE,True,136.6,FOULED,160,A,NONE,119,False,0,0,344
TRK-0749,ENGINEERING_TRACK,NDLS,GZB,6.67,7.8,DN,60kg 90UTS,11,166.1,87.4,90.4,77.8,86.7,86.32000000000001,GOOD,CLEAR,0,33.8,23.1,40.0,SAFE_RANGE,True,102.9,FOULED,130,A,NONE,17,False,0,0,362
TRK-0750,ENGINEERING_TRACK,KRJ,ALJN,128.97,130.11,UP,52kg 72UTS,8,151.5,90.9,85.7,81.2,73.0,78.67,AVERAGE,CLEAR,0,37.1,26.6,40.0,SAFE_RANGE,True,112.6,SATURATED,130,A,NONE,19,True,75,0,309
TRK-0751,ENGINEERING_TRACK,FZD,ETW,285.8,287.19,DN,52kg 72UTS,9,179.5,73.5,81.6,84.9,72.8,75.03,AVERAGE,CLEAR,0,48.0,30.3,40.0,SAFE_RANGE,True,149.9,GOOD,160,A,NONE,175,False,0,0,334
TRK-0752,ENGINEERING_TRACK,PHD,CNB,422.12,424.04,DN,60kg 90UTS,25,422.8,55.0,45.2,83.6,44.1,50.339999999999996,AVERAGE,OBS,4,43.8,33.1,40.0,SAFE_RANGE,True,10.9,GOOD,130,A,BCM,22,False,0,0,245
TRK-0753,ENGINEERING_TRACK,FZD,ETW,249.18,250.95,UP,60kg 90UTS,5,81.2,67.2,95.4,91.1,85.7,83.51,GOOD,OBS,1,49.3,38.9,40.0,SAFE_RANGE,True,109.9,SATURATED,160,A,NONE,226,True,30,0,220
TRK-0754,ENGINEERING_TRACK,GZB,DER,32.45,33.79,DN,60kg 90UTS,13,299.4,60.3,69.3,70.5,48.9,55.379999999999995,AVERAGE,CLEAR,0,47.3,34.0,40.0,SAFE_RANGE,True,155.6,SATURATED,130,A,MANUAL,342,True,30,1,29
TRK-0755,ENGINEERING_TRACK,ETW,PHD,322.12,323.81,UP,60kg 90UTS,11,308.2,56.0,69.8,84.1,59.2,62.11,AVERAGE,CLEAR,0,45.8,35.6,40.0,SAFE_RANGE,True,93.1,GOOD,160,A,MANUAL,305,False,0,0,248
TRK-0756,ENGINEERING_TRACK,KRJ,ALJN,88.08,88.6,UP,60kg 90UTS,19,585.0,25.3,50.7,64.8,43.2,42.53000000000001,POOR,OBS,2,52.5,41.5,40.0,SAFE_RANGE,True,91.6,FOULED,130,A,CSM,186,True,75,1,15
TRK-0757,ENGINEERING_TRACK,ETW,PHD,340.85,342.02,UP,52kg 72UTS,5,154.7,62.5,67.0,86.7,75.4,73.11,AVERAGE,CLEAR,0,32.1,19.6,40.0,SAFE_RANGE,True,78.5,GOOD,160,A,TAMPING,338,False,0,0,305
TRK-0758,ENGINEERING_TRACK,TDL,FZD,213.98,215.81,UP,52kg 72UTS,5,122.0,64.2,75.9,67.7,65.0,66.2,AVERAGE,OBS,1,46.0,33.7,40.0,SAFE_RANGE,True,174.6,SATURATED,160,A,TAMPING,270,True,45,0,212
TRK-0759,ENGINEERING_TRACK,NDLS,GZB,5.7,7.43,UP,52kg 72UTS,14,306.3,57.7,68.1,68.6,48.3,54.19,AVERAGE,CLEAR,0,58.5,43.4,40.0,MODERATE_HEAT_EXPANSION,True,36.2,GOOD,130,A,TAMPING,40,False,0,0,295
TRK-0760,ENGINEERING_TRACK,TDL,FZD,212.03,213.24,DN,60kg 90UTS,20,577.0,52.6,35.9,57.9,46.6,47.86,POOR,IMR,5,45.4,32.7,40.0,SAFE_RANGE,True,53.9,FOULED,160,A,TAMPING,173,True,45,1,1
TRK-0761,ENGINEERING_TRACK,GZB,DER,30.0,31.68,UP,60kg 90UTS,16,310.2,54.4,69.7,72.6,53.6,57.27,AVERAGE,CLEAR,0,29.9,18.1,40.0,SAFE_RANGE,True,41.4,GOOD,130,A,TAMPING,324,False,0,0,245
TRK-0762,ENGINEERING_TRACK,KRJ,ALJN,94.23,95.83,DN,60kg 90UTS,24,540.4,49.8,49.5,62.4,48.6,50.31,AVERAGE,OBS,4,40.7,22.8,40.0,SAFE_RANGE,True,65.3,GOOD,130,A,BCM,42,False,0,1,27
TRK-0763,ENGINEERING_TRACK,TDL,FZD,209.48,210.15,DN,60kg 90UTS,15,283.3,72.4,67.3,77.1,54.1,61.38000000000001,AVERAGE,CLEAR,0,49.3,33.2,40.0,SAFE_RANGE,True,7.9,GOOD,160,A,TAMPING,20,False,0,0,298
TRK-0764,ENGINEERING_TRACK,KRJ,ALJN,92.3,93.06,DN,60kg 90UTS,24,443.7,64.3,48.7,58.0,55.6,56.89000000000001,AVERAGE,IMR,5,36.0,24.4,40.0,SAFE_RANGE,True,31.7,FOULED,130,A,TAMPING,139,True,30,1,20
TRK-0765,ENGINEERING_TRACK,NDLS,GZB,19.95,20.66,UP,60kg 90UTS,11,370.9,62.8,65.3,71.6,62.1,63.510000000000005,AVERAGE,CLEAR,0,37.8,25.9,40.0,SAFE_RANGE,True,145.7,GOOD,130,A,TAMPING,343,False,0,0,241
TRK-0766,ENGINEERING_TRACK,DER,KRJ,79.35,81.32,DN,60kg 90UTS,23,375.1,55.2,89.6,67.8,45.7,54.2,AVERAGE,IMR,2,52.0,41.0,40.0,SAFE_RANGE,True,34.1,GOOD,130,A,BCM,277,True,75,1,16
TRK-0767,ENGINEERING_TRACK,TDL,FZD,214.09,215.23,UP,60kg 90UTS,2,60.5,88.5,99.7,80.6,65.2,74.85,AVERAGE,CLEAR,0,50.1,33.3,40.0,SAFE_RANGE,True,53.0,GOOD,160,A,MANUAL,81,False,0,0,350
TRK-0768,ENGINEERING_TRACK,TDL,FZD,212.95,214.39,DN,60kg 90UTS,5,160.2,71.7,77.2,86.2,67.9,71.42,AVERAGE,CLEAR,0,60.3,43.2,40.0,HIGH_BUCKLING_RISK,False,37.7,GOOD,160,A,TAMPING,46,False,0,0,356
TRK-0769,ENGINEERING_TRACK,ETW,PHD,344.5,345.92,UP,60kg 90UTS,17,387.0,65.1,70.2,64.7,60.3,62.68999999999998,AVERAGE,CLEAR,0,56.9,40.9,40.0,MODERATE_HEAT_EXPANSION,True,67.4,GOOD,160,A,MANUAL,270,False,0,0,254
TRK-0770,ENGINEERING_TRACK,ETW,PHD,310.84,312.41,DN,60kg 90UTS,23,784.6,29.2,50.5,58.8,51.3,47.55,POOR,IMR,4,38.2,25.0,40.0,SAFE_RANGE,True,165.8,FOULED,160,A,CSM,303,True,30,1,1
TRK-0771,ENGINEERING_TRACK,KRJ,ALJN,93.32,94.12,UP,60kg 90UTS,13,251.8,62.5,77.4,83.6,64.3,67.17999999999999,AVERAGE,CLEAR,0,42.1,29.1,40.0,SAFE_RANGE,True,28.3,GOOD,130,A,MANUAL,196,False,0,0,330
TRK-0772,ENGINEERING_TRACK,ALJN,TDL,173.39,174.09,UP,52kg 72UTS,10,238.9,77.1,61.1,75.2,79.2,76.57000000000001,AVERAGE,CLEAR,0,41.8,27.1,40.0,SAFE_RANGE,True,83.7,GOOD,160,A,NONE,323,False,0,0,308
TRK-0773,ENGINEERING_TRACK,TDL,FZD,215.82,217.02,DN,60kg 90UTS,12,373.1,59.7,46.8,69.2,51.5,54.44,AVERAGE,CLEAR,0,39.3,26.2,40.0,SAFE_RANGE,True,32.3,GOOD,160,A,CSM,124,False,0,0,280
TRK-0774,ENGINEERING_TRACK,ALJN,TDL,180.69,181.73,UP,60kg 90UTS,10,318.5,66.5,47.1,70.7,63.9,63.42,AVERAGE,CLEAR,0,46.4,31.3,40.0,SAFE_RANGE,True,141.5,SATURATED,160,A,TAMPING,121,True,30,0,228
TRK-0775,ENGINEERING_TRACK,GZB,DER,25.78,26.34,UP,60kg 90UTS,11,208.3,63.5,63.5,80.3,58.7,62.3,AVERAGE,CLEAR,0,39.0,26.6,40.0,SAFE_RANGE,True,146.8,FOULED,130,A,TAMPING,354,False,0,0,240
TRK-0776,ENGINEERING_TRACK,ALJN,TDL,145.68,147.09,UP,60kg 90UTS,25,733.1,32.0,31.5,54.0,44.2,41.470000000000006,POOR,CLEAR,0,44.2,32.1,40.0,SAFE_RANGE,True,138.6,SATURATED,160,A,CSM,149,True,60,1,16
TRK-0777,ENGINEERING_TRACK,FZD,ETW,295.99,297.72,UP,60kg 90UTS,16,449.3,53.0,63.2,72.1,35.0,45.129999999999995,POOR,OBS,1,61.3,43.7,40.0,HIGH_BUCKLING_RISK,False,155.8,SATURATED,160,A,TAMPING,121,True,45,1,19
TRK-0778,ENGINEERING_TRACK,KRJ,ALJN,105.3,106.57,DN,60kg 90UTS,24,750.9,35.8,67.3,49.9,43.6,45.04,POOR,CLEAR,0,37.6,26.9,40.0,SAFE_RANGE,True,152.2,SATURATED,130,A,BCM,224,True,75,1,14
TRK-0779,ENGINEERING_TRACK,KRJ,ALJN,103.62,105.4,UP,60kg 90UTS,12,213.3,81.1,71.1,70.8,80.3,78.58999999999999,AVERAGE,CLEAR,0,53.1,40.7,40.0,SAFE_RANGE,True,132.8,FOULED,130,A,NONE,260,False,0,0,319
TRK-0780,ENGINEERING_TRACK,TDL,FZD,214.44,215.57,DN,52kg 72UTS,25,764.3,55.0,74.4,41.3,56.3,56.35,AVERAGE,IMR,5,40.5,25.8,40.0,SAFE_RANGE,True,102.2,SATURATED,160,A,CSM,21,True,45,1,5
TRK-0781,ENGINEERING_TRACK,DER,KRJ,80.98,82.97,DN,60kg 90UTS,13,248.1,75.7,72.9,81.6,64.7,69.41,AVERAGE,CLEAR,0,42.5,28.2,40.0,SAFE_RANGE,True,33.9,GOOD,130,A,TAMPING,60,False,0,0,354
TRK-0782,ENGINEERING_TRACK,TDL,FZD,218.11,219.29,DN,60kg 90UTS,3,55.3,84.2,79.4,82.7,70.1,75.10999999999999,AVERAGE,CLEAR,0,46.9,35.5,40.0,SAFE_RANGE,True,148.8,SATURATED,160,A,NONE,313,True,75,0,257
TRK-0783,ENGINEERING_TRACK,NDLS,GZB,4.48,5.08,DN,60kg 90UTS,10,191.2,68.2,50.4,89.4,74.3,72.2,AVERAGE,CLEAR,0,39.8,25.6,40.0,SAFE_RANGE,True,81.8,GOOD,130,A,MANUAL,193,False,0,0,331
TRK-0784,ENGINEERING_TRACK,PHD,CNB,357.91,358.9,DN,60kg 90UTS,13,235.8,87.4,78.1,67.8,66.9,72.21000000000001,AVERAGE,CLEAR,0,35.2,20.9,40.0,SAFE_RANGE,True,86.1,GOOD,130,A,TAMPING,40,False,0,0,358
TRK-0785,ENGINEERING_TRACK,FZD,ETW,296.68,298.48,UP,60kg 90UTS,7,148.4,81.9,75.9,75.0,77.3,77.85,AVERAGE,CLEAR,0,54.6,39.3,40.0,SAFE_RANGE,True,28.6,GOOD,160,A,NONE,299,False,0,0,312
TRK-0786,ENGINEERING_TRACK,ALJN,TDL,176.24,177.49,DN,60kg 90UTS,9,171.3,73.3,91.7,77.6,79.1,79.05,AVERAGE,CLEAR,0,57.4,43.8,40.0,MODERATE_HEAT_EXPANSION,True,148.4,SATURATED,160,A,NONE,314,True,45,0,257
TRK-0787,ENGINEERING_TRACK,PHD,CNB,383.97,385.32,DN,52kg 72UTS,15,363.8,68.9,69.2,61.1,55.1,59.870000000000005,AVERAGE,CLEAR,0,29.7,19.0,40.0,SAFE_RANGE,True,116.3,FOULED,130,A,TAMPING,238,False,0,0,260
TRK-0788,ENGINEERING_TRACK,TDL,FZD,220.21,221.78,DN,60kg 90UTS,13,354.4,57.2,58.2,56.3,81.4,71.73,AVERAGE,CLEAR,0,50.5,39.1,40.0,SAFE_RANGE,True,44.8,GOOD,160,A,MANUAL,321,False,0,0,308
TRK-0789,ENGINEERING_TRACK,FZD,ETW,259.88,261.75,UP,52kg 72UTS,23,606.6,37.3,61.7,49.7,48.6,47.760000000000005,POOR,CLEAR,0,45.8,28.2,40.0,SAFE_RANGE,True,43.1,GOOD,160,A,TAMPING,85,False,0,1,25
TRK-0790,ENGINEERING_TRACK,ALJN,TDL,198.96,200.27,UP,60kg 90UTS,23,679.2,48.6,59.7,57.9,27.9,38.22,POOR,OBS,2,54.9,41.6,40.0,SAFE_RANGE,True,137.1,SATURATED,160,A,CSM,67,True,60,1,10
TRK-0791,ENGINEERING_TRACK,GZB,DER,33.31,34.57,DN,52kg 72UTS,14,336.3,73.7,55.8,75.3,41.7,52.870000000000005,AVERAGE,CLEAR,0,38.6,24.6,40.0,SAFE_RANGE,True,83.2,GOOD,130,A,TAMPING,42,False,0,0,294
TRK-0792,ENGINEERING_TRACK,ETW,PHD,321.96,323.58,UP,60kg 90UTS,13,204.8,81.6,81.0,91.0,75.8,79.0,AVERAGE,CLEAR,0,40.2,24.5,40.0,SAFE_RANGE,True,24.6,GOOD,160,A,NONE,348,False,0,0,304
TRK-0793,ENGINEERING_TRACK,ETW,PHD,327.66,328.26,UP,60kg 90UTS,23,782.0,38.9,59.1,67.6,48.6,49.61,POOR,OBS,2,42.4,30.2,40.0,SAFE_RANGE,True,29.0,GOOD,160,A,BCM,14,False,0,1,19
TRK-0794,ENGINEERING_TRACK,GZB,DER,26.95,27.64,DN,60kg 90UTS,6,99.3,79.2,89.3,89.8,81.8,82.83,GOOD,CLEAR,0,53.3,37.9,40.0,SAFE_RANGE,True,27.6,GOOD,130,A,NONE,188,False,0,0,332
TRK-0795,ENGINEERING_TRACK,DER,KRJ,46.75,47.3,UP,60kg 90UTS,15,434.0,64.6,66.0,62.6,66.4,65.62,AVERAGE,CLEAR,0,56.2,39.7,40.0,MODERATE_HEAT_EXPANSION,True,115.4,FOULED,130,A,TAMPING,342,False,0,0,305
TRK-0796,ENGINEERING_TRACK,GZB,DER,29.3,30.26,UP,60kg 90UTS,20,301.9,62.1,81.2,65.9,66.8,67.21,AVERAGE,OBS,4,55.3,37.9,40.0,MODERATE_HEAT_EXPANSION,True,67.4,GOOD,130,A,TAMPING,127,False,0,0,290
TRK-0797,ENGINEERING_TRACK,KRJ,ALJN,87.3,88.43,UP,52kg 72UTS,11,345.5,60.2,79.8,62.0,57.3,60.6,AVERAGE,CLEAR,0,46.2,35.7,40.0,SAFE_RANGE,True,172.6,SATURATED,130,A,TAMPING,54,True,45,0,240
TRK-0798,ENGINEERING_TRACK,DER,KRJ,38.98,40.25,DN,60kg 90UTS,11,288.7,67.5,60.1,72.6,77.1,73.03,AVERAGE,OBS,1,34.6,22.9,40.0,SAFE_RANGE,True,97.5,GOOD,130,A,TAMPING,224,False,0,0,273
TRK-0799,ENGINEERING_TRACK,GZB,DER,27.56,28.22,DN,60kg 90UTS,6,91.8,83.6,64.7,80.3,77.0,77.42,AVERAGE,CLEAR,0,45.1,35.0,40.0,SAFE_RANGE,True,38.3,GOOD,130,A,NONE,117,False,0,0,344
TRK-0800,ENGINEERING_TRACK,GZB,DER,32.24,33.16,DN,60kg 90UTS,2,32.7,85.4,97.9,81.9,78.7,82.28,GOOD,CLEAR,0,36.1,23.7,40.0,SAFE_RANGE,True,107.8,FOULED,130,A,NONE,57,False,0,0,355
TRK-0801,ENGINEERING_TRACK,PHD,CNB,421.88,423.76,UP,60kg 90UTS,9,307.6,68.8,65.5,66.1,61.2,63.64000000000001,AVERAGE,CLEAR,0,51.5,33.6,40.0,SAFE_RANGE,True,125.3,SATURATED,130,A,TAMPING,352,True,45,1,29
TRK-0802,ENGINEERING_TRACK,TDL,FZD,211.81,213.45,DN,60kg 90UTS,22,542.1,58.9,44.7,60.5,47.8,50.98,AVERAGE,CLEAR,0,41.6,26.7,40.0,SAFE_RANGE,True,105.3,FOULED,160,A,BCM,200,False,0,0,197
TRK-0803,ENGINEERING_TRACK,PHD,CNB,409.53,410.38,UP,60kg 90UTS,8,123.4,88.1,71.1,86.1,80.9,81.88,GOOD,CLEAR,0,48.7,37.7,40.0,SAFE_RANGE,True,42.6,GOOD,130,A,NONE,224,False,0,0,325
TRK-0804,ENGINEERING_TRACK,KRJ,ALJN,112.13,112.72,DN,60kg 90UTS,16,334.9,54.4,50.7,67.7,43.0,48.519999999999996,POOR,CLEAR,0,33.5,21.9,40.0,SAFE_RANGE,True,6.8,GOOD,130,A,TAMPING,311,False,0,1,29
TRK-0805,ENGINEERING_TRACK,ETW,PHD,341.66,342.65,DN,60kg 90UTS,11,306.6,65.2,59.3,70.6,49.6,55.79,AVERAGE,CLEAR,0,52.0,37.8,40.0,SAFE_RANGE,True,176.0,SATURATED,160,A,MANUAL,336,True,60,0,190
TRK-0806,ENGINEERING_TRACK,NDLS,GZB,5.5,7.1,DN,60kg 90UTS,8,152.9,62.4,67.1,72.3,74.6,71.17999999999999,AVERAGE,CLEAR,0,36.7,19.4,40.0,SAFE_RANGE,True,177.9,SATURATED,130,A,MANUAL,356,True,45,0,250
TRK-0807,ENGINEERING_TRACK,FZD,ETW,264.59,265.37,UP,60kg 90UTS,3,97.2,100.0,59.3,89.2,73.6,79.00999999999999,AVERAGE,CLEAR,0,31.3,19.8,40.0,SAFE_RANGE,True,114.2,FOULED,160,A,NONE,77,False,0,0,351
TRK-0808,ENGINEERING_TRACK,KRJ,ALJN,88.9,89.66,UP,60kg 90UTS,8,201.2,78.5,73.7,78.5,63.1,68.78,AVERAGE,OBS,1,42.8,29.1,40.0,SAFE_RANGE,True,29.5,GOOD,130,A,MANUAL,106,False,0,0,293
TRK-0809,ENGINEERING_TRACK,KRJ,ALJN,102.93,104.34,DN,60kg 90UTS,10,265.3,80.8,56.1,63.9,45.6,55.52,AVERAGE,CLEAR,0,54.8,43.2,40.0,SAFE_RANGE,True,155.2,GOOD,130,A,TAMPING,251,False,0,0,258
TRK-0810,ENGINEERING_TRACK,GZB,DER,35.46,36.5,DN,52kg 72UTS,6,146.5,76.3,80.2,70.2,83.8,80.58,GOOD,OBS,1,43.9,29.0,40.0,SAFE_RANGE,True,78.0,GOOD,130,A,NONE,84,False,0,0,297
TRK-0811,ENGINEERING_TRACK,ETW,PHD,302.09,303.16,UP,60kg 90UTS,25,828.2,26.1,53.1,45.5,40.0,39.08,POOR,OBS,3,44.7,33.5,40.0,SAFE_RANGE,True,130.8,SATURATED,160,A,BCM,136,True,75,1,9
TRK-0812,ENGINEERING_TRACK,ETW,PHD,317.82,318.74,DN,60kg 90UTS,3,65.0,65.4,95.4,84.6,92.6,86.63999999999999,GOOD,CLEAR,0,48.2,36.6,40.0,SAFE_RANGE,True,164.9,FOULED,160,A,NONE,7,False,0,0,363
TRK-0813,ENGINEERING_TRACK,NDLS,GZB,20.68,22.28,DN,60kg 90UTS,16,369.5,69.1,56.9,63.4,49.7,55.67,AVERAGE,CLEAR,0,42.0,28.8,40.0,SAFE_RANGE,True,133.6,SATURATED,130,A,MANUAL,201,True,75,0,214
TRK-0814,ENGINEERING_TRACK,ALJN,TDL,180.36,181.74,DN,60kg 90UTS,2,69.7,70.6,79.6,61.4,88.9,81.56000000000002,GOOD,OBS,1,38.7,21.2,40.0,SAFE_RANGE,True,29.2,GOOD,160,A,NONE,228,False,0,0,272
TRK-0815,ENGINEERING_TRACK,ALJN,TDL,190.39,192.02,DN,52kg 72UTS,17,496.1,50.2,32.5,49.4,47.1,46.49,POOR,CLEAR,0,47.4,34.5,40.0,SAFE_RANGE,True,10.4,GOOD,160,A,TAMPING,202,False,0,0,207
TRK-0816,ENGINEERING_TRACK,FZD,ETW,280.44,281.3,UP,60kg 90UTS,12,331.4,67.1,70.6,49.8,57.5,59.959999999999994,AVERAGE,OBS,1,51.2,35.6,40.0,SAFE_RANGE,True,116.2,FOULED,160,A,TAMPING,138,False,0,0,225
TRK-0817,ENGINEERING_TRACK,ETW,PHD,352.93,353.65,UP,60kg 90UTS,20,531.3,45.4,43.1,60.7,56.5,53.36,AVERAGE,OBS,2,34.5,18.3,40.0,SAFE_RANGE,True,116.0,SATURATED,160,A,CSM,201,True,75,1,15
TRK-0818,ENGINEERING_TRACK,GZB,DER,30.7,31.48,DN,60kg 90UTS,6,189.6,92.4,87.4,78.1,67.9,75.77000000000001,AVERAGE,CLEAR,0,37.0,24.6,40.0,SAFE_RANGE,True,174.2,SATURATED,130,A,NONE,342,True,75,0,252
TRK-0819,ENGINEERING_TRACK,ALJN,TDL,187.51,189.14,UP,60kg 90UTS,4,110.9,71.3,78.2,75.2,76.2,75.32000000000001,AVERAGE,OBS,1,51.0,38.2,40.0,SAFE_RANGE,True,25.7,GOOD,160,A,NONE,112,False,0,0,292
TRK-0820,ENGINEERING_TRACK,FZD,ETW,277.73,278.24,UP,60kg 90UTS,16,240.5,79.9,65.3,60.2,69.0,69.92999999999999,AVERAGE,CLEAR,0,35.4,19.8,40.0,SAFE_RANGE,True,94.5,GOOD,160,A,MANUAL,340,False,0,0,305
TRK-0821,ENGINEERING_TRACK,ALJN,TDL,187.44,188.2,DN,60kg 90UTS,6,174.5,74.2,71.1,75.6,77.6,76.07000000000001,AVERAGE,CLEAR,0,34.6,23.1,40.0,SAFE_RANGE,True,170.7,SATURATED,160,A,NONE,235,True,45,0,271
TRK-0822,ENGINEERING_TRACK,DER,KRJ,46.04,47.66,UP,60kg 90UTS,9,311.9,62.5,84.6,70.3,64.0,66.39,AVERAGE,CLEAR,0,54.2,40.7,40.0,SAFE_RANGE,True,164.3,FOULED,130,A,TAMPING,60,False,0,0,354
TRK-0823,ENGINEERING_TRACK,DER,KRJ,40.59,41.22,UP,60kg 90UTS,9,146.6,76.1,79.1,62.4,83.2,79.29,AVERAGE,OBS,1,30.7,18.8,40.0,SAFE_RANGE,True,87.3,GOOD,130,A,NONE,56,False,0,0,302
TRK-0824,ENGINEERING_TRACK,NDLS,GZB,1.47,3.1,UP,60kg 90UTS,22,586.3,38.8,47.0,52.5,55.2,50.830000000000005,AVERAGE,OBS,1,34.7,20.5,40.0,SAFE_RANGE,True,1.3,FOULED,130,A,CSM,313,False,0,1,20
TRK-0825,ENGINEERING_TRACK,PHD,CNB,437.93,439.57,DN,60kg 90UTS,16,482.2,51.6,50.9,44.3,68.2,60.760000000000005,AVERAGE,OBS,5,42.2,29.2,40.0,SAFE_RANGE,True,160.2,SATURATED,130,A,MANUAL,166,True,45,1,26
TRK-0826,ENGINEERING_TRACK,TDL,FZD,219.64,220.71,UP,60kg 90UTS,12,389.5,60.7,49.5,63.4,67.2,63.75,AVERAGE,CLEAR,0,49.0,39.0,40.0,SAFE_RANGE,True,156.7,FOULED,160,A,TAMPING,210,False,0,0,265
TRK-0827,ENGINEERING_TRACK,DER,KRJ,38.16,38.84,DN,60kg 90UTS,23,690.7,42.7,48.6,56.1,51.3,49.79,POOR,OBS,2,42.5,27.6,40.0,SAFE_RANGE,True,118.6,SATURATED,130,A,CSM,248,True,75,1,6
TRK-0828,ENGINEERING_TRACK,KRJ,ALJN,83.15,84.61,DN,60kg 90UTS,1,27.7,88.2,92.5,78.5,69.0,76.14,AVERAGE,CLEAR,0,58.5,40.7,40.0,MODERATE_HEAT_EXPANSION,True,132.4,GOOD,130,A,NONE,352,False,0,0,303
TRK-0829,ENGINEERING_TRACK,ETW,PHD,313.85,315.08,UP,60kg 90UTS,12,282.7,59.5,62.3,68.5,74.8,69.85999999999999,AVERAGE,CLEAR,0,59.6,42.2,40.0,MODERATE_HEAT_EXPANSION,True,177.6,SATURATED,160,A,MANUAL,56,True,75,0,302
TRK-0830,ENGINEERING_TRACK,ALJN,TDL,177.75,179.32,UP,60kg 90UTS,5,124.8,74.5,73.6,85.4,93.4,86.84,GOOD,CLEAR,0,37.0,20.3,40.0,SAFE_RANGE,True,179.3,SATURATED,160,A,NONE,244,True,45,0,269
TRK-0831,ENGINEERING_TRACK,ETW,PHD,353.53,354.75,UP,60kg 90UTS,8,153.9,73.1,100.0,72.6,71.7,74.9,AVERAGE,CLEAR,0,52.9,37.6,40.0,SAFE_RANGE,True,16.1,GOOD,160,A,TAMPING,227,False,0,0,325
TRK-0832,ENGINEERING_TRACK,NDLS,GZB,3.85,5.74,DN,60kg 90UTS,25,515.2,37.3,76.7,55.9,57.2,55.040000000000006,AVERAGE,OBS,3,52.9,35.3,40.0,SAFE_RANGE,True,120.7,SATURATED,130,A,TAMPING,345,True,45,1,22
TRK-0833,ENGINEERING_TRACK,PHD,CNB,408.95,410.19,DN,60kg 90UTS,8,269.1,83.5,59.1,85.9,59.8,67.08,AVERAGE,CLEAR,0,52.7,37.9,40.0,SAFE_RANGE,True,115.9,FOULED,130,A,TAMPING,198,False,0,0,330
TRK-0834,ENGINEERING_TRACK,FZD,ETW,274.39,276.07,DN,52kg 72UTS,8,155.8,82.3,78.6,66.2,43.9,57.279999999999994,AVERAGE,CLEAR,0,31.7,21.0,40.0,SAFE_RANGE,True,16.0,GOOD,160,A,MANUAL,308,False,0,0,248
TRK-0835,ENGINEERING_TRACK,KRJ,ALJN,118.0,118.67,DN,60kg 90UTS,5,160.3,74.6,84.7,89.4,81.7,81.35,GOOD,CLEAR,0,57.4,42.8,40.0,MODERATE_HEAT_EXPANSION,True,0.3,GOOD,130,A,NONE,36,False,0,0,358
TRK-0836,ENGINEERING_TRACK,PHD,CNB,372.57,373.65,DN,60kg 90UTS,11,334.7,62.7,61.5,67.7,58.8,60.739999999999995,AVERAGE,CLEAR,0,56.2,38.7,40.0,MODERATE_HEAT_EXPANSION,True,22.7,GOOD,130,A,TAMPING,344,False,0,0,241
TRK-0837,ENGINEERING_TRACK,KRJ,ALJN,88.01,88.52,DN,60kg 90UTS,11,196.8,71.9,67.5,80.9,59.5,64.92,AVERAGE,CLEAR,0,59.2,42.5,40.0,MODERATE_HEAT_EXPANSION,True,90.0,GOOD,130,A,TAMPING,238,False,0,0,260
TRK-0838,ENGINEERING_TRACK,DER,KRJ,64.07,64.79,UP,60kg 90UTS,20,428.1,68.1,53.6,59.9,28.6,42.13,POOR,OBS,5,54.7,43.7,40.0,SAFE_RANGE,True,179.4,GOOD,130,A,TAMPING,298,True,75,1,22
TRK-0839,ENGINEERING_TRACK,KRJ,ALJN,106.27,107.83,DN,60kg 90UTS,2,69.2,74.9,81.1,79.9,85.0,82.08,GOOD,CLEAR,0,43.3,26.7,40.0,SAFE_RANGE,True,37.9,GOOD,130,A,NONE,120,False,0,0,344
TRK-0840,ENGINEERING_TRACK,NDLS,GZB,22.16,23.82,DN,60kg 90UTS,24,548.1,52.6,50.5,58.9,52.2,52.78000000000001,AVERAGE,CLEAR,0,58.9,43.6,40.0,MODERATE_HEAT_EXPANSION,True,152.7,GOOD,130,A,CSM,16,False,0,0,229
TRK-0841,ENGINEERING_TRACK,PHD,CNB,389.17,390.3,DN,60kg 90UTS,12,361.9,58.7,74.8,72.2,62.9,64.17999999999999,AVERAGE,CLEAR,0,42.4,28.2,40.0,SAFE_RANGE,True,50.9,GOOD,130,A,TAMPING,104,False,0,0,283
TRK-0842,ENGINEERING_TRACK,PHD,CNB,389.29,389.99,UP,60kg 90UTS,23,484.9,54.5,53.1,68.6,53.6,55.23,AVERAGE,CLEAR,0,49.6,35.0,40.0,SAFE_RANGE,True,79.5,FOULED,130,A,MANUAL,252,False,0,0,257
TRK-0843,ENGINEERING_TRACK,ALJN,TDL,200.09,200.9,UP,60kg 90UTS,24,672.6,37.2,49.7,47.5,32.2,36.480000000000004,POOR,IMR,3,51.5,36.9,40.0,SAFE_RANGE,True,122.1,FOULED,160,A,BCM,80,True,75,1,3
TRK-0844,ENGINEERING_TRACK,FZD,ETW,276.28,277.03,UP,60kg 90UTS,4,88.4,78.6,69.9,89.7,83.8,81.96,GOOD,CLEAR,0,47.9,30.3,40.0,SAFE_RANGE,True,21.1,GOOD,160,A,NONE,268,False,0,0,318
TRK-0845,ENGINEERING_TRACK,TDL,FZD,218.49,220.44,DN,60kg 90UTS,8,125.4,80.2,75.4,84.3,76.1,77.67,AVERAGE,CLEAR,0,38.2,24.3,40.0,SAFE_RANGE,True,123.8,SATURATED,160,A,NONE,93,True,75,0,296
TRK-0846,ENGINEERING_TRACK,GZB,DER,33.56,35.36,DN,60kg 90UTS,9,248.8,89.3,62.2,72.8,70.9,73.9,AVERAGE,OBS,1,39.7,29.6,40.0,SAFE_RANGE,True,21.0,GOOD,130,A,MANUAL,67,False,0,0,300
TRK-0847,ENGINEERING_TRACK,ETW,PHD,336.28,338.14,UP,60kg 90UTS,1,26.7,84.0,99.5,73.0,80.2,82.17,GOOD,CLEAR,0,57.5,43.7,40.0,MODERATE_HEAT_EXPANSION,True,124.9,SATURATED,160,A,NONE,53,True,45,0,303
TRK-0848,ENGINEERING_TRACK,FZD,ETW,261.83,263.3,DN,60kg 90UTS,10,264.3,81.9,80.6,73.2,68.3,72.74,AVERAGE,CLEAR,0,31.1,20.6,40.0,SAFE_RANGE,True,163.6,FOULED,160,A,TAMPING,280,False,0,0,316
TRK-0849,ENGINEERING_TRACK,DER,KRJ,55.24,56.79,DN,60kg 90UTS,18,564.3,57.5,51.8,68.1,39.8,47.37,POOR,CLEAR,0,52.6,38.4,40.0,SAFE_RANGE,True,11.5,FOULED,130,A,TAMPING,304,False,0,1,19
TRK-0850,ENGINEERING_TRACK,PHD,CNB,415.53,417.22,UP,60kg 90UTS,25,751.5,45.1,35.2,51.1,29.6,35.410000000000004,POOR,IMR,1,37.5,22.7,40.0,SAFE_RANGE,True,32.4,FOULED,130,A,CSM,289,True,75,1,1
